graph_id,src_id,dst_id,label,train_mask,val_mask,test_mask
0,1533,345,0,True,False,False
0,345,1533,0,True,False,False
0,67,345,0,True,False,False
0,345,67,0,True,False,False
0,1516,345,0,True,False,False
0,345,1516,0,True,False,False
0,59,398,0,True,False,False
0,398,59,0,True,False,False
0,683,398,0,True,False,False
0,398,683,0,True,False,False
0,1496,398,0,True,False,False
0,398,1496,0,True,False,False
0,1207,398,0,True,False,False
0,398,1207,0,True,False,False
0,283,10,0,True,False,False
0,10,283,0,True,False,False
0,724,10,0,True,False,False
0,10,724,0,True,False,False
0,144,10,0,True,False,False
0,10,144,0,True,False,False
0,91,10,0,True,False,False
0,10,91,0,True,False,False
0,952,10,0,True,False,False
0,10,952,0,True,False,False
0,1548,1342,0,True,False,False
0,1342,1548,0,True,False,False
0,1533,1342,0,True,False,False
0,1342,1533,0,True,False,False
0,681,1342,0,True,False,False
0,1342,681,0,True,False,False
0,1516,1342,0,True,False,False
0,1342,1516,0,True,False,False
0,1548,601,0,True,False,False
0,601,1548,0,True,False,False
0,326,601,0,True,False,False
0,601,326,0,True,False,False
0,1506,601,0,True,False,False
0,601,1506,0,True,False,False
0,1516,601,0,True,False,False
0,601,1516,0,True,False,False
0,1009,1228,0,True,False,False
0,1228,1009,0,True,False,False
0,90,1228,0,True,False,False
0,1228,90,0,True,False,False
0,1049,1228,0,True,False,False
0,1228,1049,0,True,False,False
0,338,1228,0,True,False,False
0,1228,338,0,True,False,False
0,594,1158,0,True,False,False
0,1158,594,0,True,False,False
0,165,1158,0,True,False,False
0,1158,165,0,True,False,False
0,932,1158,0,True,False,False
0,1158,932,0,True,False,False
0,1117,1158,0,True,False,False
0,1158,1117,0,True,False,False
0,69,1244,0,True,False,False
0,1244,69,0,True,False,False
0,88,1244,0,True,False,False
0,1244,88,0,True,False,False
0,1352,1244,0,True,False,False
0,1244,1352,0,True,False,False
0,949,1244,0,True,False,False
0,1244,949,0,True,False,False
0,1050,1469,0,True,False,False
0,1469,1050,0,True,False,False
0,831,1469,0,True,False,False
0,1469,831,0,True,False,False
0,1250,1469,0,True,False,False
0,1469,1250,0,True,False,False
0,505,1469,0,True,False,False
0,1469,505,0,True,False,False
0,1021,524,0,True,False,False
0,524,1021,0,True,False,False
0,209,524,0,True,False,False
0,524,209,0,True,False,False
0,1579,524,0,True,False,False
0,524,1579,0,True,False,False
0,363,524,0,True,False,False
0,524,363,0,True,False,False
0,1433,242,0,True,False,False
0,242,1433,0,True,False,False
0,59,242,0,True,False,False
0,242,59,0,True,False,False
0,89,242,0,True,False,False
0,242,89,0,True,False,False
0,1496,242,0,True,False,False
0,242,1496,0,True,False,False
0,287,1038,0,True,False,False
0,1038,287,0,True,False,False
0,365,1038,0,True,False,False
0,1038,365,0,True,False,False
0,619,1038,0,True,False,False
0,1038,619,0,True,False,False
0,721,1038,0,True,False,False
0,1038,721,0,True,False,False
0,1383,501,0,True,False,False
0,501,1383,0,True,False,False
0,619,501,0,True,False,False
0,501,619,0,True,False,False
0,1305,501,0,True,False,False
0,501,1305,0,True,False,False
0,259,501,0,True,False,False
0,501,259,0,True,False,False
0,1585,758,0,True,False,False
0,758,1585,0,True,False,False
0,1211,758,0,True,False,False
0,758,1211,0,True,False,False
0,660,758,0,True,False,False
0,758,660,0,True,False,False
0,1013,758,0,True,False,False
0,758,1013,0,True,False,False
0,1262,186,0,True,False,False
0,186,1262,0,True,False,False
0,287,186,0,True,False,False
0,186,287,0,True,False,False
0,619,186,0,True,False,False
0,186,619,0,True,False,False
0,1305,186,0,True,False,False
0,186,1305,0,True,False,False
0,1170,422,0,True,False,False
0,422,1170,0,True,False,False
0,1250,422,0,True,False,False
0,422,1250,0,True,False,False
0,1499,422,0,True,False,False
0,422,1499,0,True,False,False
0,505,422,0,True,False,False
0,422,505,0,True,False,False
0,574,200,0,True,False,False
0,200,574,0,True,False,False
0,594,200,0,True,False,False
0,200,594,0,True,False,False
0,911,200,0,True,False,False
0,200,911,0,True,False,False
0,932,200,0,True,False,False
0,200,932,0,True,False,False
0,1489,1390,0,True,False,False
0,1390,1489,0,True,False,False
0,28,1390,0,True,False,False
0,1390,28,0,True,False,False
0,1193,1390,0,True,False,False
0,1390,1193,0,True,False,False
0,1508,1390,0,True,False,False
0,1390,1508,0,True,False,False
0,59,1107,0,True,False,False
0,1107,59,0,True,False,False
0,1444,1107,0,True,False,False
0,1107,1444,0,True,False,False
0,285,1107,0,True,False,False
0,1107,285,0,True,False,False
0,1207,1107,0,True,False,False
0,1107,1207,0,True,False,False
0,243,1446,0,True,False,False
0,1446,243,0,True,False,False
0,1352,1446,0,True,False,False
0,1446,1352,0,True,False,False
0,1572,1446,0,True,False,False
0,1446,1572,0,True,False,False
0,949,1446,0,True,False,False
0,1446,949,0,True,False,False
0,988,642,0,True,False,False
0,642,988,0,True,False,False
0,63,642,0,True,False,False
0,642,63,0,True,False,False
0,1586,642,0,True,False,False
0,642,1586,0,True,False,False
0,616,642,0,True,False,False
0,642,616,0,True,False,False
0,116,224,0,True,False,False
0,224,116,0,True,False,False
0,1356,224,0,True,False,False
0,224,1356,0,True,False,False
0,140,224,0,True,False,False
0,224,140,0,True,False,False
0,844,224,0,True,False,False
0,224,844,0,True,False,False
0,988,101,0,True,False,False
0,101,988,0,True,False,False
0,180,101,0,True,False,False
0,101,180,0,True,False,False
0,486,101,0,True,False,False
0,101,486,0,True,False,False
0,616,101,0,True,False,False
0,101,616,0,True,False,False
0,63,492,0,True,False,False
0,492,63,0,True,False,False
0,567,492,0,True,False,False
0,492,567,0,True,False,False
0,616,492,0,True,False,False
0,492,616,0,True,False,False
0,32,492,0,True,False,False
0,492,32,0,True,False,False
0,1009,80,0,True,False,False
0,80,1009,0,True,False,False
0,217,80,0,True,False,False
0,80,217,0,True,False,False
0,581,80,0,True,False,False
0,80,581,0,True,False,False
0,239,80,0,True,False,False
0,80,239,0,True,False,False
0,936,1185,0,True,False,False
0,1185,936,0,True,False,False
0,298,1185,0,True,False,False
0,1185,298,0,True,False,False
0,972,1185,0,True,False,False
0,1185,972,0,True,False,False
0,1568,1185,0,True,False,False
0,1185,1568,0,True,False,False
0,494,425,0,True,False,False
0,425,494,0,True,False,False
0,1579,425,0,True,False,False
0,425,1579,0,True,False,False
0,363,425,0,True,False,False
0,425,363,0,True,False,False
0,235,425,0,True,False,False
0,425,235,0,True,False,False
0,994,467,0,True,False,False
0,467,994,0,True,False,False
0,993,467,0,True,False,False
0,467,993,0,True,False,False
0,1340,467,0,True,False,False
0,467,1340,0,True,False,False
0,686,467,0,True,False,False
0,467,686,0,True,False,False
0,726,353,0,True,False,False
0,353,726,0,True,False,False
0,88,353,0,True,False,False
0,353,88,0,True,False,False
0,550,353,0,True,False,False
0,353,550,0,True,False,False
0,1009,75,0,True,False,False
0,75,1009,0,True,False,False
0,1452,75,0,True,False,False
0,75,1452,0,True,False,False
0,1049,75,0,True,False,False
0,75,1049,0,True,False,False
0,239,75,0,True,False,False
0,75,239,0,True,False,False
0,28,603,0,True,False,False
0,603,28,0,True,False,False
0,603,631,0,True,False,False
0,631,603,0,True,False,False
0,91,603,0,True,False,False
0,603,91,0,True,False,False
0,1193,603,0,True,False,False
0,603,1193,0,True,False,False
0,28,631,0,True,False,False
0,631,28,0,True,False,False
0,1193,631,0,True,False,False
0,631,1193,0,True,False,False
0,936,775,0,True,False,False
0,775,936,0,True,False,False
0,438,775,0,True,False,False
0,775,438,0,True,False,False
0,972,775,0,True,False,False
0,775,972,0,True,False,False
0,1024,775,0,True,False,False
0,775,1024,0,True,False,False
0,1141,392,0,True,False,False
0,392,1141,0,True,False,False
0,904,392,0,True,False,False
0,392,904,0,True,False,False
0,594,392,0,True,False,False
0,392,594,0,True,False,False
0,1117,392,0,True,False,False
0,392,1117,0,True,False,False
0,1211,1230,0,True,False,False
0,1230,1211,0,True,False,False
0,660,1230,0,True,False,False
0,1230,660,0,True,False,False
0,1576,1230,0,True,False,False
0,1230,1576,0,True,False,False
0,420,1230,0,True,False,False
0,1230,420,0,True,False,False
0,887,182,0,True,False,False
0,182,887,0,True,False,False
0,1340,182,0,True,False,False
0,182,1340,0,True,False,False
0,334,182,0,True,False,False
0,182,334,0,True,False,False
0,686,182,0,True,False,False
0,182,686,0,True,False,False
0,726,77,0,True,False,False
0,77,726,0,True,False,False
0,470,77,0,True,False,False
0,77,470,0,True,False,False
0,88,77,0,True,False,False
0,77,88,0,True,False,False
0,949,77,0,True,False,False
0,77,949,0,True,False,False
0,438,693,0,True,False,False
0,693,438,0,True,False,False
0,917,693,0,True,False,False
0,693,917,0,True,False,False
0,972,693,0,True,False,False
0,693,972,0,True,False,False
0,1264,693,0,True,False,False
0,693,1264,0,True,False,False
0,438,1473,0,True,False,False
0,1473,438,0,True,False,False
0,917,1473,0,True,False,False
0,1473,917,0,True,False,False
0,1063,1473,0,True,False,False
0,1473,1063,0,True,False,False
0,1573,1473,0,True,False,False
0,1473,1573,0,True,False,False
0,1356,620,0,True,False,False
0,620,1356,0,True,False,False
0,974,620,0,True,False,False
0,620,974,0,True,False,False
0,617,620,0,True,False,False
0,620,617,0,True,False,False
0,844,620,0,True,False,False
0,620,844,0,True,False,False
0,1383,199,0,True,False,False
0,199,1383,0,True,False,False
0,1305,199,0,True,False,False
0,199,1305,0,True,False,False
0,652,199,0,True,False,False
0,199,652,0,True,False,False
0,1069,199,0,True,False,False
0,199,1069,0,True,False,False
0,887,790,0,True,False,False
0,790,887,0,True,False,False
0,905,790,0,True,False,False
0,790,905,0,True,False,False
0,1154,790,0,True,False,False
0,790,1154,0,True,False,False
0,686,790,0,True,False,False
0,790,686,0,True,False,False
0,1021,1082,0,True,False,False
0,1082,1021,0,True,False,False
0,491,1082,0,True,False,False
0,1082,491,0,True,False,False
0,216,1082,0,True,False,False
0,1082,216,0,True,False,False
0,803,1082,0,True,False,False
0,1082,803,0,True,False,False
0,1462,361,0,True,False,False
0,361,1462,0,True,False,False
0,831,361,0,True,False,False
0,361,831,0,True,False,False
0,1250,361,0,True,False,False
0,361,1250,0,True,False,False
0,2,361,0,True,False,False
0,361,2,0,True,False,False
0,1318,863,0,True,False,False
0,863,1318,0,True,False,False
0,1444,863,0,True,False,False
0,863,1444,0,True,False,False
0,783,863,0,True,False,False
0,863,783,0,True,False,False
0,1207,863,0,True,False,False
0,863,1207,0,True,False,False
0,887,1255,0,True,False,False
0,1255,887,0,True,False,False
0,11,1255,0,True,False,False
0,1255,11,0,True,False,False
0,1154,1255,0,True,False,False
0,1255,1154,0,True,False,False
0,1150,1255,0,True,False,False
0,1255,1150,0,True,False,False
0,1593,1026,0,True,False,False
0,1026,1593,0,True,False,False
0,1352,1026,0,True,False,False
0,1026,1352,0,True,False,False
0,228,1026,0,True,False,False
0,1026,228,0,True,False,False
0,1572,1026,0,True,False,False
0,1026,1572,0,True,False,False
0,1576,709,0,True,False,False
0,709,1576,0,True,False,False
0,1574,709,0,True,False,False
0,709,1574,0,True,False,False
0,1000,709,0,True,False,False
0,709,1000,0,True,False,False
0,543,709,0,True,False,False
0,709,543,0,True,False,False
0,397,1031,0,True,False,False
0,1031,397,0,True,False,False
0,660,1031,0,True,False,False
0,1031,660,0,True,False,False
0,1576,1031,0,True,False,False
0,1031,1576,0,True,False,False
0,1574,1031,0,True,False,False
0,1031,1574,0,True,False,False
0,1309,945,0,True,False,False
0,945,1309,0,True,False,False
0,574,945,0,True,False,False
0,945,574,0,True,False,False
0,932,945,0,True,False,False
0,945,932,0,True,False,False
0,1608,945,0,True,False,False
0,945,1608,0,True,False,False
0,988,939,0,True,False,False
0,939,988,0,True,False,False
0,914,939,0,True,False,False
0,939,914,0,True,False,False
0,328,939,0,True,False,False
0,939,328,0,True,False,False
0,180,939,0,True,False,False
0,939,180,0,True,False,False
0,1519,1307,0,True,False,False
0,1307,1519,0,True,False,False
0,1046,1307,0,True,False,False
0,1307,1046,0,True,False,False
0,1401,1307,0,True,False,False
0,1307,1401,0,True,False,False
0,1039,1307,0,True,False,False
0,1307,1039,0,True,False,False
0,581,580,0,True,False,False
0,580,581,0,True,False,False
0,604,580,0,True,False,False
0,580,604,0,True,False,False
0,792,580,0,True,False,False
0,580,792,0,True,False,False
0,239,580,0,True,False,False
0,580,239,0,True,False,False
0,993,1273,0,True,False,False
0,1273,993,0,True,False,False
0,1340,1273,0,True,False,False
0,1273,1340,0,True,False,False
0,92,1273,0,True,False,False
0,1273,92,0,True,False,False
0,1489,232,0,True,False,False
0,232,1489,0,True,False,False
0,1519,232,0,True,False,False
0,232,1519,0,True,False,False
0,1379,232,0,True,False,False
0,232,1379,0,True,False,False
0,1046,232,0,True,False,False
0,232,1046,0,True,False,False
0,917,5,0,True,False,False
0,5,917,0,True,False,False
0,1063,5,0,True,False,False
0,5,1063,0,True,False,False
0,901,5,0,True,False,False
0,5,901,0,True,False,False
0,1334,1209,0,True,False,False
0,1209,1334,0,True,False,False
0,216,1209,0,True,False,False
0,1209,216,0,True,False,False
0,803,1209,0,True,False,False
0,1209,803,0,True,False,False
0,1383,1450,0,True,False,False
0,1450,1383,0,True,False,False
0,1069,1450,0,True,False,False
0,1450,1069,0,True,False,False
0,984,1450,0,True,False,False
0,1450,984,0,True,False,False
0,1356,599,0,True,False,False
0,599,1356,0,True,False,False
0,974,599,0,True,False,False
0,599,974,0,True,False,False
0,1449,599,0,True,False,False
0,599,1449,0,True,False,False
0,1551,1155,0,True,False,False
0,1155,1551,0,True,False,False
0,1318,1155,0,True,False,False
0,1155,1318,0,True,False,False
0,1444,1155,0,True,False,False
0,1155,1444,0,True,False,False
0,1427,137,0,True,False,False
0,137,1427,0,True,False,False
0,1408,137,0,True,False,False
0,137,1408,0,True,False,False
0,1499,137,0,True,False,False
0,137,1499,0,True,False,False
0,505,137,0,True,False,False
0,137,505,0,True,False,False
0,1489,1528,0,True,False,False
0,1528,1489,0,True,False,False
0,28,1528,0,True,False,False
0,1528,28,0,True,False,False
0,1046,1528,0,True,False,False
0,1528,1046,0,True,False,False
0,31,1528,0,True,False,False
0,1528,31,0,True,False,False
0,1021,331,0,True,False,False
0,331,1021,0,True,False,False
0,576,331,0,True,False,False
0,331,576,0,True,False,False
0,216,331,0,True,False,False
0,331,216,0,True,False,False
0,363,331,0,True,False,False
0,331,363,0,True,False,False
0,1309,1191,0,True,False,False
0,1191,1309,0,True,False,False
0,574,1191,0,True,False,False
0,1191,574,0,True,False,False
0,1061,1191,0,True,False,False
0,1191,1061,0,True,False,False
0,581,1430,0,True,False,False
0,1430,581,0,True,False,False
0,1612,1430,0,True,False,False
0,1430,1612,0,True,False,False
0,792,1430,0,True,False,False
0,1430,792,0,True,False,False
0,328,61,0,True,False,False
0,61,328,0,True,False,False
0,180,61,0,True,False,False
0,61,180,0,True,False,False
0,1599,61,0,True,False,False
0,61,1599,0,True,False,False
0,1028,763,0,True,False,False
0,763,1028,0,True,False,False
0,831,763,0,True,False,False
0,763,831,0,True,False,False
0,2,763,0,True,False,False
0,763,2,0,True,False,False
0,1490,795,0,True,False,False
0,795,1490,0,True,False,False
0,1574,795,0,True,False,False
0,795,1574,0,True,False,False
0,543,795,0,True,False,False
0,795,543,0,True,False,False
0,1374,1006,0,True,False,False
0,1006,1374,0,True,False,False
0,301,1006,0,True,False,False
0,1006,301,0,True,False,False
0,1350,1006,0,True,False,False
0,1006,1350,0,True,False,False
0,1503,1006,0,True,False,False
0,1006,1503,0,True,False,False
0,303,1006,0,True,False,False
0,1006,303,0,True,False,False
0,914,328,0,True,False,False
0,328,914,0,True,False,False
0,764,328,0,True,False,False
0,328,764,0,True,False,False
0,328,1599,0,True,False,False
0,1599,328,0,True,False,False
0,1318,1551,0,True,False,False
0,1551,1318,0,True,False,False
0,1444,1551,0,True,False,False
0,1551,1444,0,True,False,False
0,91,1551,0,True,False,False
0,1551,91,0,True,False,False
0,303,1599,0,True,False,False
0,1599,303,0,True,False,False
0,180,1599,0,True,False,False
0,1599,180,0,True,False,False
0,1421,1587,0,True,False,False
0,1587,1421,0,True,False,False
0,1203,1587,0,True,False,False
0,1587,1203,0,True,False,False
0,621,1587,0,True,False,False
0,1587,621,0,True,False,False
0,303,1587,0,True,False,False
0,1587,303,0,True,False,False
0,1587,127,0,True,False,False
0,127,1587,0,True,False,False
0,617,1356,0,True,False,False
0,1356,617,0,True,False,False
0,617,974,0,True,False,False
0,974,617,0,True,False,False
0,844,617,0,True,False,False
0,617,844,0,True,False,False
0,337,617,0,True,False,False
0,617,337,0,True,False,False
0,1268,1451,0,True,False,False
0,1451,1268,0,True,False,False
0,1451,402,0,True,False,False
0,402,1451,0,True,False,False
0,53,1451,0,True,False,False
0,1451,53,0,True,False,False
0,921,1451,0,True,False,False
0,1451,921,0,True,False,False
0,1577,1451,0,True,False,False
0,1451,1577,0,True,False,False
0,683,1207,0,True,False,False
0,1207,683,0,True,False,False
0,1207,783,0,True,False,False
0,783,1207,0,True,False,False
0,285,1207,0,True,False,False
0,1207,285,0,True,False,False
0,814,1207,0,True,False,False
0,1207,814,0,True,False,False
0,206,1019,0,True,False,False
0,1019,206,0,True,False,False
0,983,1019,0,True,False,False
0,1019,983,0,True,False,False
0,1019,1007,0,True,False,False
0,1007,1019,0,True,False,False
0,366,1019,0,True,False,False
0,1019,366,0,True,False,False
0,814,1019,0,True,False,False
0,1019,814,0,True,False,False
0,346,766,0,True,False,False
0,766,346,0,True,False,False
0,766,1362,0,True,False,False
0,1362,766,0,True,False,False
0,1054,766,0,True,False,False
0,766,1054,0,True,False,False
0,60,766,0,True,False,False
0,766,60,0,True,False,False
0,1136,766,0,True,False,False
0,766,1136,0,True,False,False
0,1009,217,0,True,False,False
0,217,1009,0,True,False,False
0,1481,217,0,True,False,False
0,217,1481,0,True,False,False
0,217,581,0,True,False,False
0,581,217,0,True,False,False
0,239,217,0,True,False,False
0,217,239,0,True,False,False
0,1383,652,0,True,False,False
0,652,1383,0,True,False,False
0,1089,1383,0,True,False,False
0,1383,1089,0,True,False,False
0,1383,984,0,True,False,False
0,984,1383,0,True,False,False
0,259,1383,0,True,False,False
0,1383,259,0,True,False,False
0,1415,1440,0,True,False,False
0,1440,1415,0,True,False,False
0,308,1440,0,True,False,False
0,1440,308,0,True,False,False
0,1581,1440,0,True,False,False
0,1440,1581,0,True,False,False
0,880,1440,0,True,False,False
0,1440,880,0,True,False,False
0,1440,497,0,True,False,False
0,497,1440,0,True,False,False
0,417,911,0,True,False,False
0,911,417,0,True,False,False
0,911,574,0,True,False,False
0,574,911,0,True,False,False
0,594,911,0,True,False,False
0,911,594,0,True,False,False
0,911,932,0,True,False,False
0,932,911,0,True,False,False
0,241,932,0,True,False,False
0,932,241,0,True,False,False
0,165,932,0,True,False,False
0,932,165,0,True,False,False
0,932,1608,0,True,False,False
0,1608,932,0,True,False,False
0,649,285,0,True,False,False
0,285,649,0,True,False,False
0,59,285,0,True,False,False
0,285,59,0,True,False,False
0,285,1444,0,True,False,False
0,1444,285,0,True,False,False
0,1148,1232,0,True,False,False
0,1232,1148,0,True,False,False
0,167,1148,0,True,False,False
0,1148,167,0,True,False,False
0,1326,1148,0,True,False,False
0,1148,1326,0,True,False,False
0,1089,1148,0,True,False,False
0,1148,1089,0,True,False,False
0,1148,379,0,True,False,False
0,379,1148,0,True,False,False
0,1292,486,0,True,False,False
0,486,1292,0,True,False,False
0,486,988,0,True,False,False
0,988,486,0,True,False,False
0,486,180,0,True,False,False
0,180,486,0,True,False,False
0,616,486,0,True,False,False
0,486,616,0,True,False,False
0,895,942,0,True,False,False
0,942,895,0,True,False,False
0,1479,942,0,True,False,False
0,942,1479,0,True,False,False
0,942,1110,0,True,False,False
0,1110,942,0,True,False,False
0,1412,942,0,True,False,False
0,942,1412,0,True,False,False
0,223,942,0,True,False,False
0,942,223,0,True,False,False
0,176,125,0,True,False,False
0,125,176,0,True,False,False
0,176,1365,0,True,False,False
0,1365,176,0,True,False,False
0,827,176,0,True,False,False
0,176,827,0,True,False,False
0,931,176,0,True,False,False
0,176,931,0,True,False,False
0,337,176,0,True,False,False
0,176,337,0,True,False,False
0,1465,364,0,True,False,False
0,364,1465,0,True,False,False
0,241,364,0,True,False,False
0,364,241,0,True,False,False
0,17,364,0,True,False,False
0,364,17,0,True,False,False
0,364,526,0,True,False,False
0,526,364,0,True,False,False
0,364,823,0,True,False,False
0,823,364,0,True,False,False
0,272,994,0,True,False,False
0,994,272,0,True,False,False
0,994,993,0,True,False,False
0,993,994,0,True,False,False
0,1340,994,0,True,False,False
0,994,1340,0,True,False,False
0,686,994,0,True,False,False
0,994,686,0,True,False,False
0,649,31,0,True,False,False
0,31,649,0,True,False,False
0,1489,31,0,True,False,False
0,31,1489,0,True,False,False
0,31,28,0,True,False,False
0,28,31,0,True,False,False
0,1046,31,0,True,False,False
0,31,1046,0,True,False,False
0,576,216,0,True,False,False
0,216,576,0,True,False,False
0,491,216,0,True,False,False
0,216,491,0,True,False,False
0,216,1334,0,True,False,False
0,1334,216,0,True,False,False
0,1089,216,0,True,False,False
0,216,1089,0,True,False,False
0,1292,1488,0,True,False,False
0,1488,1292,0,True,False,False
0,220,1488,0,True,False,False
0,1488,220,0,True,False,False
0,1488,1421,0,True,False,False
0,1421,1488,0,True,False,False
0,1514,1488,0,True,False,False
0,1488,1514,0,True,False,False
0,170,1488,0,True,False,False
0,1488,170,0,True,False,False
0,417,39,0,True,False,False
0,39,417,0,True,False,False
0,1269,39,0,True,False,False
0,39,1269,0,True,False,False
0,915,39,0,True,False,False
0,39,915,0,True,False,False
0,1351,39,0,True,False,False
0,39,1351,0,True,False,False
0,39,688,0,True,False,False
0,688,39,0,True,False,False
0,241,239,0,True,False,False
0,239,241,0,True,False,False
0,1452,239,0,True,False,False
0,239,1452,0,True,False,False
0,239,604,0,True,False,False
0,604,239,0,True,False,False
0,1465,823,0,True,False,False
0,823,1465,0,True,False,False
0,1481,823,0,True,False,False
0,823,1481,0,True,False,False
0,81,823,0,True,False,False
0,823,81,0,True,False,False
0,823,414,0,True,False,False
0,414,823,0,True,False,False
0,1171,102,0,True,False,False
0,102,1171,0,True,False,False
0,1481,102,0,True,False,False
0,102,1481,0,True,False,False
0,102,128,0,True,False,False
0,128,102,0,True,False,False
0,330,102,0,True,False,False
0,102,330,0,True,False,False
0,1123,102,0,True,False,False
0,102,1123,0,True,False,False
0,1256,220,0,True,False,False
0,220,1256,0,True,False,False
0,814,220,0,True,False,False
0,220,814,0,True,False,False
0,170,220,0,True,False,False
0,220,170,0,True,False,False
0,220,207,0,True,False,False
0,207,220,0,True,False,False
0,308,88,0,True,False,False
0,88,308,0,True,False,False
0,69,88,0,True,False,False
0,88,69,0,True,False,False
0,470,88,0,True,False,False
0,88,470,0,True,False,False
0,88,550,0,True,False,False
0,550,88,0,True,False,False
0,417,397,0,True,False,False
0,397,417,0,True,False,False
0,660,397,0,True,False,False
0,397,660,0,True,False,False
0,1576,397,0,True,False,False
0,397,1576,0,True,False,False
0,397,1574,0,True,False,False
0,1574,397,0,True,False,False
0,786,545,0,True,False,False
0,545,786,0,True,False,False
0,308,786,0,True,False,False
0,786,308,0,True,False,False
0,429,786,0,True,False,False
0,786,429,0,True,False,False
0,25,786,0,True,False,False
0,786,25,0,True,False,False
0,786,743,0,True,False,False
0,743,786,0,True,False,False
0,53,1340,0,True,False,False
0,1340,53,0,True,False,False
0,334,1340,0,True,False,False
0,1340,334,0,True,False,False
0,1340,92,0,True,False,False
0,92,1340,0,True,False,False
0,438,1573,0,True,False,False
0,1573,438,0,True,False,False
0,917,1573,0,True,False,False
0,1573,917,0,True,False,False
0,1573,1063,0,True,False,False
0,1063,1573,0,True,False,False
0,150,1573,0,True,False,False
0,1573,150,0,True,False,False
0,1250,1050,0,True,False,False
0,1050,1250,0,True,False,False
0,1170,1250,0,True,False,False
0,1250,1170,0,True,False,False
0,1250,1462,0,True,False,False
0,1462,1250,0,True,False,False
0,814,1250,0,True,False,False
0,1250,814,0,True,False,False
0,1548,326,0,True,False,False
0,326,1548,0,True,False,False
0,60,326,0,True,False,False
0,326,60,0,True,False,False
0,1506,326,0,True,False,False
0,326,1506,0,True,False,False
0,326,1516,0,True,False,False
0,1516,326,0,True,False,False
0,241,1328,0,True,False,False
0,1328,241,0,True,False,False
0,865,1328,0,True,False,False
0,1328,865,0,True,False,False
0,1597,1328,0,True,False,False
0,1328,1597,0,True,False,False
0,1328,409,0,True,False,False
0,409,1328,0,True,False,False
0,1147,1328,0,True,False,False
0,1328,1147,0,True,False,False
0,1513,1237,0,True,False,False
0,1237,1513,0,True,False,False
0,53,1513,0,True,False,False
0,1513,53,0,True,False,False
0,38,1513,0,True,False,False
0,1513,38,0,True,False,False
0,30,1513,0,True,False,False
0,1513,30,0,True,False,False
0,470,726,0,True,False,False
0,726,470,0,True,False,False
0,272,470,0,True,False,False
0,470,272,0,True,False,False
0,949,470,0,True,False,False
0,470,949,0,True,False,False
0,743,1316,0,True,False,False
0,1316,743,0,True,False,False
0,657,743,0,True,False,False
0,743,657,0,True,False,False
0,25,743,0,True,False,False
0,743,25,0,True,False,False
0,150,743,0,True,False,False
0,743,150,0,True,False,False
0,1576,1000,0,True,False,False
0,1000,1576,0,True,False,False
0,223,1576,0,True,False,False
0,1576,223,0,True,False,False
0,420,1576,0,True,False,False
0,1576,420,0,True,False,False
0,195,1518,0,True,False,False
0,1518,195,0,True,False,False
0,1518,1052,0,True,False,False
0,1052,1518,0,True,False,False
0,776,1518,0,True,False,False
0,1518,776,0,True,False,False
0,1518,1160,0,True,False,False
0,1160,1518,0,True,False,False
0,150,1518,0,True,False,False
0,1518,150,0,True,False,False
0,1305,652,0,True,False,False
0,652,1305,0,True,False,False
0,652,1069,0,True,False,False
0,1069,652,0,True,False,False
0,337,652,0,True,False,False
0,652,337,0,True,False,False
0,279,125,0,True,False,False
0,125,279,0,True,False,False
0,931,125,0,True,False,False
0,125,931,0,True,False,False
0,704,125,0,True,False,False
0,125,704,0,True,False,False
0,125,276,0,True,False,False
0,276,125,0,True,False,False
0,988,914,0,True,False,False
0,914,988,0,True,False,False
0,1586,988,0,True,False,False
0,988,1586,0,True,False,False
0,223,988,0,True,False,False
0,988,223,0,True,False,False
0,116,1356,0,True,False,False
0,1356,116,0,True,False,False
0,279,1356,0,True,False,False
0,1356,279,0,True,False,False
0,1356,1449,0,True,False,False
0,1449,1356,0,True,False,False
0,279,1362,0,True,False,False
0,1362,279,0,True,False,False
0,1362,648,0,True,False,False
0,648,1362,0,True,False,False
0,210,1362,0,True,False,False
0,1362,210,0,True,False,False
0,1376,1362,0,True,False,False
0,1362,1376,0,True,False,False
0,898,144,0,True,False,False
0,144,898,0,True,False,False
0,411,144,0,True,False,False
0,144,411,0,True,False,False
0,638,144,0,True,False,False
0,144,638,0,True,False,False
0,817,144,0,True,False,False
0,144,817,0,True,False,False
0,638,28,0,True,False,False
0,28,638,0,True,False,False
0,1508,28,0,True,False,False
0,28,1508,0,True,False,False
0,53,1247,0,True,False,False
0,1247,53,0,True,False,False
0,1247,1604,0,True,False,False
0,1604,1247,0,True,False,False
0,1414,1247,0,True,False,False
0,1247,1414,0,True,False,False
0,1247,626,0,True,False,False
0,626,1247,0,True,False,False
0,6,1247,0,True,False,False
0,1247,6,0,True,False,False
0,272,1604,0,True,False,False
0,1604,272,0,True,False,False
0,461,1604,0,True,False,False
0,1604,461,0,True,False,False
0,1604,767,0,True,False,False
0,767,1604,0,True,False,False
0,6,1604,0,True,False,False
0,1604,6,0,True,False,False
0,279,1516,0,True,False,False
0,1516,279,0,True,False,False
0,681,1516,0,True,False,False
0,1516,681,0,True,False,False
0,1516,67,0,True,False,False
0,67,1516,0,True,False,False
0,1292,1050,0,True,False,False
0,1050,1292,0,True,False,False
0,1050,831,0,True,False,False
0,831,1050,0,True,False,False
0,505,1050,0,True,False,False
0,1050,505,0,True,False,False
0,789,1052,0,True,False,False
0,1052,789,0,True,False,False
0,195,1052,0,True,False,False
0,1052,195,0,True,False,False
0,1052,472,0,True,False,False
0,472,1052,0,True,False,False
0,1089,1052,0,True,False,False
0,1052,1089,0,True,False,False
0,417,1597,0,True,False,False
0,1597,417,0,True,False,False
0,1157,1597,0,True,False,False
0,1597,1157,0,True,False,False
0,865,1597,0,True,False,False
0,1597,865,0,True,False,False
0,1597,1121,0,True,False,False
0,1121,1597,0,True,False,False
0,308,917,0,True,False,False
0,917,308,0,True,False,False
0,1264,917,0,True,False,False
0,917,1264,0,True,False,False
0,917,901,0,True,False,False
0,901,917,0,True,False,False
0,272,1415,0,True,False,False
0,1415,272,0,True,False,False
0,1415,1275,0,True,False,False
0,1275,1415,0,True,False,False
0,880,1415,0,True,False,False
0,1415,880,0,True,False,False
0,864,1415,0,True,False,False
0,1415,864,0,True,False,False
0,1481,1418,0,True,False,False
0,1418,1481,0,True,False,False
0,496,1418,0,True,False,False
0,1418,496,0,True,False,False
0,1418,1457,0,True,False,False
0,1457,1418,0,True,False,False
0,836,1418,0,True,False,False
0,1418,836,0,True,False,False
0,638,1444,0,True,False,False
0,1444,638,0,True,False,False
0,1444,783,0,True,False,False
0,783,1444,0,True,False,False
0,206,1086,0,True,False,False
0,1086,206,0,True,False,False
0,1086,850,0,True,False,False
0,850,1086,0,True,False,False
0,638,1086,0,True,False,False
0,1086,638,0,True,False,False
0,1086,1007,0,True,False,False
0,1007,1086,0,True,False,False
0,1432,1086,0,True,False,False
0,1086,1432,0,True,False,False
0,167,379,0,True,False,False
0,379,167,0,True,False,False
0,687,379,0,True,False,False
0,379,687,0,True,False,False
0,379,627,0,True,False,False
0,627,379,0,True,False,False
0,337,379,0,True,False,False
0,379,337,0,True,False,False
0,1021,491,0,True,False,False
0,491,1021,0,True,False,False
0,150,491,0,True,False,False
0,491,150,0,True,False,False
0,491,803,0,True,False,False
0,803,491,0,True,False,False
0,649,411,0,True,False,False
0,411,649,0,True,False,False
0,155,411,0,True,False,False
0,411,155,0,True,False,False
0,1410,411,0,True,False,False
0,411,1410,0,True,False,False
0,36,411,0,True,False,False
0,411,36,0,True,False,False
0,649,206,0,True,False,False
0,206,649,0,True,False,False
0,1132,206,0,True,False,False
0,206,1132,0,True,False,False
0,366,206,0,True,False,False
0,206,366,0,True,False,False
0,1188,1269,0,True,False,False
0,1269,1188,0,True,False,False
0,915,1269,0,True,False,False
0,1269,915,0,True,False,False
0,1269,840,0,True,False,False
0,840,1269,0,True,False,False
0,223,1269,0,True,False,False
0,1269,223,0,True,False,False
0,1292,1479,0,True,False,False
0,1479,1292,0,True,False,False
0,1033,1479,0,True,False,False
0,1479,1033,0,True,False,False
0,1479,1350,0,True,False,False
0,1350,1479,0,True,False,False
0,1412,1479,0,True,False,False
0,1479,1412,0,True,False,False
0,1432,1007,0,True,False,False
0,1007,1432,0,True,False,False
0,266,1007,0,True,False,False
0,1007,266,0,True,False,False
0,1007,1474,0,True,False,False
0,1474,1007,0,True,False,False
0,1428,207,0,True,False,False
0,207,1428,0,True,False,False
0,207,1421,0,True,False,False
0,1421,207,0,True,False,False
0,266,207,0,True,False,False
0,207,266,0,True,False,False
0,207,127,0,True,False,False
0,127,207,0,True,False,False
0,1533,67,0,True,False,False
0,67,1533,0,True,False,False
0,1578,67,0,True,False,False
0,67,1578,0,True,False,False
0,275,402,0,True,False,False
0,402,275,0,True,False,False
0,740,402,0,True,False,False
0,402,740,0,True,False,False
0,1577,402,0,True,False,False
0,402,1577,0,True,False,False
0,639,402,0,True,False,False
0,402,639,0,True,False,False
0,1426,1232,0,True,False,False
0,1232,1426,0,True,False,False
0,678,1232,0,True,False,False
0,1232,678,0,True,False,False
0,777,1232,0,True,False,False
0,1232,777,0,True,False,False
0,627,1232,0,True,False,False
0,1232,627,0,True,False,False
0,315,914,0,True,False,False
0,914,315,0,True,False,False
0,180,914,0,True,False,False
0,914,180,0,True,False,False
0,1282,627,0,True,False,False
0,627,1282,0,True,False,False
0,678,627,0,True,False,False
0,627,678,0,True,False,False
0,777,627,0,True,False,False
0,627,777,0,True,False,False
0,581,1612,0,True,False,False
0,1612,581,0,True,False,False
0,604,581,0,True,False,False
0,581,604,0,True,False,False
0,736,581,0,True,False,False
0,581,736,0,True,False,False
0,600,1063,0,True,False,False
0,1063,600,0,True,False,False
0,1063,901,0,True,False,False
0,901,1063,0,True,False,False
0,414,1437,0,True,False,False
0,1437,414,0,True,False,False
0,526,414,0,True,False,False
0,414,526,0,True,False,False
0,1537,414,0,True,False,False
0,414,1537,0,True,False,False
0,736,414,0,True,False,False
0,414,736,0,True,False,False
0,1411,418,0,True,False,False
0,418,1411,0,True,False,False
0,496,418,0,True,False,False
0,418,496,0,True,False,False
0,1457,418,0,True,False,False
0,418,1457,0,True,False,False
0,600,803,0,True,False,False
0,803,600,0,True,False,False
0,1334,803,0,True,False,False
0,803,1334,0,True,False,False
0,1612,792,0,True,False,False
0,792,1612,0,True,False,False
0,604,792,0,True,False,False
0,792,604,0,True,False,False
0,1016,792,0,True,False,False
0,792,1016,0,True,False,False
0,1608,1309,0,True,False,False
0,1309,1608,0,True,False,False
0,574,1608,0,True,False,False
0,1608,574,0,True,False,False
0,1540,1608,0,True,False,False
0,1608,1540,0,True,False,False
0,600,1316,0,True,False,False
0,1316,600,0,True,False,False
0,1571,1316,0,True,False,False
0,1316,1571,0,True,False,False
0,1316,545,0,True,False,False
0,545,1316,0,True,False,False
0,537,1316,0,True,False,False
0,1316,537,0,True,False,False
0,1282,1365,0,True,False,False
0,1365,1282,0,True,False,False
0,971,1365,0,True,False,False
0,1365,971,0,True,False,False
0,276,1365,0,True,False,False
0,1365,276,0,True,False,False
0,853,1365,0,True,False,False
0,1365,853,0,True,False,False
0,1571,545,0,True,False,False
0,545,1571,0,True,False,False
0,933,545,0,True,False,False
0,545,933,0,True,False,False
0,537,545,0,True,False,False
0,545,537,0,True,False,False
0,1540,526,0,True,False,False
0,526,1540,0,True,False,False
0,526,835,0,True,False,False
0,835,526,0,True,False,False
0,1537,526,0,True,False,False
0,526,1537,0,True,False,False
0,1282,974,0,True,False,False
0,974,1282,0,True,False,False
0,1449,974,0,True,False,False
0,974,1449,0,True,False,False
0,315,1000,0,True,False,False
0,1000,315,0,True,False,False
0,1000,1574,0,True,False,False
0,1574,1000,0,True,False,False
0,1000,543,0,True,False,False
0,543,1000,0,True,False,False
0,436,840,0,True,False,False
0,840,436,0,True,False,False
0,315,840,0,True,False,False
0,840,315,0,True,False,False
0,840,383,0,True,False,False
0,383,840,0,True,False,False
0,840,688,0,True,False,False
0,688,840,0,True,False,False
0,436,688,0,True,False,False
0,688,436,0,True,False,False
0,219,688,0,True,False,False
0,688,219,0,True,False,False
0,688,611,0,True,False,False
0,611,688,0,True,False,False
0,933,497,0,True,False,False
0,497,933,0,True,False,False
0,497,1275,0,True,False,False
0,1275,497,0,True,False,False
0,925,497,0,True,False,False
0,497,925,0,True,False,False
0,923,497,0,True,False,False
0,497,923,0,True,False,False
0,134,648,0,True,False,False
0,648,134,0,True,False,False
0,1578,648,0,True,False,False
0,648,1578,0,True,False,False
0,668,648,0,True,False,False
0,648,668,0,True,False,False
0,1114,648,0,True,False,False
0,648,1114,0,True,False,False
0,550,726,0,True,False,False
0,726,550,0,True,False,False
0,1064,726,0,True,False,False
0,726,1064,0,True,False,False
0,993,92,0,True,False,False
0,92,993,0,True,False,False
0,1064,993,0,True,False,False
0,993,1064,0,True,False,False
0,1483,1350,0,True,False,False
0,1350,1483,0,True,False,False
0,876,1350,0,True,False,False
0,1350,876,0,True,False,False
0,1350,1110,0,True,False,False
0,1110,1350,0,True,False,False
0,1282,1069,0,True,False,False
0,1069,1282,0,True,False,False
0,1069,984,0,True,False,False
0,984,1069,0,True,False,False
0,275,92,0,True,False,False
0,92,275,0,True,False,False
0,496,1457,0,True,False,False
0,1457,496,0,True,False,False
0,736,1457,0,True,False,False
0,1457,736,0,True,False,False
0,1426,984,0,True,False,False
0,984,1426,0,True,False,False
0,1411,1437,0,True,False,False
0,1437,1411,0,True,False,False
0,1437,835,0,True,False,False
0,835,1437,0,True,False,False
0,992,1437,0,True,False,False
0,1437,992,0,True,False,False
0,1564,1437,0,True,False,False
0,1437,1564,0,True,False,False
0,219,1121,0,True,False,False
0,1121,219,0,True,False,False
0,1121,409,0,True,False,False
0,409,1121,0,True,False,False
0,347,1121,0,True,False,False
0,1121,347,0,True,False,False
0,1121,525,0,True,False,False
0,525,1121,0,True,False,False
0,1483,831,0,True,False,False
0,831,1483,0,True,False,False
0,831,1028,0,True,False,False
0,1028,831,0,True,False,False
0,1462,831,0,True,False,False
0,831,1462,0,True,False,False
0,1540,409,0,True,False,False
0,409,1540,0,True,False,False
0,347,409,0,True,False,False
0,409,347,0,True,False,False
0,409,329,0,True,False,False
0,329,409,0,True,False,False
0,600,1160,0,True,False,False
0,1160,600,0,True,False,False
0,472,1160,0,True,False,False
0,1160,472,0,True,False,False
0,1320,1160,0,True,False,False
0,1160,1320,0,True,False,False
0,1523,1160,0,True,False,False
0,1160,1523,0,True,False,False
0,1522,474,0,True,False,False
0,474,1522,0,True,False,False
0,1411,474,0,True,False,False
0,474,1411,0,True,False,False
0,128,474,0,True,False,False
0,474,128,0,True,False,False
0,1138,474,0,True,False,False
0,474,1138,0,True,False,False
0,1123,474,0,True,False,False
0,474,1123,0,True,False,False
0,1578,276,0,True,False,False
0,276,1578,0,True,False,False
0,971,276,0,True,False,False
0,276,971,0,True,False,False
0,853,276,0,True,False,False
0,276,853,0,True,False,False
0,1108,329,0,True,False,False
0,329,1108,0,True,False,False
0,1439,329,0,True,False,False
0,329,1439,0,True,False,False
0,329,525,0,True,False,False
0,525,329,0,True,False,False
0,1016,329,0,True,False,False
0,329,1016,0,True,False,False
0,822,525,0,True,False,False
0,525,822,0,True,False,False
0,1108,525,0,True,False,False
0,525,1108,0,True,False,False
0,1439,525,0,True,False,False
0,525,1439,0,True,False,False
0,933,550,0,True,False,False
0,550,933,0,True,False,False
0,1309,1061,0,True,False,False
0,1061,1309,0,True,False,False
0,574,1061,0,True,False,False
0,1061,574,0,True,False,False
0,822,1061,0,True,False,False
0,1061,822,0,True,False,False
0,1483,1421,0,True,False,False
0,1421,1483,0,True,False,False
0,1428,1421,0,True,False,False
0,1421,1428,0,True,False,False
0,1483,180,0,True,False,False
0,180,1483,0,True,False,False
0,822,611,0,True,False,False
0,611,822,0,True,False,False
0,161,611,0,True,False,False
0,611,161,0,True,False,False
0,323,611,0,True,False,False
0,611,323,0,True,False,False
0,611,383,0,True,False,False
0,383,611,0,True,False,False
0,1540,604,0,True,False,False
0,604,1540,0,True,False,False
0,1405,128,0,True,False,False
0,128,1405,0,True,False,False
0,736,128,0,True,False,False
0,128,736,0,True,False,False
0,1123,128,0,True,False,False
0,128,1123,0,True,False,False
0,1151,767,0,True,False,False
0,767,1151,0,True,False,False
0,529,767,0,True,False,False
0,767,529,0,True,False,False
0,767,626,0,True,False,False
0,626,767,0,True,False,False
0,1064,767,0,True,False,False
0,767,1064,0,True,False,False
0,764,383,0,True,False,False
0,383,764,0,True,False,False
0,161,383,0,True,False,False
0,383,161,0,True,False,False
0,323,383,0,True,False,False
0,383,323,0,True,False,False
0,219,574,0,True,False,False
0,574,219,0,True,False,False
0,275,1237,0,True,False,False
0,1237,275,0,True,False,False
0,30,1237,0,True,False,False
0,1237,30,0,True,False,False
0,219,1574,0,True,False,False
0,1574,219,0,True,False,False
0,1574,1490,0,True,False,False
0,1490,1574,0,True,False,False
0,1411,1612,0,True,False,False
0,1612,1411,0,True,False,False
0,925,1275,0,True,False,False
0,1275,925,0,True,False,False
0,923,1275,0,True,False,False
0,1275,923,0,True,False,False
0,1064,1275,0,True,False,False
0,1275,1064,0,True,False,False
0,822,1490,0,True,False,False
0,1490,822,0,True,False,False
0,1490,543,0,True,False,False
0,543,1490,0,True,False,False
0,275,626,0,True,False,False
0,626,275,0,True,False,False
0,1151,626,0,True,False,False
0,626,1151,0,True,False,False
0,529,626,0,True,False,False
0,626,529,0,True,False,False
0,933,901,0,True,False,False
0,901,933,0,True,False,False
0,1426,1334,0,True,False,False
0,1334,1426,0,True,False,False
0,1016,1309,0,True,False,False
0,1309,1016,0,True,False,False
0,992,835,0,True,False,False
0,835,992,0,True,False,False
0,1016,835,0,True,False,False
0,835,1016,0,True,False,False
0,1564,835,0,True,False,False
0,835,1564,0,True,False,False
0,266,1462,0,True,False,False
0,1462,266,0,True,False,False
0,1462,2,0,True,False,False
0,2,1462,0,True,False,False
0,315,1110,0,True,False,False
0,1110,315,0,True,False,False
0,1110,1374,0,True,False,False
0,1374,1110,0,True,False,False
0,876,1110,0,True,False,False
0,1110,876,0,True,False,False
0,764,1374,0,True,False,False
0,1374,764,0,True,False,False
0,301,1374,0,True,False,False
0,1374,301,0,True,False,False
0,1503,1374,0,True,False,False
0,1374,1503,0,True,False,False
0,783,1318,0,True,False,False
0,1318,783,0,True,False,False
0,266,783,0,True,False,False
0,783,266,0,True,False,False
0,1578,1449,0,True,False,False
0,1449,1578,0,True,False,False
0,1426,472,0,True,False,False
0,472,1426,0,True,False,False
0,1320,472,0,True,False,False
0,472,1320,0,True,False,False
0,1523,472,0,True,False,False
0,472,1523,0,True,False,False
0,764,543,0,True,False,False
0,543,764,0,True,False,False
0,1319,1251,0,True,False,False
0,1251,1319,0,True,False,False
0,1251,384,0,True,False,False
0,384,1251,0,True,False,False
0,1251,171,0,True,False,False
0,171,1251,0,True,False,False
0,1251,1584,0,True,False,False
0,1584,1251,0,True,False,False
0,1251,451,0,True,False,False
0,451,1251,0,True,False,False
0,1251,1382,0,True,False,False
0,1382,1251,0,True,False,False
0,1251,954,0,True,False,False
0,954,1251,0,True,False,False
0,703,1251,0,True,False,False
0,1251,703,0,True,False,False
0,372,1251,0,True,False,False
0,1251,372,0,True,False,False
0,1034,850,0,True,False,False
0,850,1034,0,True,False,False
0,1570,850,0,True,False,False
0,850,1570,0,True,False,False
0,91,850,0,True,False,False
0,850,91,0,True,False,False
0,1474,850,0,True,False,False
0,850,1474,0,True,False,False
0,504,957,0,True,False,False
0,957,504,0,True,False,False
0,957,1500,0,True,False,False
0,1500,957,0,True,False,False
0,957,1344,0,True,False,False
0,1344,957,0,True,False,False
0,957,907,0,True,False,False
0,907,957,0,True,False,False
0,1319,957,0,True,False,False
0,957,1319,0,True,False,False
0,957,396,0,True,False,False
0,396,957,0,True,False,False
0,957,248,0,True,False,False
0,248,957,0,True,False,False
0,957,1569,0,True,False,False
0,1569,957,0,True,False,False
0,957,452,0,True,False,False
0,452,957,0,True,False,False
0,957,890,0,True,False,False
0,890,957,0,True,False,False
0,957,1505,0,True,False,False
0,1505,957,0,True,False,False
0,957,1327,0,True,False,False
0,1327,957,0,True,False,False
0,957,297,0,True,False,False
0,297,957,0,True,False,False
0,957,634,0,True,False,False
0,634,957,0,True,False,False
0,957,1584,0,True,False,False
0,1584,957,0,True,False,False
0,957,8,0,True,False,False
0,8,957,0,True,False,False
0,1319,504,0,True,False,False
0,504,1319,0,True,False,False
0,1319,1303,0,True,False,False
0,1303,1319,0,True,False,False
0,1231,1319,0,True,False,False
0,1319,1231,0,True,False,False
0,1319,1584,0,True,False,False
0,1584,1319,0,True,False,False
0,1319,1382,0,True,False,False
0,1382,1319,0,True,False,False
0,1319,703,0,True,False,False
0,703,1319,0,True,False,False
0,1319,372,0,True,False,False
0,372,1319,0,True,False,False
0,625,20,0,True,False,False
0,20,625,0,True,False,False
0,625,274,0,True,False,False
0,274,625,0,True,False,False
0,625,738,0,True,False,False
0,738,625,0,True,False,False
0,625,684,0,True,False,False
0,684,625,0,True,False,False
0,625,1091,0,True,False,False
0,1091,625,0,True,False,False
0,625,1118,0,True,False,False
0,1118,625,0,True,False,False
0,625,1478,0,True,False,False
0,1478,625,0,True,False,False
0,625,480,0,True,False,False
0,480,625,0,True,False,False
0,625,1480,0,True,False,False
0,1480,625,0,True,False,False
0,625,152,0,True,False,False
0,152,625,0,True,False,False
0,625,130,0,True,False,False
0,130,625,0,True,False,False
0,625,194,0,True,False,False
0,194,625,0,True,False,False
0,625,885,0,True,False,False
0,885,625,0,True,False,False
0,625,1065,0,True,False,False
0,1065,625,0,True,False,False
0,1231,625,0,True,False,False
0,625,1231,0,True,False,False
0,625,1290,0,True,False,False
0,1290,625,0,True,False,False
0,372,1181,0,True,False,False
0,1181,372,0,True,False,False
0,372,175,0,True,False,False
0,175,372,0,True,False,False
0,372,778,0,True,False,False
0,778,372,0,True,False,False
0,372,384,0,True,False,False
0,384,372,0,True,False,False
0,372,1531,0,True,False,False
0,1531,372,0,True,False,False
0,372,240,0,True,False,False
0,240,372,0,True,False,False
0,372,185,0,True,False,False
0,185,372,0,True,False,False
0,372,171,0,True,False,False
0,171,372,0,True,False,False
0,372,534,0,True,False,False
0,534,372,0,True,False,False
0,372,22,0,True,False,False
0,22,372,0,True,False,False
0,372,866,0,True,False,False
0,866,372,0,True,False,False
0,372,173,0,True,False,False
0,173,372,0,True,False,False
0,372,451,0,True,False,False
0,451,372,0,True,False,False
0,382,372,0,True,False,False
0,372,382,0,True,False,False
0,703,372,0,True,False,False
0,372,703,0,True,False,False
0,372,4,0,True,False,False
0,4,372,0,True,False,False
0,372,808,0,True,False,False
0,808,372,0,True,False,False
0,372,1071,0,True,False,False
0,1071,372,0,True,False,False
0,1478,738,0,True,False,False
0,738,1478,0,True,False,False
0,684,1478,0,True,False,False
0,1478,684,0,True,False,False
0,1184,1478,0,True,False,False
0,1478,1184,0,True,False,False
0,1231,1478,0,True,False,False
0,1478,1231,0,True,False,False
0,1184,112,0,True,False,False
0,112,1184,0,True,False,False
0,1184,262,0,True,False,False
0,262,1184,0,True,False,False
0,1184,157,0,True,False,False
0,157,1184,0,True,False,False
0,1184,717,0,True,False,False
0,717,1184,0,True,False,False
0,1231,1184,0,True,False,False
0,1184,1231,0,True,False,False
0,1184,1370,0,True,False,False
0,1370,1184,0,True,False,False
0,382,1184,0,True,False,False
0,1184,382,0,True,False,False
0,703,1184,0,True,False,False
0,1184,703,0,True,False,False
0,1380,66,0,True,False,False
0,66,1380,0,True,False,False
0,1380,196,0,True,False,False
0,196,1380,0,True,False,False
0,1380,340,0,True,False,False
0,340,1380,0,True,False,False
0,1380,1539,0,True,False,False
0,1539,1380,0,True,False,False
0,1380,1431,0,True,False,False
0,1431,1380,0,True,False,False
0,1380,469,0,True,False,False
0,469,1380,0,True,False,False
0,1380,717,0,True,False,False
0,717,1380,0,True,False,False
0,1231,1380,0,True,False,False
0,1380,1231,0,True,False,False
0,504,1584,0,True,False,False
0,1584,504,0,True,False,False
0,703,504,0,True,False,False
0,504,703,0,True,False,False
0,504,8,0,True,False,False
0,8,504,0,True,False,False
0,684,130,0,True,False,False
0,130,684,0,True,False,False
0,1231,684,0,True,False,False
0,684,1231,0,True,False,False
0,703,684,0,True,False,False
0,684,703,0,True,False,False
0,382,1424,0,True,False,False
0,1424,382,0,True,False,False
0,382,112,0,True,False,False
0,112,382,0,True,False,False
0,382,262,0,True,False,False
0,262,382,0,True,False,False
0,382,1008,0,True,False,False
0,1008,382,0,True,False,False
0,382,1058,0,True,False,False
0,1058,382,0,True,False,False
0,382,867,0,True,False,False
0,867,382,0,True,False,False
0,382,1300,0,True,False,False
0,1300,382,0,True,False,False
0,382,157,0,True,False,False
0,157,382,0,True,False,False
0,382,1434,0,True,False,False
0,1434,382,0,True,False,False
0,1231,382,0,True,False,False
0,382,1231,0,True,False,False
0,382,1195,0,True,False,False
0,1195,382,0,True,False,False
0,382,696,0,True,False,False
0,696,382,0,True,False,False
0,382,1553,0,True,False,False
0,1553,382,0,True,False,False
0,382,1227,0,True,False,False
0,1227,382,0,True,False,False
0,382,314,0,True,False,False
0,314,382,0,True,False,False
0,382,1226,0,True,False,False
0,1226,382,0,True,False,False
0,382,703,0,True,False,False
0,703,382,0,True,False,False
0,382,1080,0,True,False,False
0,1080,382,0,True,False,False
0,1231,717,0,True,False,False
0,717,1231,0,True,False,False
0,1231,703,0,True,False,False
0,703,1231,0,True,False,False
0,717,196,0,True,False,False
0,196,717,0,True,False,False
0,703,1162,0,True,False,False
0,1162,703,0,True,False,False
0,703,291,0,True,False,False
0,291,703,0,True,False,False
0,703,47,0,True,False,False
0,47,703,0,True,False,False
0,703,112,0,True,False,False
0,112,703,0,True,False,False
0,703,1133,0,True,False,False
0,1133,703,0,True,False,False
0,703,1094,0,True,False,False
0,1094,703,0,True,False,False
0,703,778,0,True,False,False
0,778,703,0,True,False,False
0,703,784,0,True,False,False
0,784,703,0,True,False,False
0,703,1486,0,True,False,False
0,1486,703,0,True,False,False
0,703,1058,0,True,False,False
0,1058,703,0,True,False,False
0,703,403,0,True,False,False
0,403,703,0,True,False,False
0,703,689,0,True,False,False
0,689,703,0,True,False,False
0,703,249,0,True,False,False
0,249,703,0,True,False,False
0,703,690,0,True,False,False
0,690,703,0,True,False,False
0,703,482,0,True,False,False
0,482,703,0,True,False,False
0,703,1113,0,True,False,False
0,1113,703,0,True,False,False
0,703,1575,0,True,False,False
0,1575,703,0,True,False,False
0,703,9,0,True,False,False
0,9,703,0,True,False,False
0,703,590,0,True,False,False
0,590,703,0,True,False,False
0,703,22,0,True,False,False
0,22,703,0,True,False,False
0,703,712,0,True,False,False
0,712,703,0,True,False,False
0,703,40,0,True,False,False
0,40,703,0,True,False,False
0,703,1434,0,True,False,False
0,1434,703,0,True,False,False
0,703,1447,0,True,False,False
0,1447,703,0,True,False,False
0,703,1595,0,True,False,False
0,1595,703,0,True,False,False
0,703,1115,0,True,False,False
0,1115,703,0,True,False,False
0,703,1195,0,True,False,False
0,1195,703,0,True,False,False
0,703,173,0,True,False,False
0,173,703,0,True,False,False
0,703,451,0,True,False,False
0,451,703,0,True,False,False
0,703,1294,0,True,False,False
0,1294,703,0,True,False,False
0,703,1080,0,True,False,False
0,1080,703,0,True,False,False
0,703,1071,0,True,False,False
0,1071,703,0,True,False,False
0,1303,1293,0,True,False,False
0,1293,1303,0,True,False,False
0,1303,378,0,True,False,False
0,378,1303,0,True,False,False
0,1303,1590,0,True,False,False
0,1590,1303,0,True,False,False
0,1303,948,0,True,False,False
0,948,1303,0,True,False,False
0,1303,929,0,True,False,False
0,929,1303,0,True,False,False
0,1303,533,0,True,False,False
0,533,1303,0,True,False,False
0,1303,1382,0,True,False,False
0,1382,1303,0,True,False,False
0,482,327,0,True,False,False
0,327,482,0,True,False,False
0,482,1332,0,True,False,False
0,1332,482,0,True,False,False
0,1595,482,0,True,False,False
0,482,1595,0,True,False,False
0,482,1361,0,True,False,False
0,1361,482,0,True,False,False
0,173,482,0,True,False,False
0,482,173,0,True,False,False
0,451,482,0,True,False,False
0,482,451,0,True,False,False
0,482,434,0,True,False,False
0,434,482,0,True,False,False
0,482,1542,0,True,False,False
0,1542,482,0,True,False,False
0,712,558,0,True,False,False
0,558,712,0,True,False,False
0,712,1368,0,True,False,False
0,1368,712,0,True,False,False
0,712,1538,0,True,False,False
0,1538,712,0,True,False,False
0,1434,712,0,True,False,False
0,712,1434,0,True,False,False
0,291,1575,0,True,False,False
0,1575,291,0,True,False,False
0,1575,1198,0,True,False,False
0,1198,1575,0,True,False,False
0,1575,169,0,True,False,False
0,169,1575,0,True,False,False
0,590,558,0,True,False,False
0,558,590,0,True,False,False
0,590,291,0,True,False,False
0,291,590,0,True,False,False
0,590,403,0,True,False,False
0,403,590,0,True,False,False
0,590,1198,0,True,False,False
0,1198,590,0,True,False,False
0,590,1546,0,True,False,False
0,1546,590,0,True,False,False
0,590,215,0,True,False,False
0,215,590,0,True,False,False
0,590,188,0,True,False,False
0,188,590,0,True,False,False
0,590,1113,0,True,False,False
0,1113,590,0,True,False,False
0,590,1029,0,True,False,False
0,1029,590,0,True,False,False
0,590,542,0,True,False,False
0,542,590,0,True,False,False
0,1434,590,0,True,False,False
0,590,1434,0,True,False,False
0,590,697,0,True,False,False
0,697,590,0,True,False,False
0,157,1424,0,True,False,False
0,1424,157,0,True,False,False
0,157,1208,0,True,False,False
0,1208,157,0,True,False,False
0,1300,157,0,True,False,False
0,157,1300,0,True,False,False
0,112,1226,0,True,False,False
0,1226,112,0,True,False,False
0,1226,139,0,True,False,False
0,139,1226,0,True,False,False
0,1227,1226,0,True,False,False
0,1226,1227,0,True,False,False
0,1226,153,0,True,False,False
0,153,1226,0,True,False,False
0,173,1162,0,True,False,False
0,1162,173,0,True,False,False
0,173,1181,0,True,False,False
0,1181,173,0,True,False,False
0,173,327,0,True,False,False
0,327,173,0,True,False,False
0,173,1486,0,True,False,False
0,1486,173,0,True,False,False
0,173,532,0,True,False,False
0,532,173,0,True,False,False
0,173,117,0,True,False,False
0,117,173,0,True,False,False
0,173,1257,0,True,False,False
0,1257,173,0,True,False,False
0,22,173,0,True,False,False
0,173,22,0,True,False,False
0,173,1332,0,True,False,False
0,1332,173,0,True,False,False
0,173,1610,0,True,False,False
0,1610,173,0,True,False,False
0,173,40,0,True,False,False
0,40,173,0,True,False,False
0,1434,173,0,True,False,False
0,173,1434,0,True,False,False
0,173,1595,0,True,False,False
0,1595,173,0,True,False,False
0,173,781,0,True,False,False
0,781,173,0,True,False,False
0,173,1186,0,True,False,False
0,1186,173,0,True,False,False
0,173,1190,0,True,False,False
0,1190,173,0,True,False,False
0,173,720,0,True,False,False
0,720,173,0,True,False,False
0,173,434,0,True,False,False
0,434,173,0,True,False,False
0,173,1294,0,True,False,False
0,1294,173,0,True,False,False
0,173,1542,0,True,False,False
0,1542,173,0,True,False,False
0,291,249,0,True,False,False
0,249,291,0,True,False,False
0,249,982,0,True,False,False
0,982,249,0,True,False,False
0,249,641,0,True,False,False
0,641,249,0,True,False,False
0,249,188,0,True,False,False
0,188,249,0,True,False,False
0,1058,306,0,True,False,False
0,306,1058,0,True,False,False
0,1058,1008,0,True,False,False
0,1008,1058,0,True,False,False
0,291,1113,0,True,False,False
0,1113,291,0,True,False,False
0,1113,572,0,True,False,False
0,572,1113,0,True,False,False
0,1113,982,0,True,False,False
0,982,1113,0,True,False,False
0,1113,9,0,True,False,False
0,9,1113,0,True,False,False
0,1113,609,0,True,False,False
0,609,1113,0,True,False,False
0,1113,1562,0,True,False,False
0,1562,1113,0,True,False,False
0,1113,264,0,True,False,False
0,264,1113,0,True,False,False
0,689,1162,0,True,False,False
0,1162,689,0,True,False,False
0,689,1486,0,True,False,False
0,1486,689,0,True,False,False
0,689,479,0,True,False,False
0,479,689,0,True,False,False
0,689,1541,0,True,False,False
0,1541,689,0,True,False,False
0,689,9,0,True,False,False
0,9,689,0,True,False,False
0,689,849,0,True,False,False
0,849,689,0,True,False,False
0,689,749,0,True,False,False
0,749,689,0,True,False,False
0,689,495,0,True,False,False
0,495,689,0,True,False,False
0,291,690,0,True,False,False
0,690,291,0,True,False,False
0,690,1562,0,True,False,False
0,1562,690,0,True,False,False
0,690,1175,0,True,False,False
0,1175,690,0,True,False,False
0,690,739,0,True,False,False
0,739,690,0,True,False,False
0,9,1112,0,True,False,False
0,1112,9,0,True,False,False
0,9,70,0,True,False,False
0,70,9,0,True,False,False
0,9,1056,0,True,False,False
0,1056,9,0,True,False,False
0,9,564,0,True,False,False
0,564,9,0,True,False,False
0,784,9,0,True,False,False
0,9,784,0,True,False,False
0,9,995,0,True,False,False
0,995,9,0,True,False,False
0,9,14,0,True,False,False
0,14,9,0,True,False,False
0,9,664,0,True,False,False
0,664,9,0,True,False,False
0,9,849,0,True,False,False
0,849,9,0,True,False,False
0,9,973,0,True,False,False
0,973,9,0,True,False,False
0,9,670,0,True,False,False
0,670,9,0,True,False,False
0,9,852,0,True,False,False
0,852,9,0,True,False,False
0,9,869,0,True,False,False
0,869,9,0,True,False,False
0,9,68,0,True,False,False
0,68,9,0,True,False,False
0,9,624,0,True,False,False
0,624,9,0,True,False,False
0,9,388,0,True,False,False
0,388,9,0,True,False,False
0,9,1122,0,True,False,False
0,1122,9,0,True,False,False
0,9,230,0,True,False,False
0,230,9,0,True,False,False
0,9,674,0,True,False,False
0,674,9,0,True,False,False
0,9,370,0,True,False,False
0,370,9,0,True,False,False
0,9,889,0,True,False,False
0,889,9,0,True,False,False
0,9,377,0,True,False,False
0,377,9,0,True,False,False
0,9,739,0,True,False,False
0,739,9,0,True,False,False
0,9,1066,0,True,False,False
0,1066,9,0,True,False,False
0,9,264,0,True,False,False
0,264,9,0,True,False,False
0,9,251,0,True,False,False
0,251,9,0,True,False,False
0,9,135,0,True,False,False
0,135,9,0,True,False,False
0,9,246,0,True,False,False
0,246,9,0,True,False,False
0,9,1420,0,True,False,False
0,1420,9,0,True,False,False
0,9,951,0,True,False,False
0,951,9,0,True,False,False
0,9,1416,0,True,False,False
0,1416,9,0,True,False,False
0,1115,770,0,True,False,False
0,770,1115,0,True,False,False
0,1115,1486,0,True,False,False
0,1486,1115,0,True,False,False
0,1115,479,0,True,False,False
0,479,1115,0,True,False,False
0,1115,246,0,True,False,False
0,246,1115,0,True,False,False
0,1162,1595,0,True,False,False
0,1595,1162,0,True,False,False
0,1595,532,0,True,False,False
0,532,1595,0,True,False,False
0,1595,1257,0,True,False,False
0,1257,1595,0,True,False,False
0,1595,781,0,True,False,False
0,781,1595,0,True,False,False
0,1595,1330,0,True,False,False
0,1330,1595,0,True,False,False
0,1595,720,0,True,False,False
0,720,1595,0,True,False,False
0,1118,274,0,True,False,False
0,274,1118,0,True,False,False
0,1118,1234,0,True,False,False
0,1234,1118,0,True,False,False
0,1118,1091,0,True,False,False
0,1091,1118,0,True,False,False
0,1118,1290,0,True,False,False
0,1290,1118,0,True,False,False
0,274,480,0,True,False,False
0,480,274,0,True,False,False
0,274,152,0,True,False,False
0,152,274,0,True,False,False
0,274,828,0,True,False,False
0,828,274,0,True,False,False
0,152,1525,0,True,False,False
0,1525,152,0,True,False,False
0,152,20,0,True,False,False
0,20,152,0,True,False,False
0,152,1480,0,True,False,False
0,1480,152,0,True,False,False
0,1480,1097,0,True,False,False
0,1097,1480,0,True,False,False
0,1480,885,0,True,False,False
0,885,1480,0,True,False,False
0,1480,1065,0,True,False,False
0,1065,1480,0,True,False,False
0,885,966,0,True,False,False
0,966,885,0,True,False,False
0,738,885,0,True,False,False
0,885,738,0,True,False,False
0,885,194,0,True,False,False
0,194,885,0,True,False,False
0,130,194,0,True,False,False
0,194,130,0,True,False,False
0,194,1065,0,True,False,False
0,1065,194,0,True,False,False
0,194,388,0,True,False,False
0,388,194,0,True,False,False
0,1434,558,0,True,False,False
0,558,1434,0,True,False,False
0,1434,291,0,True,False,False
0,291,1434,0,True,False,False
0,1434,1403,0,True,False,False
0,1403,1434,0,True,False,False
0,1434,47,0,True,False,False
0,47,1434,0,True,False,False
0,1434,1133,0,True,False,False
0,1133,1434,0,True,False,False
0,1434,58,0,True,False,False
0,58,1434,0,True,False,False
0,1434,300,0,True,False,False
0,300,1434,0,True,False,False
0,1434,1102,0,True,False,False
0,1102,1434,0,True,False,False
0,1434,403,0,True,False,False
0,403,1434,0,True,False,False
0,1434,1029,0,True,False,False
0,1029,1434,0,True,False,False
0,1434,1166,0,True,False,False
0,1166,1434,0,True,False,False
0,1434,440,0,True,False,False
0,440,1434,0,True,False,False
0,1434,1202,0,True,False,False
0,1202,1434,0,True,False,False
0,1434,1538,0,True,False,False
0,1538,1434,0,True,False,False
0,1434,701,0,True,False,False
0,701,1434,0,True,False,False
0,1434,1195,0,True,False,False
0,1195,1434,0,True,False,False
0,1434,696,0,True,False,False
0,696,1434,0,True,False,False
0,1434,1192,0,True,False,False
0,1192,1434,0,True,False,False
0,1065,20,0,True,False,False
0,20,1065,0,True,False,False
0,1065,1056,0,True,False,False
0,1056,1065,0,True,False,False
0,20,480,0,True,False,False
0,480,20,0,True,False,False
0,20,1416,0,True,False,False
0,1416,20,0,True,False,False
0,262,1080,0,True,False,False
0,1080,262,0,True,False,False
0,1080,1236,0,True,False,False
0,1236,1080,0,True,False,False
0,1080,1553,0,True,False,False
0,1553,1080,0,True,False,False
0,480,1091,0,True,False,False
0,1091,480,0,True,False,False
0,480,251,0,True,False,False
0,251,480,0,True,False,False
0,1091,564,0,True,False,False
0,564,1091,0,True,False,False
0,1091,1290,0,True,False,False
0,1290,1091,0,True,False,False
0,130,738,0,True,False,False
0,738,130,0,True,False,False
0,784,130,0,True,False,False
0,130,784,0,True,False,False
0,403,1133,0,True,False,False
0,1133,403,0,True,False,False
0,403,1563,0,True,False,False
0,1563,403,0,True,False,False
0,403,1166,0,True,False,False
0,1166,403,0,True,False,False
0,403,440,0,True,False,False
0,440,403,0,True,False,False
0,403,1538,0,True,False,False
0,1538,403,0,True,False,False
0,403,1192,0,True,False,False
0,1192,403,0,True,False,False
0,22,185,0,True,False,False
0,185,22,0,True,False,False
0,22,1520,0,True,False,False
0,1520,22,0,True,False,False
0,22,434,0,True,False,False
0,434,22,0,True,False,False
0,1300,1424,0,True,False,False
0,1424,1300,0,True,False,False
0,1300,1208,0,True,False,False
0,1208,1300,0,True,False,False
0,1300,1274,0,True,False,False
0,1274,1300,0,True,False,False
0,1300,733,0,True,False,False
0,733,1300,0,True,False,False
0,1290,869,0,True,False,False
0,869,1290,0,True,False,False
0,1370,966,0,True,False,False
0,966,1370,0,True,False,False
0,1370,738,0,True,False,False
0,738,1370,0,True,False,False
0,1370,196,0,True,False,False
0,196,1370,0,True,False,False
0,784,1370,0,True,False,False
0,1370,784,0,True,False,False
0,1370,1208,0,True,False,False
0,1208,1370,0,True,False,False
0,1370,592,0,True,False,False
0,592,1370,0,True,False,False
0,1370,204,0,True,False,False
0,204,1370,0,True,False,False
0,196,340,0,True,False,False
0,340,196,0,True,False,False
0,1539,66,0,True,False,False
0,66,1539,0,True,False,False
0,1539,469,0,True,False,False
0,469,1539,0,True,False,False
0,1539,828,0,True,False,False
0,828,1539,0,True,False,False
0,1431,340,0,True,False,False
0,340,1431,0,True,False,False
0,1431,469,0,True,False,False
0,469,1431,0,True,False,False
0,1431,1097,0,True,False,False
0,1097,1431,0,True,False,False
0,340,966,0,True,False,False
0,966,340,0,True,False,False
0,469,1525,0,True,False,False
0,1525,469,0,True,False,False
0,112,867,0,True,False,False
0,867,112,0,True,False,False
0,867,522,0,True,False,False
0,522,867,0,True,False,False
0,867,701,0,True,False,False
0,701,867,0,True,False,False
0,1195,867,0,True,False,False
0,867,1195,0,True,False,False
0,1382,378,0,True,False,False
0,378,1382,0,True,False,False
0,1195,1225,0,True,False,False
0,1225,1195,0,True,False,False
0,1195,701,0,True,False,False
0,701,1195,0,True,False,False
0,784,965,0,True,False,False
0,965,784,0,True,False,False
0,784,770,0,True,False,False
0,770,784,0,True,False,False
0,784,306,0,True,False,False
0,306,784,0,True,False,False
0,784,1225,0,True,False,False
0,1225,784,0,True,False,False
0,784,587,0,True,False,False
0,587,784,0,True,False,False
0,784,1245,0,True,False,False
0,1245,784,0,True,False,False
0,784,1338,0,True,False,False
0,1338,784,0,True,False,False
0,784,1563,0,True,False,False
0,1563,784,0,True,False,False
0,784,1156,0,True,False,False
0,1156,784,0,True,False,False
0,784,641,0,True,False,False
0,641,784,0,True,False,False
0,784,385,0,True,False,False
0,385,784,0,True,False,False
0,784,1236,0,True,False,False
0,1236,784,0,True,False,False
0,784,769,0,True,False,False
0,769,784,0,True,False,False
0,784,1546,0,True,False,False
0,1546,784,0,True,False,False
0,784,215,0,True,False,False
0,215,784,0,True,False,False
0,784,849,0,True,False,False
0,849,784,0,True,False,False
0,784,1393,0,True,False,False
0,1393,784,0,True,False,False
0,784,592,0,True,False,False
0,592,784,0,True,False,False
0,784,388,0,True,False,False
0,388,784,0,True,False,False
0,784,1368,0,True,False,False
0,1368,784,0,True,False,False
0,784,126,0,True,False,False
0,126,784,0,True,False,False
0,784,169,0,True,False,False
0,169,784,0,True,False,False
0,784,711,0,True,False,False
0,711,784,0,True,False,False
0,784,1175,0,True,False,False
0,1175,784,0,True,False,False
0,784,481,0,True,False,False
0,481,784,0,True,False,False
0,784,1361,0,True,False,False
0,1361,784,0,True,False,False
0,784,264,0,True,False,False
0,264,784,0,True,False,False
0,784,1520,0,True,False,False
0,1520,784,0,True,False,False
0,784,1330,0,True,False,False
0,1330,784,0,True,False,False
0,784,954,0,True,False,False
0,954,784,0,True,False,False
0,784,307,0,True,False,False
0,307,784,0,True,False,False
0,784,8,0,True,False,False
0,8,784,0,True,False,False
0,784,172,0,True,False,False
0,172,784,0,True,False,False
0,262,204,0,True,False,False
0,204,262,0,True,False,False
0,262,1553,0,True,False,False
0,1553,262,0,True,False,False
0,1162,1128,0,True,False,False
0,1128,1162,0,True,False,False
0,1162,1486,0,True,False,False
0,1486,1162,0,True,False,False
0,1162,1245,0,True,False,False
0,1245,1162,0,True,False,False
0,1162,385,0,True,False,False
0,385,1162,0,True,False,False
0,1162,489,0,True,False,False
0,489,1162,0,True,False,False
0,1162,1610,0,True,False,False
0,1610,1162,0,True,False,False
0,1162,201,0,True,False,False
0,201,1162,0,True,False,False
0,1162,1190,0,True,False,False
0,1190,1162,0,True,False,False
0,1162,588,0,True,False,False
0,588,1162,0,True,False,False
0,291,1486,0,True,False,False
0,1486,291,0,True,False,False
0,1486,1529,0,True,False,False
0,1529,1486,0,True,False,False
0,1486,391,0,True,False,False
0,391,1486,0,True,False,False
0,1486,583,0,True,False,False
0,583,1486,0,True,False,False
0,1094,1486,0,True,False,False
0,1486,1094,0,True,False,False
0,1486,1128,0,True,False,False
0,1128,1486,0,True,False,False
0,1486,479,0,True,False,False
0,479,1486,0,True,False,False
0,1486,489,0,True,False,False
0,489,1486,0,True,False,False
0,1486,1541,0,True,False,False
0,1541,1486,0,True,False,False
0,1447,1486,0,True,False,False
0,1486,1447,0,True,False,False
0,1486,201,0,True,False,False
0,201,1486,0,True,False,False
0,1486,749,0,True,False,False
0,749,1486,0,True,False,False
0,1486,370,0,True,False,False
0,370,1486,0,True,False,False
0,1486,495,0,True,False,False
0,495,1486,0,True,False,False
0,1486,588,0,True,False,False
0,588,1486,0,True,False,False
0,112,1008,0,True,False,False
0,1008,112,0,True,False,False
0,1008,443,0,True,False,False
0,443,1008,0,True,False,False
0,1008,894,0,True,False,False
0,894,1008,0,True,False,False
0,1584,634,0,True,False,False
0,634,1584,0,True,False,False
0,451,965,0,True,False,False
0,965,451,0,True,False,False
0,451,175,0,True,False,False
0,175,451,0,True,False,False
0,451,240,0,True,False,False
0,240,451,0,True,False,False
0,451,185,0,True,False,False
0,185,451,0,True,False,False
0,451,534,0,True,False,False
0,534,451,0,True,False,False
0,451,866,0,True,False,False
0,866,451,0,True,False,False
0,451,4,0,True,False,False
0,4,451,0,True,False,False
0,451,172,0,True,False,False
0,172,451,0,True,False,False
0,112,1424,0,True,False,False
0,1424,112,0,True,False,False
0,112,1133,0,True,False,False
0,1133,112,0,True,False,False
0,112,592,0,True,False,False
0,592,112,0,True,False,False
0,112,1553,0,True,False,False
0,1553,112,0,True,False,False
0,112,314,0,True,False,False
0,314,112,0,True,False,False
0,112,307,0,True,False,False
0,307,112,0,True,False,False
0,47,1403,0,True,False,False
0,1403,47,0,True,False,False
0,47,587,0,True,False,False
0,587,47,0,True,False,False
0,47,440,0,True,False,False
0,440,47,0,True,False,False
0,1071,384,0,True,False,False
0,384,1071,0,True,False,False
0,1071,1156,0,True,False,False
0,1156,1071,0,True,False,False
0,1071,4,0,True,False,False
0,4,1071,0,True,False,False
0,314,58,0,True,False,False
0,58,314,0,True,False,False
0,314,1163,0,True,False,False
0,1163,314,0,True,False,False
0,696,314,0,True,False,False
0,314,696,0,True,False,False
0,778,175,0,True,False,False
0,175,778,0,True,False,False
0,778,711,0,True,False,False
0,711,778,0,True,False,False
0,1133,1403,0,True,False,False
0,1403,1133,0,True,False,False
0,1133,58,0,True,False,False
0,58,1133,0,True,False,False
0,1133,1338,0,True,False,False
0,1338,1133,0,True,False,False
0,1133,1202,0,True,False,False
0,1202,1133,0,True,False,False
0,1133,701,0,True,False,False
0,701,1133,0,True,False,False
0,1553,311,0,True,False,False
0,311,1553,0,True,False,False
0,1447,489,0,True,False,False
0,489,1447,0,True,False,False
0,1447,1393,0,True,False,False
0,1393,1447,0,True,False,False
0,1447,495,0,True,False,False
0,495,1447,0,True,False,False
0,291,97,0,True,False,False
0,97,291,0,True,False,False
0,291,572,0,True,False,False
0,572,291,0,True,False,False
0,291,982,0,True,False,False
0,982,291,0,True,False,False
0,291,1198,0,True,False,False
0,1198,291,0,True,False,False
0,291,188,0,True,False,False
0,188,291,0,True,False,False
0,291,609,0,True,False,False
0,609,291,0,True,False,False
0,291,1047,0,True,False,False
0,1047,291,0,True,False,False
0,291,1562,0,True,False,False
0,1562,291,0,True,False,False
0,291,542,0,True,False,False
0,542,291,0,True,False,False
0,291,1122,0,True,False,False
0,1122,291,0,True,False,False
0,291,697,0,True,False,False
0,697,291,0,True,False,False
0,291,1194,0,True,False,False
0,1194,291,0,True,False,False
0,1294,532,0,True,False,False
0,532,1294,0,True,False,False
0,1294,481,0,True,False,False
0,481,1294,0,True,False,False
0,1294,1190,0,True,False,False
0,1190,1294,0,True,False,False
0,1227,139,0,True,False,False
0,139,1227,0,True,False,False
0,1227,1248,0,True,False,False
0,1248,1227,0,True,False,False
0,1227,153,0,True,False,False
0,153,1227,0,True,False,False
0,696,58,0,True,False,False
0,58,696,0,True,False,False
0,696,1468,0,True,False,False
0,1468,696,0,True,False,False
0,696,622,0,True,False,False
0,622,696,0,True,False,False
0,696,1163,0,True,False,False
0,1163,696,0,True,False,False
0,1424,1274,0,True,False,False
0,1274,1424,0,True,False,False
0,1094,126,0,True,False,False
0,126,1094,0,True,False,False
0,1094,588,0,True,False,False
0,588,1094,0,True,False,False
0,40,769,0,True,False,False
0,769,40,0,True,False,False
0,40,720,0,True,False,False
0,720,40,0,True,False,False
0,40,1542,0,True,False,False
0,1542,40,0,True,False,False
0,948,335,0,True,False,False
0,335,948,0,True,False,False
0,948,1293,0,True,False,False
0,1293,948,0,True,False,False
0,954,965,0,True,False,False
0,965,954,0,True,False,False
0,954,1355,0,True,False,False
0,1355,954,0,True,False,False
0,954,378,0,True,False,False
0,378,954,0,True,False,False
0,954,573,0,True,False,False
0,573,954,0,True,False,False
0,954,729,0,True,False,False
0,729,954,0,True,False,False
0,954,634,0,True,False,False
0,634,954,0,True,False,False
0,634,297,0,True,False,False
0,297,634,0,True,False,False
0,8,634,0,True,False,False
0,634,8,0,True,False,False
0,378,533,0,True,False,False
0,533,378,0,True,False,False
0,533,729,0,True,False,False
0,729,533,0,True,False,False
0,929,533,0,True,False,False
0,533,929,0,True,False,False
0,248,297,0,True,False,False
0,297,248,0,True,False,False
0,297,1569,0,True,False,False
0,1569,297,0,True,False,False
0,297,729,0,True,False,False
0,729,297,0,True,False,False
0,300,107,0,True,False,False
0,107,300,0,True,False,False
0,300,1029,0,True,False,False
0,1029,300,0,True,False,False
0,300,1166,0,True,False,False
0,1166,300,0,True,False,False
0,300,913,0,True,False,False
0,913,300,0,True,False,False
0,300,143,0,True,False,False
0,143,300,0,True,False,False
0,1403,502,0,True,False,False
0,502,1403,0,True,False,False
0,1403,440,0,True,False,False
0,440,1403,0,True,False,False
0,1102,1202,0,True,False,False
0,1202,1102,0,True,False,False
0,1202,669,0,True,False,False
0,669,1202,0,True,False,False
0,1202,1192,0,True,False,False
0,1192,1202,0,True,False,False
0,1166,1029,0,True,False,False
0,1029,1166,0,True,False,False
0,1166,913,0,True,False,False
0,913,1166,0,True,False,False
0,701,237,0,True,False,False
0,237,701,0,True,False,False
0,440,141,0,True,False,False
0,141,440,0,True,False,False
0,1538,558,0,True,False,False
0,558,1538,0,True,False,False
0,1538,715,0,True,False,False
0,715,1538,0,True,False,False
0,866,349,0,True,False,False
0,349,866,0,True,False,False
0,866,585,0,True,False,False
0,585,866,0,True,False,False
0,808,866,0,True,False,False
0,866,808,0,True,False,False
0,558,1178,0,True,False,False
0,1178,558,0,True,False,False
0,1192,350,0,True,False,False
0,350,1192,0,True,False,False
0,1102,1192,0,True,False,False
0,1192,1102,0,True,False,False
0,1029,107,0,True,False,False
0,107,1029,0,True,False,False
0,1208,278,0,True,False,False
0,278,1208,0,True,False,False
0,1208,1274,0,True,False,False
0,1274,1208,0,True,False,False
0,1208,902,0,True,False,False
0,902,1208,0,True,False,False
0,1274,592,0,True,False,False
0,592,1274,0,True,False,False
0,1274,733,0,True,False,False
0,733,1274,0,True,False,False
0,1181,534,0,True,False,False
0,534,1181,0,True,False,False
0,534,327,0,True,False,False
0,327,534,0,True,False,False
0,534,811,0,True,False,False
0,811,534,0,True,False,False
0,733,320,0,True,False,False
0,320,733,0,True,False,False
0,733,278,0,True,False,False
0,278,733,0,True,False,False
0,733,1139,0,True,False,False
0,1139,733,0,True,False,False
0,733,466,0,True,False,False
0,466,733,0,True,False,False
0,733,902,0,True,False,False
0,902,733,0,True,False,False
0,592,1139,0,True,False,False
0,1139,592,0,True,False,False
0,592,894,0,True,False,False
0,894,592,0,True,False,False
0,592,153,0,True,False,False
0,153,592,0,True,False,False
0,592,307,0,True,False,False
0,307,592,0,True,False,False
0,592,311,0,True,False,False
0,311,592,0,True,False,False
0,307,139,0,True,False,False
0,139,307,0,True,False,False
0,307,1338,0,True,False,False
0,1338,307,0,True,False,False
0,307,443,0,True,False,False
0,443,307,0,True,False,False
0,307,1103,0,True,False,False
0,1103,307,0,True,False,False
0,307,522,0,True,False,False
0,522,307,0,True,False,False
0,307,1163,0,True,False,False
0,1163,307,0,True,False,False
0,153,139,0,True,False,False
0,139,153,0,True,False,False
0,153,1248,0,True,False,False
0,1248,153,0,True,False,False
0,1102,350,0,True,False,False
0,350,1102,0,True,False,False
0,1102,669,0,True,False,False
0,669,1102,0,True,False,False
0,1102,663,0,True,False,False
0,663,1102,0,True,False,False
0,139,1517,0,True,False,False
0,1517,139,0,True,False,False
0,139,1502,0,True,False,False
0,1502,139,0,True,False,False
0,1248,1139,0,True,False,False
0,1139,1248,0,True,False,False
0,1248,146,0,True,False,False
0,146,1248,0,True,False,False
0,1248,1517,0,True,False,False
0,1517,1248,0,True,False,False
0,1248,498,0,True,False,False
0,498,1248,0,True,False,False
0,1248,1502,0,True,False,False
0,1502,1248,0,True,False,False
0,240,793,0,True,False,False
0,793,240,0,True,False,False
0,1531,240,0,True,False,False
0,240,1531,0,True,False,False
0,171,240,0,True,False,False
0,240,171,0,True,False,False
0,622,509,0,True,False,False
0,509,622,0,True,False,False
0,622,647,0,True,False,False
0,647,622,0,True,False,False
0,622,1468,0,True,False,False
0,1468,622,0,True,False,False
0,622,1144,0,True,False,False
0,1144,622,0,True,False,False
0,622,7,0,True,False,False
0,7,622,0,True,False,False
0,622,1347,0,True,False,False
0,1347,622,0,True,False,False
0,58,1468,0,True,False,False
0,1468,58,0,True,False,False
0,1468,1338,0,True,False,False
0,1338,1468,0,True,False,False
0,1163,1468,0,True,False,False
0,1468,1163,0,True,False,False
0,204,1010,0,True,False,False
0,1010,204,0,True,False,False
0,204,1236,0,True,False,False
0,1236,204,0,True,False,False
0,204,311,0,True,False,False
0,311,204,0,True,False,False
0,929,205,0,True,False,False
0,205,929,0,True,False,False
0,1590,929,0,True,False,False
0,929,1590,0,True,False,False
0,1225,1609,0,True,False,False
0,1609,1225,0,True,False,False
0,1225,522,0,True,False,False
0,522,1225,0,True,False,False
0,1225,237,0,True,False,False
0,237,1225,0,True,False,False
0,306,432,0,True,False,False
0,432,306,0,True,False,False
0,306,443,0,True,False,False
0,443,306,0,True,False,False
0,306,894,0,True,False,False
0,894,306,0,True,False,False
0,1236,1032,0,True,False,False
0,1032,1236,0,True,False,False
0,1236,311,0,True,False,False
0,311,1236,0,True,False,False
0,522,3,0,True,False,False
0,3,522,0,True,False,False
0,522,237,0,True,False,False
0,237,522,0,True,False,False
0,1293,1590,0,True,False,False
0,1590,1293,0,True,False,False
0,1590,1241,0,True,False,False
0,1241,1590,0,True,False,False
0,1500,1505,0,True,False,False
0,1505,1500,0,True,False,False
0,1505,396,0,True,False,False
0,396,1505,0,True,False,False
0,1505,890,0,True,False,False
0,890,1505,0,True,False,False
0,1505,251,0,True,False,False
0,251,1505,0,True,False,False
0,1163,7,0,True,False,False
0,7,1163,0,True,False,False
0,1163,1347,0,True,False,False
0,1347,1163,0,True,False,False
0,171,1531,0,True,False,False
0,1531,171,0,True,False,False
0,171,573,0,True,False,False
0,573,171,0,True,False,False
0,311,133,0,True,False,False
0,133,311,0,True,False,False
0,894,458,0,True,False,False
0,458,894,0,True,False,False
0,894,443,0,True,False,False
0,443,894,0,True,False,False
0,443,614,0,True,False,False
0,614,443,0,True,False,False
0,890,907,0,True,False,False
0,907,890,0,True,False,False
0,890,1327,0,True,False,False
0,1327,890,0,True,False,False
0,890,1416,0,True,False,False
0,1416,890,0,True,False,False
0,1327,248,0,True,False,False
0,248,1327,0,True,False,False
0,248,388,0,True,False,False
0,388,248,0,True,False,False
0,8,248,0,True,False,False
0,248,8,0,True,False,False
0,849,1325,0,True,False,False
0,1325,849,0,True,False,False
0,849,1245,0,True,False,False
0,1245,849,0,True,False,False
0,849,973,0,True,False,False
0,973,849,0,True,False,False
0,849,531,0,True,False,False
0,531,849,0,True,False,False
0,849,877,0,True,False,False
0,877,849,0,True,False,False
0,849,464,0,True,False,False
0,464,849,0,True,False,False
0,185,286,0,True,False,False
0,286,185,0,True,False,False
0,185,434,0,True,False,False
0,434,185,0,True,False,False
0,907,396,0,True,False,False
0,396,907,0,True,False,False
0,1569,907,0,True,False,False
0,907,1569,0,True,False,False
0,907,1241,0,True,False,False
0,1241,907,0,True,False,False
0,1293,317,0,True,False,False
0,317,1293,0,True,False,False
0,1531,793,0,True,False,False
0,793,1531,0,True,False,False
0,1531,46,0,True,False,False
0,46,1531,0,True,False,False
0,1531,573,0,True,False,False
0,573,1531,0,True,False,False
0,396,1344,0,True,False,False
0,1344,396,0,True,False,False
0,396,317,0,True,False,False
0,317,396,0,True,False,False
0,66,1234,0,True,False,False
0,1234,66,0,True,False,False
0,1327,1056,0,True,False,False
0,1056,1327,0,True,False,False
0,1327,1569,0,True,False,False
0,1569,1327,0,True,False,False
0,452,1500,0,True,False,False
0,1500,452,0,True,False,False
0,452,1344,0,True,False,False
0,1344,452,0,True,False,False
0,452,869,0,True,False,False
0,869,452,0,True,False,False
0,1500,1344,0,True,False,False
0,1344,1500,0,True,False,False
0,1500,564,0,True,False,False
0,564,1500,0,True,False,False
0,808,1176,0,True,False,False
0,1176,808,0,True,False,False
0,808,349,0,True,False,False
0,349,808,0,True,False,False
0,808,585,0,True,False,False
0,585,808,0,True,False,False
0,1569,205,0,True,False,False
0,205,1569,0,True,False,False
0,175,1580,0,True,False,False
0,1580,175,0,True,False,False
0,175,727,0,True,False,False
0,727,175,0,True,False,False
0,1344,335,0,True,False,False
0,335,1344,0,True,False,False
0,1181,327,0,True,False,False
0,327,1181,0,True,False,False
0,1181,811,0,True,False,False
0,811,1181,0,True,False,False
0,1181,934,0,True,False,False
0,934,1181,0,True,False,False
0,1181,1493,0,True,False,False
0,1493,1181,0,True,False,False
0,384,1355,0,True,False,False
0,1355,384,0,True,False,False
0,384,4,0,True,False,False
0,4,384,0,True,False,False
0,4,166,0,True,False,False
0,166,4,0,True,False,False
0,770,246,0,True,False,False
0,246,770,0,True,False,False
0,246,1146,0,True,False,False
0,1146,246,0,True,False,False
0,246,1126,0,True,False,False
0,1126,246,0,True,False,False
0,246,84,0,True,False,False
0,84,246,0,True,False,False
0,246,247,0,True,False,False
0,247,246,0,True,False,False
0,246,475,0,True,False,False
0,475,246,0,True,False,False
0,479,246,0,True,False,False
0,246,479,0,True,False,False
0,246,1152,0,True,False,False
0,1152,246,0,True,False,False
0,246,661,0,True,False,False
0,661,246,0,True,False,False
0,246,1306,0,True,False,False
0,1306,246,0,True,False,False
0,246,280,0,True,False,False
0,280,246,0,True,False,False
0,246,1613,0,True,False,False
0,1613,246,0,True,False,False
0,246,370,0,True,False,False
0,370,246,0,True,False,False
0,246,531,0,True,False,False
0,531,246,0,True,False,False
0,246,1589,0,True,False,False
0,1589,246,0,True,False,False
0,1056,1392,0,True,False,False
0,1392,1056,0,True,False,False
0,1056,1484,0,True,False,False
0,1484,1056,0,True,False,False
0,1056,761,0,True,False,False
0,761,1056,0,True,False,False
0,1056,205,0,True,False,False
0,205,1056,0,True,False,False
0,1056,605,0,True,False,False
0,605,1056,0,True,False,False
0,1056,606,0,True,False,False
0,606,1056,0,True,False,False
0,1056,247,0,True,False,False
0,247,1056,0,True,False,False
0,1056,675,0,True,False,False
0,675,1056,0,True,False,False
0,1056,1153,0,True,False,False
0,1153,1056,0,True,False,False
0,1056,399,0,True,False,False
0,399,1056,0,True,False,False
0,1056,299,0,True,False,False
0,299,1056,0,True,False,False
0,1056,1097,0,True,False,False
0,1097,1056,0,True,False,False
0,1056,1314,0,True,False,False
0,1314,1056,0,True,False,False
0,1056,569,0,True,False,False
0,569,1056,0,True,False,False
0,1056,1400,0,True,False,False
0,1400,1056,0,True,False,False
0,1056,1360,0,True,False,False
0,1360,1056,0,True,False,False
0,1056,86,0,True,False,False
0,86,1056,0,True,False,False
0,1056,624,0,True,False,False
0,624,1056,0,True,False,False
0,1056,184,0,True,False,False
0,184,1056,0,True,False,False
0,1056,1004,0,True,False,False
0,1004,1056,0,True,False,False
0,1056,577,0,True,False,False
0,577,1056,0,True,False,False
0,388,1056,0,True,False,False
0,1056,388,0,True,False,False
0,1056,462,0,True,False,False
0,462,1056,0,True,False,False
0,1056,65,0,True,False,False
0,65,1056,0,True,False,False
0,1056,1607,0,True,False,False
0,1607,1056,0,True,False,False
0,1056,356,0,True,False,False
0,356,1056,0,True,False,False
0,1056,267,0,True,False,False
0,267,1056,0,True,False,False
0,1056,597,0,True,False,False
0,597,1056,0,True,False,False
0,1056,463,0,True,False,False
0,463,1056,0,True,False,False
0,1056,1099,0,True,False,False
0,1099,1056,0,True,False,False
0,1056,268,0,True,False,False
0,268,1056,0,True,False,False
0,1056,135,0,True,False,False
0,135,1056,0,True,False,False
0,1056,816,0,True,False,False
0,816,1056,0,True,False,False
0,1056,1416,0,True,False,False
0,1416,1056,0,True,False,False
0,1194,183,0,True,False,False
0,183,1194,0,True,False,False
0,1194,394,0,True,False,False
0,394,1194,0,True,False,False
0,1194,908,0,True,False,False
0,908,1194,0,True,False,False
0,542,1194,0,True,False,False
0,1194,542,0,True,False,False
0,965,793,0,True,False,False
0,793,965,0,True,False,False
0,965,166,0,True,False,False
0,166,965,0,True,False,False
0,965,1580,0,True,False,False
0,1580,965,0,True,False,False
0,965,349,0,True,False,False
0,349,965,0,True,False,False
0,965,943,0,True,False,False
0,943,965,0,True,False,False
0,172,965,0,True,False,False
0,965,172,0,True,False,False
0,434,514,0,True,False,False
0,514,434,0,True,False,False
0,489,1436,0,True,False,False
0,1436,489,0,True,False,False
0,495,489,0,True,False,False
0,489,495,0,True,False,False
0,1338,502,0,True,False,False
0,502,1338,0,True,False,False
0,1338,1563,0,True,False,False
0,1563,1338,0,True,False,False
0,1338,237,0,True,False,False
0,237,1338,0,True,False,False
0,1338,1144,0,True,False,False
0,1144,1338,0,True,False,False
0,1338,669,0,True,False,False
0,669,1338,0,True,False,False
0,697,986,0,True,False,False
0,986,697,0,True,False,False
0,697,97,0,True,False,False
0,97,697,0,True,False,False
0,697,609,0,True,False,False
0,609,697,0,True,False,False
0,1361,362,0,True,False,False
0,362,1361,0,True,False,False
0,1361,448,0,True,False,False
0,448,1361,0,True,False,False
0,1361,514,0,True,False,False
0,514,1361,0,True,False,False
0,1361,145,0,True,False,False
0,145,1361,0,True,False,False
0,1361,934,0,True,False,False
0,934,1361,0,True,False,False
0,1330,1361,0,True,False,False
0,1361,1330,0,True,False,False
0,1361,172,0,True,False,False
0,172,1361,0,True,False,False
0,1542,448,0,True,False,False
0,448,1542,0,True,False,False
0,1542,720,0,True,False,False
0,720,1542,0,True,False,False
0,1520,286,0,True,False,False
0,286,1520,0,True,False,False
0,1520,514,0,True,False,False
0,514,1520,0,True,False,False
0,1520,1359,0,True,False,False
0,1359,1520,0,True,False,False
0,588,1045,0,True,False,False
0,1045,588,0,True,False,False
0,588,1594,0,True,False,False
0,1594,588,0,True,False,False
0,172,286,0,True,False,False
0,286,172,0,True,False,False
0,172,919,0,True,False,False
0,919,172,0,True,False,False
0,172,811,0,True,False,False
0,811,172,0,True,False,False
0,172,727,0,True,False,False
0,727,172,0,True,False,False
0,172,585,0,True,False,False
0,585,172,0,True,False,False
0,1245,1509,0,True,False,False
0,1509,1245,0,True,False,False
0,1245,385,0,True,False,False
0,385,1245,0,True,False,False
0,1245,1277,0,True,False,False
0,1277,1245,0,True,False,False
0,1245,1594,0,True,False,False
0,1594,1245,0,True,False,False
0,1245,615,0,True,False,False
0,615,1245,0,True,False,False
0,1245,1436,0,True,False,False
0,1436,1245,0,True,False,False
0,1047,572,0,True,False,False
0,572,1047,0,True,False,False
0,572,213,0,True,False,False
0,213,572,0,True,False,False
0,201,1529,0,True,False,False
0,1529,201,0,True,False,False
0,201,1509,0,True,False,False
0,1509,201,0,True,False,False
0,201,284,0,True,False,False
0,284,201,0,True,False,False
0,1562,441,0,True,False,False
0,441,1562,0,True,False,False
0,1562,739,0,True,False,False
0,739,1562,0,True,False,False
0,739,1134,0,True,False,False
0,1134,739,0,True,False,False
0,739,1406,0,True,False,False
0,1406,739,0,True,False,False
0,739,602,0,True,False,False
0,602,739,0,True,False,False
0,739,35,0,True,False,False
0,35,739,0,True,False,False
0,739,1127,0,True,False,False
0,1127,739,0,True,False,False
0,739,1583,0,True,False,False
0,1583,739,0,True,False,False
0,739,441,0,True,False,False
0,441,739,0,True,False,False
0,1122,739,0,True,False,False
0,739,1122,0,True,False,False
0,739,1387,0,True,False,False
0,1387,739,0,True,False,False
0,1175,739,0,True,False,False
0,739,1175,0,True,False,False
0,739,1099,0,True,False,False
0,1099,739,0,True,False,False
0,739,1476,0,True,False,False
0,1476,739,0,True,False,False
0,739,318,0,True,False,False
0,318,739,0,True,False,False
0,739,386,0,True,False,False
0,386,739,0,True,False,False
0,370,391,0,True,False,False
0,391,370,0,True,False,False
0,370,70,0,True,False,False
0,70,370,0,True,False,False
0,1122,370,0,True,False,False
0,370,1122,0,True,False,False
0,370,700,0,True,False,False
0,700,370,0,True,False,False
0,1416,1525,0,True,False,False
0,1525,1416,0,True,False,False
0,1416,991,0,True,False,False
0,991,1416,0,True,False,False
0,1416,1349,0,True,False,False
0,1349,1416,0,True,False,False
0,1416,43,0,True,False,False
0,43,1416,0,True,False,False
0,1416,1371,0,True,False,False
0,1371,1416,0,True,False,False
0,1416,1406,0,True,False,False
0,1406,1416,0,True,False,False
0,1416,500,0,True,False,False
0,500,1416,0,True,False,False
0,1416,1092,0,True,False,False
0,1092,1416,0,True,False,False
0,1416,427,0,True,False,False
0,427,1416,0,True,False,False
0,1416,1212,0,True,False,False
0,1212,1416,0,True,False,False
0,1416,424,0,True,False,False
0,424,1416,0,True,False,False
0,1416,1235,0,True,False,False
0,1235,1416,0,True,False,False
0,1416,288,0,True,False,False
0,288,1416,0,True,False,False
0,1416,722,0,True,False,False
0,722,1416,0,True,False,False
0,1416,190,0,True,False,False
0,190,1416,0,True,False,False
0,1416,528,0,True,False,False
0,528,1416,0,True,False,False
0,1416,1613,0,True,False,False
0,1613,1416,0,True,False,False
0,1416,927,0,True,False,False
0,927,1416,0,True,False,False
0,1416,1090,0,True,False,False
0,1090,1416,0,True,False,False
0,1416,846,0,True,False,False
0,846,1416,0,True,False,False
0,1416,674,0,True,False,False
0,674,1416,0,True,False,False
0,1416,832,0,True,False,False
0,832,1416,0,True,False,False
0,1416,1381,0,True,False,False
0,1381,1416,0,True,False,False
0,1416,818,0,True,False,False
0,818,1416,0,True,False,False
0,1416,912,0,True,False,False
0,912,1416,0,True,False,False
0,1416,551,0,True,False,False
0,551,1416,0,True,False,False
0,1416,1241,0,True,False,False
0,1241,1416,0,True,False,False
0,1416,251,0,True,False,False
0,251,1416,0,True,False,False
0,1416,105,0,True,False,False
0,105,1416,0,True,False,False
0,1416,1083,0,True,False,False
0,1083,1416,0,True,False,False
0,1416,1037,0,True,False,False
0,1037,1416,0,True,False,False
0,1416,951,0,True,False,False
0,951,1416,0,True,False,False
0,1416,1345,0,True,False,False
0,1345,1416,0,True,False,False
0,251,1112,0,True,False,False
0,1112,251,0,True,False,False
0,251,1149,0,True,False,False
0,1149,251,0,True,False,False
0,251,325,0,True,False,False
0,325,251,0,True,False,False
0,251,1134,0,True,False,False
0,1134,251,0,True,False,False
0,251,317,0,True,False,False
0,317,251,0,True,False,False
0,251,830,0,True,False,False
0,830,251,0,True,False,False
0,251,564,0,True,False,False
0,564,251,0,True,False,False
0,251,989,0,True,False,False
0,989,251,0,True,False,False
0,251,662,0,True,False,False
0,662,251,0,True,False,False
0,251,310,0,True,False,False
0,310,251,0,True,False,False
0,251,244,0,True,False,False
0,244,251,0,True,False,False
0,251,390,0,True,False,False
0,390,251,0,True,False,False
0,251,1429,0,True,False,False
0,1429,251,0,True,False,False
0,251,661,0,True,False,False
0,661,251,0,True,False,False
0,251,1373,0,True,False,False
0,1373,251,0,True,False,False
0,251,1084,0,True,False,False
0,1084,251,0,True,False,False
0,251,265,0,True,False,False
0,265,251,0,True,False,False
0,251,852,0,True,False,False
0,852,251,0,True,False,False
0,251,820,0,True,False,False
0,820,251,0,True,False,False
0,251,610,0,True,False,False
0,610,251,0,True,False,False
0,251,82,0,True,False,False
0,82,251,0,True,False,False
0,251,659,0,True,False,False
0,659,251,0,True,False,False
0,251,613,0,True,False,False
0,613,251,0,True,False,False
0,251,1557,0,True,False,False
0,1557,251,0,True,False,False
0,251,373,0,True,False,False
0,373,251,0,True,False,False
0,251,1142,0,True,False,False
0,1142,251,0,True,False,False
0,251,260,0,True,False,False
0,260,251,0,True,False,False
0,251,998,0,True,False,False
0,998,251,0,True,False,False
0,251,976,0,True,False,False
0,976,251,0,True,False,False
0,251,499,0,True,False,False
0,499,251,0,True,False,False
0,251,214,0,True,False,False
0,214,251,0,True,False,False
0,251,828,0,True,False,False
0,828,251,0,True,False,False
0,251,841,0,True,False,False
0,841,251,0,True,False,False
0,564,1076,0,True,False,False
0,1076,564,0,True,False,False
0,564,845,0,True,False,False
0,845,564,0,True,False,False
0,564,168,0,True,False,False
0,168,564,0,True,False,False
0,564,309,0,True,False,False
0,309,564,0,True,False,False
0,564,1224,0,True,False,False
0,1224,564,0,True,False,False
0,564,335,0,True,False,False
0,335,564,0,True,False,False
0,564,1234,0,True,False,False
0,1234,564,0,True,False,False
0,564,393,0,True,False,False
0,393,564,0,True,False,False
0,564,540,0,True,False,False
0,540,564,0,True,False,False
0,564,980,0,True,False,False
0,980,564,0,True,False,False
0,564,632,0,True,False,False
0,632,564,0,True,False,False
0,564,229,0,True,False,False
0,229,564,0,True,False,False
0,564,26,0,True,False,False
0,26,564,0,True,False,False
0,564,860,0,True,False,False
0,860,564,0,True,False,False
0,564,1413,0,True,False,False
0,1413,564,0,True,False,False
0,564,510,0,True,False,False
0,510,564,0,True,False,False
0,564,869,0,True,False,False
0,869,564,0,True,False,False
0,564,881,0,True,False,False
0,881,564,0,True,False,False
0,564,868,0,True,False,False
0,868,564,0,True,False,False
0,564,493,0,True,False,False
0,493,564,0,True,False,False
0,564,566,0,True,False,False
0,566,564,0,True,False,False
0,564,332,0,True,False,False
0,332,564,0,True,False,False
0,564,367,0,True,False,False
0,367,564,0,True,False,False
0,564,380,0,True,False,False
0,380,564,0,True,False,False
0,564,230,0,True,False,False
0,230,564,0,True,False,False
0,564,889,0,True,False,False
0,889,564,0,True,False,False
0,564,896,0,True,False,False
0,896,564,0,True,False,False
0,564,1605,0,True,False,False
0,1605,564,0,True,False,False
0,564,538,0,True,False,False
0,538,564,0,True,False,False
0,564,1057,0,True,False,False
0,1057,564,0,True,False,False
0,564,1589,0,True,False,False
0,1589,564,0,True,False,False
0,564,1002,0,True,False,False
0,1002,564,0,True,False,False
0,564,386,0,True,False,False
0,386,564,0,True,False,False
0,327,934,0,True,False,False
0,934,327,0,True,False,False
0,117,654,0,True,False,False
0,654,117,0,True,False,False
0,117,362,0,True,False,False
0,362,117,0,True,False,False
0,117,457,0,True,False,False
0,457,117,0,True,False,False
0,1332,117,0,True,False,False
0,117,1332,0,True,False,False
0,117,781,0,True,False,False
0,781,117,0,True,False,False
0,215,1178,0,True,False,False
0,1178,215,0,True,False,False
0,215,183,0,True,False,False
0,183,215,0,True,False,False
0,1563,215,0,True,False,False
0,215,1563,0,True,False,False
0,215,1546,0,True,False,False
0,1546,215,0,True,False,False
0,215,107,0,True,False,False
0,107,215,0,True,False,False
0,215,352,0,True,False,False
0,352,215,0,True,False,False
0,215,779,0,True,False,False
0,779,215,0,True,False,False
0,1186,1214,0,True,False,False
0,1214,1186,0,True,False,False
0,1186,1257,0,True,False,False
0,1257,1186,0,True,False,False
0,1186,1610,0,True,False,False
0,1610,1186,0,True,False,False
0,1186,751,0,True,False,False
0,751,1186,0,True,False,False
0,1186,37,0,True,False,False
0,37,1186,0,True,False,False
0,126,1045,0,True,False,False
0,1045,126,0,True,False,False
0,126,1594,0,True,False,False
0,1594,126,0,True,False,False
0,126,788,0,True,False,False
0,788,126,0,True,False,False
0,1330,1001,0,True,False,False
0,1001,1330,0,True,False,False
0,385,1330,0,True,False,False
0,1330,385,0,True,False,False
0,1330,457,0,True,False,False
0,457,1330,0,True,False,False
0,1330,1036,0,True,False,False
0,1036,1330,0,True,False,False
0,1330,751,0,True,False,False
0,751,1330,0,True,False,False
0,1330,882,0,True,False,False
0,882,1330,0,True,False,False
0,264,1463,0,True,False,False
0,1463,264,0,True,False,False
0,1546,264,0,True,False,False
0,264,1546,0,True,False,False
0,264,441,0,True,False,False
0,441,264,0,True,False,False
0,264,68,0,True,False,False
0,68,264,0,True,False,False
0,264,375,0,True,False,False
0,375,264,0,True,False,False
0,264,213,0,True,False,False
0,213,264,0,True,False,False
0,770,1306,0,True,False,False
0,1306,770,0,True,False,False
0,770,531,0,True,False,False
0,531,770,0,True,False,False
0,720,882,0,True,False,False
0,882,720,0,True,False,False
0,769,448,0,True,False,False
0,448,769,0,True,False,False
0,769,1070,0,True,False,False
0,1070,769,0,True,False,False
0,769,882,0,True,False,False
0,882,769,0,True,False,False
0,532,1036,0,True,False,False
0,1036,532,0,True,False,False
0,532,1190,0,True,False,False
0,1190,532,0,True,False,False
0,388,966,0,True,False,False
0,966,388,0,True,False,False
0,388,1285,0,True,False,False
0,1285,388,0,True,False,False
0,388,1219,0,True,False,False
0,1219,388,0,True,False,False
0,388,1096,0,True,False,False
0,1096,388,0,True,False,False
0,388,1001,0,True,False,False
0,1001,388,0,True,False,False
0,388,1609,0,True,False,False
0,1609,388,0,True,False,False
0,388,1087,0,True,False,False
0,1087,388,0,True,False,False
0,388,1396,0,True,False,False
0,1396,388,0,True,False,False
0,388,432,0,True,False,False
0,432,388,0,True,False,False
0,388,1139,0,True,False,False
0,1139,388,0,True,False,False
0,388,919,0,True,False,False
0,919,388,0,True,False,False
0,388,556,0,True,False,False
0,556,388,0,True,False,False
0,388,943,0,True,False,False
0,943,388,0,True,False,False
0,388,1070,0,True,False,False
0,1070,388,0,True,False,False
0,388,202,0,True,False,False
0,202,388,0,True,False,False
0,388,1103,0,True,False,False
0,1103,388,0,True,False,False
0,388,1306,0,True,False,False
0,1306,388,0,True,False,False
0,388,1059,0,True,False,False
0,1059,388,0,True,False,False
0,388,973,0,True,False,False
0,973,388,0,True,False,False
0,388,729,0,True,False,False
0,729,388,0,True,False,False
0,388,271,0,True,False,False
0,271,388,0,True,False,False
0,388,68,0,True,False,False
0,68,388,0,True,False,False
0,388,145,0,True,False,False
0,145,388,0,True,False,False
0,388,1359,0,True,False,False
0,1359,388,0,True,False,False
0,388,788,0,True,False,False
0,788,388,0,True,False,False
0,388,779,0,True,False,False
0,779,388,0,True,False,False
0,388,1387,0,True,False,False
0,1387,388,0,True,False,False
0,388,615,0,True,False,False
0,615,388,0,True,False,False
0,388,1144,0,True,False,False
0,1144,388,0,True,False,False
0,388,437,0,True,False,False
0,437,388,0,True,False,False
0,388,1032,0,True,False,False
0,1032,388,0,True,False,False
0,388,174,0,True,False,False
0,174,388,0,True,False,False
0,781,457,0,True,False,False
0,457,781,0,True,False,False
0,1332,781,0,True,False,False
0,781,1332,0,True,False,False
0,1190,742,0,True,False,False
0,742,1190,0,True,False,False
0,1122,62,0,True,False,False
0,62,1122,0,True,False,False
0,1122,70,0,True,False,False
0,70,1122,0,True,False,False
0,1122,1243,0,True,False,False
0,1243,1122,0,True,False,False
0,1122,1165,0,True,False,False
0,1165,1122,0,True,False,False
0,1122,212,0,True,False,False
0,212,1122,0,True,False,False
0,1122,1047,0,True,False,False
0,1047,1122,0,True,False,False
0,1122,1454,0,True,False,False
0,1454,1122,0,True,False,False
0,495,877,0,True,False,False
0,877,495,0,True,False,False
0,481,1087,0,True,False,False
0,1087,481,0,True,False,False
0,481,742,0,True,False,False
0,742,481,0,True,False,False
0,481,1036,0,True,False,False
0,1036,481,0,True,False,False
0,1198,352,0,True,False,False
0,352,1198,0,True,False,False
0,1198,1130,0,True,False,False
0,1130,1198,0,True,False,False
0,982,1463,0,True,False,False
0,1463,982,0,True,False,False
0,188,982,0,True,False,False
0,982,188,0,True,False,False
0,1175,441,0,True,False,False
0,441,1175,0,True,False,False
0,1175,1387,0,True,False,False
0,1387,1175,0,True,False,False
0,1332,362,0,True,False,False
0,362,1332,0,True,False,False
0,1368,1178,0,True,False,False
0,1178,1368,0,True,False,False
0,1368,556,0,True,False,False
0,556,1368,0,True,False,False
0,1368,715,0,True,False,False
0,715,1368,0,True,False,False
0,1541,583,0,True,False,False
0,583,1541,0,True,False,False
0,1541,1325,0,True,False,False
0,1325,1541,0,True,False,False
0,1541,1128,0,True,False,False
0,1128,1541,0,True,False,False
0,749,391,0,True,False,False
0,391,749,0,True,False,False
0,749,464,0,True,False,False
0,464,749,0,True,False,False
0,711,1096,0,True,False,False
0,1096,711,0,True,False,False
0,711,1580,0,True,False,False
0,1580,711,0,True,False,False
0,711,727,0,True,False,False
0,727,711,0,True,False,False
0,587,502,0,True,False,False
0,502,587,0,True,False,False
0,587,437,0,True,False,False
0,437,587,0,True,False,False
0,587,141,0,True,False,False
0,141,587,0,True,False,False
0,641,151,0,True,False,False
0,151,641,0,True,False,False
0,641,1463,0,True,False,False
0,1463,641,0,True,False,False
0,641,202,0,True,False,False
0,202,641,0,True,False,False
0,1257,1610,0,True,False,False
0,1610,1257,0,True,False,False
0,1257,751,0,True,False,False
0,751,1257,0,True,False,False
0,1047,252,0,True,False,False
0,252,1047,0,True,False,False
0,1047,760,0,True,False,False
0,760,1047,0,True,False,False
0,1047,218,0,True,False,False
0,218,1047,0,True,False,False
0,1047,629,0,True,False,False
0,629,1047,0,True,False,False
0,1047,1364,0,True,False,False
0,1364,1047,0,True,False,False
0,1047,213,0,True,False,False
0,213,1047,0,True,False,False
0,188,151,0,True,False,False
0,151,188,0,True,False,False
0,479,531,0,True,False,False
0,531,479,0,True,False,False
0,169,352,0,True,False,False
0,352,169,0,True,False,False
0,169,271,0,True,False,False
0,271,169,0,True,False,False
0,169,1130,0,True,False,False
0,1130,169,0,True,False,False
0,1393,1285,0,True,False,False
0,1285,1393,0,True,False,False
0,1393,1436,0,True,False,False
0,1436,1393,0,True,False,False
0,1393,877,0,True,False,False
0,877,1393,0,True,False,False
0,1563,350,0,True,False,False
0,350,1563,0,True,False,False
0,1563,1396,0,True,False,False
0,1396,1563,0,True,False,False
0,1563,913,0,True,False,False
0,913,1563,0,True,False,False
0,1563,141,0,True,False,False
0,141,1563,0,True,False,False
0,1563,715,0,True,False,False
0,715,1563,0,True,False,False
0,1128,583,0,True,False,False
0,583,1128,0,True,False,False
0,1128,1277,0,True,False,False
0,1277,1128,0,True,False,False
0,97,609,0,True,False,False
0,609,97,0,True,False,False
0,609,375,0,True,False,False
0,375,609,0,True,False,False
0,1546,986,0,True,False,False
0,986,1546,0,True,False,False
0,1546,151,0,True,False,False
0,151,1546,0,True,False,False
0,1546,1219,0,True,False,False
0,1219,1546,0,True,False,False
0,1546,394,0,True,False,False
0,394,1546,0,True,False,False
0,1546,1130,0,True,False,False
0,1130,1546,0,True,False,False
0,385,1045,0,True,False,False
0,1045,385,0,True,False,False
0,385,742,0,True,False,False
0,742,385,0,True,False,False
0,385,284,0,True,False,False
0,284,385,0,True,False,False
0,385,174,0,True,False,False
0,174,385,0,True,False,False
0,385,37,0,True,False,False
0,37,385,0,True,False,False
0,1156,166,0,True,False,False
0,166,1156,0,True,False,False
0,1156,1355,0,True,False,False
0,1355,1156,0,True,False,False
0,1156,1059,0,True,False,False
0,1059,1156,0,True,False,False
0,542,183,0,True,False,False
0,183,542,0,True,False,False
0,542,394,0,True,False,False
0,394,542,0,True,False,False
0,1610,37,0,True,False,False
0,37,1610,0,True,False,False
0,97,986,0,True,False,False
0,986,97,0,True,False,False
0,97,1254,0,True,False,False
0,1254,97,0,True,False,False
0,97,375,0,True,False,False
0,375,97,0,True,False,False
0,583,1325,0,True,False,False
0,1325,583,0,True,False,False
0,583,1277,0,True,False,False
0,1277,583,0,True,False,False
0,583,1266,0,True,False,False
0,1266,583,0,True,False,False
0,966,1097,0,True,False,False
0,1097,966,0,True,False,False
0,1525,1097,0,True,False,False
0,1097,1525,0,True,False,False
0,1097,605,0,True,False,False
0,605,1097,0,True,False,False
0,1097,910,0,True,False,False
0,910,1097,0,True,False,False
0,1097,644,0,True,False,False
0,644,1097,0,True,False,False
0,1355,166,0,True,False,False
0,166,1355,0,True,False,False
0,1355,1271,0,True,False,False
0,1271,1355,0,True,False,False
0,46,793,0,True,False,False
0,793,46,0,True,False,False
0,46,1221,0,True,False,False
0,1221,46,0,True,False,False
0,46,1167,0,True,False,False
0,1167,46,0,True,False,False
0,46,1363,0,True,False,False
0,1363,46,0,True,False,False
0,46,943,0,True,False,False
0,943,46,0,True,False,False
0,46,859,0,True,False,False
0,859,46,0,True,False,False
0,1580,727,0,True,False,False
0,727,1580,0,True,False,False
0,727,221,0,True,False,False
0,221,727,0,True,False,False
0,973,84,0,True,False,False
0,84,973,0,True,False,False
0,973,745,0,True,False,False
0,745,973,0,True,False,False
0,973,1266,0,True,False,False
0,1266,973,0,True,False,False
0,624,973,0,True,False,False
0,973,624,0,True,False,False
0,973,615,0,True,False,False
0,615,973,0,True,False,False
0,973,401,0,True,False,False
0,401,973,0,True,False,False
0,1234,632,0,True,False,False
0,632,1234,0,True,False,False
0,869,1234,0,True,False,False
0,1234,869,0,True,False,False
0,1234,1367,0,True,False,False
0,1367,1234,0,True,False,False
0,1234,1040,0,True,False,False
0,1040,1234,0,True,False,False
0,1234,828,0,True,False,False
0,828,1234,0,True,False,False
0,573,793,0,True,False,False
0,793,573,0,True,False,False
0,166,557,0,True,False,False
0,557,166,0,True,False,False
0,391,955,0,True,False,False
0,955,391,0,True,False,False
0,391,54,0,True,False,False
0,54,391,0,True,False,False
0,391,745,0,True,False,False
0,745,391,0,True,False,False
0,391,1075,0,True,False,False
0,1075,391,0,True,False,False
0,391,730,0,True,False,False
0,730,391,0,True,False,False
0,391,464,0,True,False,False
0,464,391,0,True,False,False
0,205,1409,0,True,False,False
0,1409,205,0,True,False,False
0,205,368,0,True,False,False
0,368,205,0,True,False,False
0,729,205,0,True,False,False
0,205,729,0,True,False,False
0,205,65,0,True,False,False
0,65,205,0,True,False,False
0,1241,205,0,True,False,False
0,205,1241,0,True,False,False
0,1176,129,0,True,False,False
0,129,1176,0,True,False,False
0,1176,349,0,True,False,False
0,349,1176,0,True,False,False
0,1176,73,0,True,False,False
0,73,1176,0,True,False,False
0,1176,943,0,True,False,False
0,943,1176,0,True,False,False
0,1176,1384,0,True,False,False
0,1384,1176,0,True,False,False
0,1176,595,0,True,False,False
0,595,1176,0,True,False,False
0,237,1566,0,True,False,False
0,1566,237,0,True,False,False
0,1066,995,0,True,False,False
0,995,1066,0,True,False,False
0,664,1066,0,True,False,False
0,1066,664,0,True,False,False
0,1066,1454,0,True,False,False
0,1454,1066,0,True,False,False
0,1529,1509,0,True,False,False
0,1509,1529,0,True,False,False
0,1529,284,0,True,False,False
0,284,1529,0,True,False,False
0,1529,1357,0,True,False,False
0,1357,1529,0,True,False,False
0,286,985,0,True,False,False
0,985,286,0,True,False,False
0,286,514,0,True,False,False
0,514,286,0,True,False,False
0,1580,1491,0,True,False,False
0,1491,1580,0,True,False,False
0,335,317,0,True,False,False
0,317,335,0,True,False,False
0,317,94,0,True,False,False
0,94,317,0,True,False,False
0,317,1241,0,True,False,False
0,1241,317,0,True,False,False
0,317,197,0,True,False,False
0,197,317,0,True,False,False
0,317,841,0,True,False,False
0,841,317,0,True,False,False
0,107,913,0,True,False,False
0,913,107,0,True,False,False
0,143,107,0,True,False,False
0,107,143,0,True,False,False
0,349,585,0,True,False,False
0,585,349,0,True,False,False
0,669,350,0,True,False,False
0,350,669,0,True,False,False
0,669,663,0,True,False,False
0,663,669,0,True,False,False
0,143,1159,0,True,False,False
0,1159,143,0,True,False,False
0,143,255,0,True,False,False
0,255,143,0,True,False,False
0,143,779,0,True,False,False
0,779,143,0,True,False,False
0,143,294,0,True,False,False
0,294,143,0,True,False,False
0,143,149,0,True,False,False
0,149,143,0,True,False,False
0,502,547,0,True,False,False
0,547,502,0,True,False,False
0,502,141,0,True,False,False
0,141,502,0,True,False,False
0,141,1003,0,True,False,False
0,1003,141,0,True,False,False
0,70,1243,0,True,False,False
0,1243,70,0,True,False,False
0,70,700,0,True,False,False
0,700,70,0,True,False,False
0,70,1420,0,True,False,False
0,1420,70,0,True,False,False
0,70,1454,0,True,False,False
0,1454,70,0,True,False,False
0,1112,873,0,True,False,False
0,873,1112,0,True,False,False
0,1112,1583,0,True,False,False
0,1583,1112,0,True,False,False
0,1112,218,0,True,False,False
0,218,1112,0,True,False,False
0,230,1112,0,True,False,False
0,1112,230,0,True,False,False
0,1112,674,0,True,False,False
0,674,1112,0,True,False,False
0,1112,260,0,True,False,False
0,260,1112,0,True,False,False
0,1112,357,0,True,False,False
0,357,1112,0,True,False,False
0,995,670,0,True,False,False
0,670,995,0,True,False,False
0,995,1454,0,True,False,False
0,1454,995,0,True,False,False
0,350,1547,0,True,False,False
0,1547,350,0,True,False,False
0,350,64,0,True,False,False
0,64,350,0,True,False,False
0,913,255,0,True,False,False
0,255,913,0,True,False,False
0,913,149,0,True,False,False
0,149,913,0,True,False,False
0,624,955,0,True,False,False
0,955,624,0,True,False,False
0,624,1126,0,True,False,False
0,1126,624,0,True,False,False
0,624,1153,0,True,False,False
0,1153,624,0,True,False,False
0,624,1116,0,True,False,False
0,1116,624,0,True,False,False
0,624,636,0,True,False,False
0,636,624,0,True,False,False
0,951,624,0,True,False,False
0,624,951,0,True,False,False
0,1241,1233,0,True,False,False
0,1233,1241,0,True,False,False
0,1241,257,0,True,False,False
0,257,1241,0,True,False,False
0,1241,43,0,True,False,False
0,43,1241,0,True,False,False
0,715,1178,0,True,False,False
0,1178,715,0,True,False,False
0,715,645,0,True,False,False
0,645,715,0,True,False,False
0,1178,582,0,True,False,False
0,582,1178,0,True,False,False
0,663,1511,0,True,False,False
0,1511,663,0,True,False,False
0,663,1547,0,True,False,False
0,1547,663,0,True,False,False
0,663,64,0,True,False,False
0,64,663,0,True,False,False
0,663,884,0,True,False,False
0,884,663,0,True,False,False
0,663,1144,0,True,False,False
0,1144,663,0,True,False,False
0,335,277,0,True,False,False
0,277,335,0,True,False,False
0,335,508,0,True,False,False
0,508,335,0,True,False,False
0,335,393,0,True,False,False
0,393,335,0,True,False,False
0,869,335,0,True,False,False
0,335,869,0,True,False,False
0,1525,1067,0,True,False,False
0,1067,1525,0,True,False,False
0,1525,336,0,True,False,False
0,336,1525,0,True,False,False
0,1525,105,0,True,False,False
0,105,1525,0,True,False,False
0,828,1525,0,True,False,False
0,1525,828,0,True,False,False
0,869,1079,0,True,False,False
0,1079,869,0,True,False,False
0,869,845,0,True,False,False
0,845,869,0,True,False,False
0,869,309,0,True,False,False
0,309,869,0,True,False,False
0,869,1224,0,True,False,False
0,1224,869,0,True,False,False
0,869,393,0,True,False,False
0,393,869,0,True,False,False
0,869,1558,0,True,False,False
0,1558,869,0,True,False,False
0,869,673,0,True,False,False
0,673,869,0,True,False,False
0,869,632,0,True,False,False
0,632,869,0,True,False,False
0,869,602,0,True,False,False
0,602,869,0,True,False,False
0,869,1020,0,True,False,False
0,1020,869,0,True,False,False
0,869,706,0,True,False,False
0,706,869,0,True,False,False
0,869,1297,0,True,False,False
0,1297,869,0,True,False,False
0,869,26,0,True,False,False
0,26,869,0,True,False,False
0,869,280,0,True,False,False
0,280,869,0,True,False,False
0,869,860,0,True,False,False
0,860,869,0,True,False,False
0,869,744,0,True,False,False
0,744,869,0,True,False,False
0,869,881,0,True,False,False
0,881,869,0,True,False,False
0,869,493,0,True,False,False
0,493,869,0,True,False,False
0,869,332,0,True,False,False
0,332,869,0,True,False,False
0,869,98,0,True,False,False
0,98,869,0,True,False,False
0,869,1346,0,True,False,False
0,1346,869,0,True,False,False
0,869,380,0,True,False,False
0,380,869,0,True,False,False
0,869,1530,0,True,False,False
0,1530,869,0,True,False,False
0,869,230,0,True,False,False
0,230,869,0,True,False,False
0,869,889,0,True,False,False
0,889,869,0,True,False,False
0,869,1354,0,True,False,False
0,1354,869,0,True,False,False
0,869,1552,0,True,False,False
0,1552,869,0,True,False,False
0,869,1605,0,True,False,False
0,1605,869,0,True,False,False
0,869,1135,0,True,False,False
0,1135,869,0,True,False,False
0,869,553,0,True,False,False
0,553,869,0,True,False,False
0,664,1454,0,True,False,False
0,1454,664,0,True,False,False
0,14,1420,0,True,False,False
0,1420,14,0,True,False,False
0,1420,1454,0,True,False,False
0,1454,1420,0,True,False,False
0,674,541,0,True,False,False
0,541,674,0,True,False,False
0,674,1364,0,True,False,False
0,1364,674,0,True,False,False
0,674,912,0,True,False,False
0,912,674,0,True,False,False
0,674,135,0,True,False,False
0,135,674,0,True,False,False
0,674,318,0,True,False,False
0,318,674,0,True,False,False
0,674,1321,0,True,False,False
0,1321,674,0,True,False,False
0,966,1010,0,True,False,False
0,1010,966,0,True,False,False
0,966,1139,0,True,False,False
0,1139,966,0,True,False,False
0,966,902,0,True,False,False
0,902,966,0,True,False,False
0,828,236,0,True,False,False
0,236,828,0,True,False,False
0,828,658,0,True,False,False
0,658,828,0,True,False,False
0,828,1142,0,True,False,False
0,1142,828,0,True,False,False
0,811,829,0,True,False,False
0,829,811,0,True,False,False
0,811,1125,0,True,False,False
0,1125,811,0,True,False,False
0,811,934,0,True,False,False
0,934,811,0,True,False,False
0,852,387,0,True,False,False
0,387,852,0,True,False,False
0,852,1152,0,True,False,False
0,1152,852,0,True,False,False
0,852,1373,0,True,False,False
0,1373,852,0,True,False,False
0,852,1075,0,True,False,False
0,1075,852,0,True,False,False
0,889,852,0,True,False,False
0,852,889,0,True,False,False
0,852,596,0,True,False,False
0,596,852,0,True,False,False
0,852,951,0,True,False,False
0,951,852,0,True,False,False
0,1493,682,0,True,False,False
0,682,1493,0,True,False,False
0,1493,145,0,True,False,False
0,145,1493,0,True,False,False
0,1493,829,0,True,False,False
0,829,1493,0,True,False,False
0,1493,791,0,True,False,False
0,791,1493,0,True,False,False
0,1493,1125,0,True,False,False
0,1125,1493,0,True,False,False
0,1493,934,0,True,False,False
0,934,1493,0,True,False,False
0,230,252,0,True,False,False
0,252,230,0,True,False,False
0,230,725,0,True,False,False
0,725,230,0,True,False,False
0,230,35,0,True,False,False
0,35,230,0,True,False,False
0,230,493,0,True,False,False
0,493,230,0,True,False,False
0,230,1,0,True,False,False
0,1,230,0,True,False,False
0,68,1219,0,True,False,False
0,1219,68,0,True,False,False
0,68,1127,0,True,False,False
0,1127,68,0,True,False,False
0,68,629,0,True,False,False
0,629,68,0,True,False,False
0,68,671,0,True,False,False
0,671,68,0,True,False,False
0,68,1254,0,True,False,False
0,1254,68,0,True,False,False
0,135,68,0,True,False,False
0,68,135,0,True,False,False
0,951,1146,0,True,False,False
0,1146,951,0,True,False,False
0,951,1272,0,True,False,False
0,1272,951,0,True,False,False
0,951,730,0,True,False,False
0,730,951,0,True,False,False
0,951,1345,0,True,False,False
0,1345,951,0,True,False,False
0,951,233,0,True,False,False
0,233,951,0,True,False,False
0,585,129,0,True,False,False
0,129,585,0,True,False,False
0,585,595,0,True,False,False
0,595,585,0,True,False,False
0,729,1221,0,True,False,False
0,1221,729,0,True,False,False
0,729,943,0,True,False,False
0,943,729,0,True,False,False
0,729,1271,0,True,False,False
0,1271,729,0,True,False,False
0,573,1221,0,True,False,False
0,1221,573,0,True,False,False
0,573,1167,0,True,False,False
0,1167,573,0,True,False,False
0,889,1443,0,True,False,False
0,1443,889,0,True,False,False
0,889,54,0,True,False,False
0,54,889,0,True,False,False
0,889,475,0,True,False,False
0,475,889,0,True,False,False
0,889,881,0,True,False,False
0,881,889,0,True,False,False
0,889,319,0,True,False,False
0,319,889,0,True,False,False
0,670,377,0,True,False,False
0,377,670,0,True,False,False
0,670,1454,0,True,False,False
0,1454,670,0,True,False,False
0,377,14,0,True,False,False
0,14,377,0,True,False,False
0,377,1454,0,True,False,False
0,1454,377,0,True,False,False
0,135,760,0,True,False,False
0,760,135,0,True,False,False
0,135,160,0,True,False,False
0,160,135,0,True,False,False
0,135,187,0,True,False,False
0,187,135,0,True,False,False
0,135,268,0,True,False,False
0,268,135,0,True,False,False
0,135,1476,0,True,False,False
0,1476,135,0,True,False,False
0,14,1454,0,True,False,False
0,1454,14,0,True,False,False
0,1070,1331,0,True,False,False
0,1331,1070,0,True,False,False
0,1070,164,0,True,False,False
0,164,1070,0,True,False,False
0,1070,816,0,True,False,False
0,816,1070,0,True,False,False
0,145,654,0,True,False,False
0,654,145,0,True,False,False
0,1001,145,0,True,False,False
0,145,1001,0,True,False,False
0,145,919,0,True,False,False
0,919,145,0,True,False,False
0,145,1035,0,True,False,False
0,1035,145,0,True,False,False
0,145,597,0,True,False,False
0,597,145,0,True,False,False
0,145,164,0,True,False,False
0,164,145,0,True,False,False
0,1277,450,0,True,False,False
0,450,1277,0,True,False,False
0,1325,1277,0,True,False,False
0,1277,1325,0,True,False,False
0,1277,809,0,True,False,False
0,809,1277,0,True,False,False
0,352,208,0,True,False,False
0,208,352,0,True,False,False
0,352,1130,0,True,False,False
0,1130,352,0,True,False,False
0,1139,1103,0,True,False,False
0,1103,1139,0,True,False,False
0,1103,614,0,True,False,False
0,614,1103,0,True,False,False
0,1103,3,0,True,False,False
0,3,1103,0,True,False,False
0,1103,1517,0,True,False,False
0,1517,1103,0,True,False,False
0,1103,1004,0,True,False,False
0,1004,1103,0,True,False,False
0,1103,1144,0,True,False,False
0,1144,1103,0,True,False,False
0,1103,7,0,True,False,False
0,7,1103,0,True,False,False
0,1502,1517,0,True,False,False
0,1517,1502,0,True,False,False
0,1502,371,0,True,False,False
0,371,1502,0,True,False,False
0,531,84,0,True,False,False
0,84,531,0,True,False,False
0,3,1566,0,True,False,False
0,1566,3,0,True,False,False
0,1609,3,0,True,False,False
0,3,1609,0,True,False,False
0,3,857,0,True,False,False
0,857,3,0,True,False,False
0,1509,179,0,True,False,False
0,179,1509,0,True,False,False
0,1509,735,0,True,False,False
0,735,1509,0,True,False,False
0,1509,284,0,True,False,False
0,284,1509,0,True,False,False
0,498,605,0,True,False,False
0,605,498,0,True,False,False
0,498,146,0,True,False,False
0,146,498,0,True,False,False
0,498,371,0,True,False,False
0,371,498,0,True,False,False
0,498,539,0,True,False,False
0,539,498,0,True,False,False
0,647,410,0,True,False,False
0,410,647,0,True,False,False
0,647,509,0,True,False,False
0,509,647,0,True,False,False
0,647,1137,0,True,False,False
0,1137,647,0,True,False,False
0,1517,371,0,True,False,False
0,371,1517,0,True,False,False
0,1594,1111,0,True,False,False
0,1111,1594,0,True,False,False
0,1594,1045,0,True,False,False
0,1045,1594,0,True,False,False
0,1144,1566,0,True,False,False
0,1566,1144,0,True,False,False
0,1144,1396,0,True,False,False
0,1396,1144,0,True,False,False
0,1144,1400,0,True,False,False
0,1400,1144,0,True,False,False
0,1144,547,0,True,False,False
0,547,1144,0,True,False,False
0,615,1111,0,True,False,False
0,1111,615,0,True,False,False
0,615,735,0,True,False,False
0,735,615,0,True,False,False
0,615,1153,0,True,False,False
0,1153,615,0,True,False,False
0,615,809,0,True,False,False
0,809,615,0,True,False,False
0,615,1284,0,True,False,False
0,1284,615,0,True,False,False
0,615,174,0,True,False,False
0,174,615,0,True,False,False
0,509,410,0,True,False,False
0,410,509,0,True,False,False
0,509,1137,0,True,False,False
0,1137,509,0,True,False,False
0,509,1400,0,True,False,False
0,1400,509,0,True,False,False
0,1010,133,0,True,False,False
0,133,1010,0,True,False,False
0,1010,1032,0,True,False,False
0,1032,1010,0,True,False,False
0,1010,644,0,True,False,False
0,644,1010,0,True,False,False
0,284,1357,0,True,False,False
0,1357,284,0,True,False,False
0,742,1036,0,True,False,False
0,1036,742,0,True,False,False
0,742,1169,0,True,False,False
0,1169,742,0,True,False,False
0,1059,557,0,True,False,False
0,557,1059,0,True,False,False
0,1059,267,0,True,False,False
0,267,1059,0,True,False,False
0,1059,1271,0,True,False,False
0,1271,1059,0,True,False,False
0,556,1392,0,True,False,False
0,1392,556,0,True,False,False
0,556,582,0,True,False,False
0,582,556,0,True,False,False
0,556,645,0,True,False,False
0,645,556,0,True,False,False
0,779,1219,0,True,False,False
0,1219,779,0,True,False,False
0,779,208,0,True,False,False
0,208,779,0,True,False,False
0,779,582,0,True,False,False
0,582,779,0,True,False,False
0,1396,779,0,True,False,False
0,779,1396,0,True,False,False
0,779,908,0,True,False,False
0,908,779,0,True,False,False
0,779,356,0,True,False,False
0,356,779,0,True,False,False
0,271,208,0,True,False,False
0,208,271,0,True,False,False
0,271,675,0,True,False,False
0,675,271,0,True,False,False
0,271,193,0,True,False,False
0,193,271,0,True,False,False
0,151,1463,0,True,False,False
0,1463,151,0,True,False,False
0,151,253,0,True,False,False
0,253,151,0,True,False,False
0,902,278,0,True,False,False
0,278,902,0,True,False,False
0,902,910,0,True,False,False
0,910,902,0,True,False,False
0,1139,133,0,True,False,False
0,133,1139,0,True,False,False
0,1139,605,0,True,False,False
0,605,1139,0,True,False,False
0,1139,458,0,True,False,False
0,458,1139,0,True,False,False
0,1609,1566,0,True,False,False
0,1566,1609,0,True,False,False
0,1609,761,0,True,False,False
0,761,1609,0,True,False,False
0,146,371,0,True,False,False
0,371,146,0,True,False,False
0,146,539,0,True,False,False
0,539,146,0,True,False,False
0,458,614,0,True,False,False
0,614,458,0,True,False,False
0,432,614,0,True,False,False
0,614,432,0,True,False,False
0,614,1259,0,True,False,False
0,1259,614,0,True,False,False
0,1036,1422,0,True,False,False
0,1422,1036,0,True,False,False
0,943,557,0,True,False,False
0,557,943,0,True,False,False
0,919,943,0,True,False,False
0,943,919,0,True,False,False
0,943,1491,0,True,False,False
0,1491,943,0,True,False,False
0,943,65,0,True,False,False
0,65,943,0,True,False,False
0,1130,193,0,True,False,False
0,193,1130,0,True,False,False
0,464,745,0,True,False,False
0,745,464,0,True,False,False
0,448,164,0,True,False,False
0,164,448,0,True,False,False
0,882,448,0,True,False,False
0,448,882,0,True,False,False
0,514,1035,0,True,False,False
0,1035,514,0,True,False,False
0,919,985,0,True,False,False
0,985,919,0,True,False,False
0,919,129,0,True,False,False
0,129,919,0,True,False,False
0,919,1607,0,True,False,False
0,1607,919,0,True,False,False
0,919,1125,0,True,False,False
0,1125,919,0,True,False,False
0,919,221,0,True,False,False
0,221,919,0,True,False,False
0,183,394,0,True,False,False
0,394,183,0,True,False,False
0,183,908,0,True,False,False
0,908,183,0,True,False,False
0,457,1287,0,True,False,False
0,1287,457,0,True,False,False
0,457,362,0,True,False,False
0,362,457,0,True,False,False
0,457,1472,0,True,False,False
0,1472,457,0,True,False,False
0,432,458,0,True,False,False
0,458,432,0,True,False,False
0,432,86,0,True,False,False
0,86,432,0,True,False,False
0,877,1436,0,True,False,False
0,1436,877,0,True,False,False
0,877,401,0,True,False,False
0,401,877,0,True,False,False
0,1436,1284,0,True,False,False
0,1284,1436,0,True,False,False
0,458,1466,0,True,False,False
0,1466,458,0,True,False,False
0,278,910,0,True,False,False
0,910,278,0,True,False,False
0,1045,1559,0,True,False,False
0,1559,1045,0,True,False,False
0,37,1214,0,True,False,False
0,1214,37,0,True,False,False
0,37,751,0,True,False,False
0,751,37,0,True,False,False
0,1396,299,0,True,False,False
0,299,1396,0,True,False,False
0,1396,645,0,True,False,False
0,645,1396,0,True,False,False
0,1396,64,0,True,False,False
0,64,1396,0,True,False,False
0,1396,149,0,True,False,False
0,149,1396,0,True,False,False
0,1396,1003,0,True,False,False
0,1003,1396,0,True,False,False
0,1087,1422,0,True,False,False
0,1422,1087,0,True,False,False
0,1087,463,0,True,False,False
0,463,1087,0,True,False,False
0,1087,1169,0,True,False,False
0,1169,1087,0,True,False,False
0,751,694,0,True,False,False
0,694,751,0,True,False,False
0,751,79,0,True,False,False
0,79,751,0,True,False,False
0,320,466,0,True,False,False
0,466,320,0,True,False,False
0,466,605,0,True,False,False
0,605,466,0,True,False,False
0,466,910,0,True,False,False
0,910,466,0,True,False,False
0,466,741,0,True,False,False
0,741,466,0,True,False,False
0,133,430,0,True,False,False
0,430,133,0,True,False,False
0,1032,133,0,True,False,False
0,133,1032,0,True,False,False
0,1285,184,0,True,False,False
0,184,1285,0,True,False,False
0,1285,1284,0,True,False,False
0,1284,1285,0,True,False,False
0,1285,401,0,True,False,False
0,401,1285,0,True,False,False
0,174,1214,0,True,False,False
0,1214,174,0,True,False,False
0,174,1001,0,True,False,False
0,1001,174,0,True,False,False
0,174,1357,0,True,False,False
0,1357,174,0,True,False,False
0,174,1360,0,True,False,False
0,1360,174,0,True,False,False
0,174,1559,0,True,False,False
0,1559,174,0,True,False,False
0,174,1169,0,True,False,False
0,1169,174,0,True,False,False
0,7,1137,0,True,False,False
0,1137,7,0,True,False,False
0,7,1347,0,True,False,False
0,1347,7,0,True,False,False
0,1325,1266,0,True,False,False
0,1266,1325,0,True,False,False
0,1096,1484,0,True,False,False
0,1484,1096,0,True,False,False
0,1096,1491,0,True,False,False
0,1491,1096,0,True,False,False
0,1096,221,0,True,False,False
0,221,1096,0,True,False,False
0,437,577,0,True,False,False
0,577,437,0,True,False,False
0,437,547,0,True,False,False
0,547,437,0,True,False,False
0,437,1003,0,True,False,False
0,1003,437,0,True,False,False
0,788,1111,0,True,False,False
0,1111,788,0,True,False,False
0,788,462,0,True,False,False
0,462,788,0,True,False,False
0,788,1559,0,True,False,False
0,1559,788,0,True,False,False
0,320,910,0,True,False,False
0,910,320,0,True,False,False
0,320,741,0,True,False,False
0,741,320,0,True,False,False
0,1347,1137,0,True,False,False
0,1137,1347,0,True,False,False
0,882,1331,0,True,False,False
0,1331,882,0,True,False,False
0,1032,399,0,True,False,False
0,399,1032,0,True,False,False
0,362,654,0,True,False,False
0,654,362,0,True,False,False
0,1001,1287,0,True,False,False
0,1287,1001,0,True,False,False
0,1001,1422,0,True,False,False
0,1422,1001,0,True,False,False
0,1001,79,0,True,False,False
0,79,1001,0,True,False,False
0,1001,1314,0,True,False,False
0,1314,1001,0,True,False,False
0,1001,1331,0,True,False,False
0,1331,1001,0,True,False,False
0,1359,985,0,True,False,False
0,985,1359,0,True,False,False
0,1359,1035,0,True,False,False
0,1035,1359,0,True,False,False
0,1359,569,0,True,False,False
0,569,1359,0,True,False,False
0,462,41,0,True,False,False
0,41,462,0,True,False,False
0,462,722,0,True,False,False
0,722,462,0,True,False,False
0,462,677,0,True,False,False
0,677,462,0,True,False,False
0,816,1371,0,True,False,False
0,1371,816,0,True,False,False
0,816,1179,0,True,False,False
0,1179,816,0,True,False,False
0,816,263,0,True,False,False
0,263,816,0,True,False,False
0,597,163,0,True,False,False
0,163,597,0,True,False,False
0,597,714,0,True,False,False
0,714,597,0,True,False,False
0,597,1235,0,True,False,False
0,1235,597,0,True,False,False
0,1314,597,0,True,False,False
0,597,1314,0,True,False,False
0,597,1607,0,True,False,False
0,1607,597,0,True,False,False
0,597,791,0,True,False,False
0,791,597,0,True,False,False
0,597,263,0,True,False,False
0,263,597,0,True,False,False
0,986,375,0,True,False,False
0,375,986,0,True,False,False
0,375,1254,0,True,False,False
0,1254,375,0,True,False,False
0,1607,1215,0,True,False,False
0,1215,1607,0,True,False,False
0,1607,288,0,True,False,False
0,288,1607,0,True,False,False
0,1607,1339,0,True,False,False
0,1339,1607,0,True,False,False
0,1607,65,0,True,False,False
0,65,1607,0,True,False,False
0,1607,746,0,True,False,False
0,746,1607,0,True,False,False
0,1607,1337,0,True,False,False
0,1337,1607,0,True,False,False
0,1484,1381,0,True,False,False
0,1381,1484,0,True,False,False
0,1484,431,0,True,False,False
0,431,1484,0,True,False,False
0,1484,1337,0,True,False,False
0,1337,1484,0,True,False,False
0,1214,147,0,True,False,False
0,147,1214,0,True,False,False
0,1214,694,0,True,False,False
0,694,1214,0,True,False,False
0,1214,79,0,True,False,False
0,79,1214,0,True,False,False
0,1214,511,0,True,False,False
0,511,1214,0,True,False,False
0,184,991,0,True,False,False
0,991,184,0,True,False,False
0,184,1116,0,True,False,False
0,1116,184,0,True,False,False
0,184,851,0,True,False,False
0,851,184,0,True,False,False
0,569,1215,0,True,False,False
0,1215,569,0,True,False,False
0,569,1349,0,True,False,False
0,1349,569,0,True,False,False
0,569,163,0,True,False,False
0,163,569,0,True,False,False
0,267,368,0,True,False,False
0,368,267,0,True,False,False
0,267,578,0,True,False,False
0,578,267,0,True,False,False
0,267,1037,0,True,False,False
0,1037,267,0,True,False,False
0,86,1259,0,True,False,False
0,1259,86,0,True,False,False
0,86,1466,0,True,False,False
0,1466,86,0,True,False,False
0,86,551,0,True,False,False
0,551,86,0,True,False,False
0,577,256,0,True,False,False
0,256,577,0,True,False,False
0,577,427,0,True,False,False
0,427,577,0,True,False,False
0,577,1291,0,True,False,False
0,1291,577,0,True,False,False
0,1254,1053,0,True,False,False
0,1053,1254,0,True,False,False
0,1254,1423,0,True,False,False
0,1423,1254,0,True,False,False
0,1254,570,0,True,False,False
0,570,1254,0,True,False,False
0,1254,187,0,True,False,False
0,187,1254,0,True,False,False
0,386,1134,0,True,False,False
0,1134,386,0,True,False,False
0,602,386,0,True,False,False
0,386,602,0,True,False,False
0,386,35,0,True,False,False
0,35,386,0,True,False,False
0,1406,318,0,True,False,False
0,318,1406,0,True,False,False
0,318,1583,0,True,False,False
0,1583,318,0,True,False,False
0,1476,318,0,True,False,False
0,318,1476,0,True,False,False
0,441,1127,0,True,False,False
0,1127,441,0,True,False,False
0,1387,1127,0,True,False,False
0,1127,1387,0,True,False,False
0,1127,1476,0,True,False,False
0,1476,1127,0,True,False,False
0,1165,1238,0,True,False,False
0,1238,1165,0,True,False,False
0,1165,178,0,True,False,False
0,178,1165,0,True,False,False
0,1165,1278,0,True,False,False
0,1278,1165,0,True,False,False
0,1165,579,0,True,False,False
0,579,1165,0,True,False,False
0,1165,212,0,True,False,False
0,212,1165,0,True,False,False
0,1165,1458,0,True,False,False
0,1458,1165,0,True,False,False
0,1165,1485,0,True,False,False
0,1485,1165,0,True,False,False
0,1165,419,0,True,False,False
0,419,1165,0,True,False,False
0,1165,1353,0,True,False,False
0,1353,1165,0,True,False,False
0,1165,1333,0,True,False,False
0,1333,1165,0,True,False,False
0,1165,1315,0,True,False,False
0,1315,1165,0,True,False,False
0,1165,258,0,True,False,False
0,258,1165,0,True,False,False
0,1165,1240,0,True,False,False
0,1240,1165,0,True,False,False
0,1165,106,0,True,False,False
0,106,1165,0,True,False,False
0,1165,490,0,True,False,False
0,490,1165,0,True,False,False
0,1165,1177,0,True,False,False
0,1177,1165,0,True,False,False
0,1165,1498,0,True,False,False
0,1498,1165,0,True,False,False
0,1165,374,0,True,False,False
0,374,1165,0,True,False,False
0,1165,630,0,True,False,False
0,630,1165,0,True,False,False
0,1613,1146,0,True,False,False
0,1146,1613,0,True,False,False
0,247,1613,0,True,False,False
0,1613,247,0,True,False,False
0,1613,661,0,True,False,False
0,661,1613,0,True,False,False
0,280,475,0,True,False,False
0,475,280,0,True,False,False
0,1589,280,0,True,False,False
0,280,1589,0,True,False,False
0,1387,1099,0,True,False,False
0,1099,1387,0,True,False,False
0,1364,760,0,True,False,False
0,760,1364,0,True,False,False
0,1364,218,0,True,False,False
0,218,1364,0,True,False,False
0,1454,968,0,True,False,False
0,968,1454,0,True,False,False
0,1454,1419,0,True,False,False
0,1419,1454,0,True,False,False
0,1454,109,0,True,False,False
0,109,1454,0,True,False,False
0,1454,1527,0,True,False,False
0,1527,1454,0,True,False,False
0,1454,62,0,True,False,False
0,62,1454,0,True,False,False
0,1454,254,0,True,False,False
0,254,1454,0,True,False,False
0,1454,118,0,True,False,False
0,118,1454,0,True,False,False
0,1454,920,0,True,False,False
0,920,1454,0,True,False,False
0,1454,897,0,True,False,False
0,897,1454,0,True,False,False
0,1243,1454,0,True,False,False
0,1454,1243,0,True,False,False
0,1454,1261,0,True,False,False
0,1261,1454,0,True,False,False
0,1454,359,0,True,False,False
0,359,1454,0,True,False,False
0,1454,435,0,True,False,False
0,435,1454,0,True,False,False
0,1454,563,0,True,False,False
0,563,1454,0,True,False,False
0,1454,1210,0,True,False,False
0,1210,1454,0,True,False,False
0,1454,1353,0,True,False,False
0,1353,1454,0,True,False,False
0,1454,837,0,True,False,False
0,837,1454,0,True,False,False
0,1454,1172,0,True,False,False
0,1172,1454,0,True,False,False
0,1454,886,0,True,False,False
0,886,1454,0,True,False,False
0,1454,1177,0,True,False,False
0,1177,1454,0,True,False,False
0,1454,1280,0,True,False,False
0,1280,1454,0,True,False,False
0,1454,1129,0,True,False,False
0,1129,1454,0,True,False,False
0,1454,928,0,True,False,False
0,928,1454,0,True,False,False
0,1454,1588,0,True,False,False
0,1588,1454,0,True,False,False
0,1454,774,0,True,False,False
0,774,1454,0,True,False,False
0,1406,1099,0,True,False,False
0,1099,1406,0,True,False,False
0,1099,1476,0,True,False,False
0,1476,1099,0,True,False,False
0,1243,178,0,True,False,False
0,178,1243,0,True,False,False
0,1243,930,0,True,False,False
0,930,1243,0,True,False,False
0,1243,700,0,True,False,False
0,700,1243,0,True,False,False
0,1243,1129,0,True,False,False
0,1129,1243,0,True,False,False
0,84,1126,0,True,False,False
0,1126,84,0,True,False,False
0,1306,84,0,True,False,False
0,84,1306,0,True,False,False
0,252,218,0,True,False,False
0,218,252,0,True,False,False
0,1146,1152,0,True,False,False
0,1152,1146,0,True,False,False
0,1152,475,0,True,False,False
0,475,1152,0,True,False,False
0,661,1152,0,True,False,False
0,1152,661,0,True,False,False
0,629,760,0,True,False,False
0,760,629,0,True,False,False
0,213,629,0,True,False,False
0,629,213,0,True,False,False
0,1360,147,0,True,False,False
0,147,1360,0,True,False,False
0,1153,1360,0,True,False,False
0,1360,1153,0,True,False,False
0,1360,1286,0,True,False,False
0,1286,1360,0,True,False,False
0,1360,41,0,True,False,False
0,41,1360,0,True,False,False
0,1360,1314,0,True,False,False
0,1314,1360,0,True,False,False
0,1360,846,0,True,False,False
0,846,1360,0,True,False,False
0,1360,655,0,True,False,False
0,655,1360,0,True,False,False
0,463,1286,0,True,False,False
0,1286,463,0,True,False,False
0,463,1212,0,True,False,False
0,1212,463,0,True,False,False
0,463,111,0,True,False,False
0,111,463,0,True,False,False
0,65,43,0,True,False,False
0,43,65,0,True,False,False
0,65,73,0,True,False,False
0,73,65,0,True,False,False
0,65,578,0,True,False,False
0,578,65,0,True,False,False
0,65,431,0,True,False,False
0,431,65,0,True,False,False
0,65,859,0,True,False,False
0,859,65,0,True,False,False
0,605,430,0,True,False,False
0,430,605,0,True,False,False
0,605,1466,0,True,False,False
0,1466,605,0,True,False,False
0,605,1004,0,True,False,False
0,1004,605,0,True,False,False
0,605,105,0,True,False,False
0,105,605,0,True,False,False
0,761,944,0,True,False,False
0,944,761,0,True,False,False
0,761,190,0,True,False,False
0,190,761,0,True,False,False
0,761,857,0,True,False,False
0,857,761,0,True,False,False
0,202,606,0,True,False,False
0,606,202,0,True,False,False
0,202,253,0,True,False,False
0,253,202,0,True,False,False
0,202,671,0,True,False,False
0,671,202,0,True,False,False
0,908,1011,0,True,False,False
0,1011,908,0,True,False,False
0,908,956,0,True,False,False
0,956,908,0,True,False,False
0,908,637,0,True,False,False
0,637,908,0,True,False,False
0,908,1535,0,True,False,False
0,1535,908,0,True,False,False
0,1004,1259,0,True,False,False
0,1259,1004,0,True,False,False
0,1004,424,0,True,False,False
0,424,1004,0,True,False,False
0,1004,1137,0,True,False,False
0,1137,1004,0,True,False,False
0,1004,1400,0,True,False,False
0,1400,1004,0,True,False,False
0,1004,371,0,True,False,False
0,371,1004,0,True,False,False
0,1004,857,0,True,False,False
0,857,1004,0,True,False,False
0,1400,1511,0,True,False,False
0,1511,1400,0,True,False,False
0,1400,944,0,True,False,False
0,944,1400,0,True,False,False
0,1400,299,0,True,False,False
0,299,1400,0,True,False,False
0,1400,1291,0,True,False,False
0,1291,1400,0,True,False,False
0,1400,927,0,True,False,False
0,927,1400,0,True,False,False
0,62,937,0,True,False,False
0,937,62,0,True,False,False
0,62,477,0,True,False,False
0,477,62,0,True,False,False
0,62,1101,0,True,False,False
0,1101,62,0,True,False,False
0,62,419,0,True,False,False
0,419,62,0,True,False,False
0,62,719,0,True,False,False
0,719,62,0,True,False,False
0,62,1464,0,True,False,False
0,1464,62,0,True,False,False
0,62,154,0,True,False,False
0,154,62,0,True,False,False
0,62,369,0,True,False,False
0,369,62,0,True,False,False
0,62,1501,0,True,False,False
0,1501,62,0,True,False,False
0,62,732,0,True,False,False
0,732,62,0,True,False,False
0,62,1498,0,True,False,False
0,1498,62,0,True,False,False
0,62,1470,0,True,False,False
0,1470,62,0,True,False,False
0,62,389,0,True,False,False
0,389,62,0,True,False,False
0,62,1329,0,True,False,False
0,1329,62,0,True,False,False
0,62,737,0,True,False,False
0,737,62,0,True,False,False
0,986,1053,0,True,False,False
0,1053,986,0,True,False,False
0,986,1423,0,True,False,False
0,1423,986,0,True,False,False
0,1306,247,0,True,False,False
0,247,1306,0,True,False,False
0,394,956,0,True,False,False
0,956,394,0,True,False,False
0,394,637,0,True,False,False
0,637,394,0,True,False,False
0,602,35,0,True,False,False
0,35,602,0,True,False,False
0,1134,1406,0,True,False,False
0,1406,1134,0,True,False,False
0,1134,1583,0,True,False,False
0,1583,1134,0,True,False,False
0,1583,35,0,True,False,False
0,35,1583,0,True,False,False
0,661,1589,0,True,False,False
0,1589,661,0,True,False,False
0,1589,475,0,True,False,False
0,475,1589,0,True,False,False
0,399,430,0,True,False,False
0,430,399,0,True,False,False
0,399,1090,0,True,False,False
0,1090,399,0,True,False,False
0,399,644,0,True,False,False
0,644,399,0,True,False,False
0,247,1126,0,True,False,False
0,1126,247,0,True,False,False
0,1314,78,0,True,False,False
0,78,1314,0,True,False,False
0,1314,1179,0,True,False,False
0,1179,1314,0,True,False,False
0,1314,528,0,True,False,False
0,528,1314,0,True,False,False
0,1314,111,0,True,False,False
0,111,1314,0,True,False,False
0,1314,1487,0,True,False,False
0,1487,1314,0,True,False,False
0,1463,671,0,True,False,False
0,671,1463,0,True,False,False
0,654,1287,0,True,False,False
0,1287,654,0,True,False,False
0,654,714,0,True,False,False
0,714,654,0,True,False,False
0,654,57,0,True,False,False
0,57,654,0,True,False,False
0,654,1472,0,True,False,False
0,1472,654,0,True,False,False
0,1153,782,0,True,False,False
0,782,1153,0,True,False,False
0,1153,1310,0,True,False,False
0,1310,1153,0,True,False,False
0,1153,677,0,True,False,False
0,677,1153,0,True,False,False
0,1153,851,0,True,False,False
0,851,1153,0,True,False,False
0,1153,1345,0,True,False,False
0,1345,1153,0,True,False,False
0,1126,1146,0,True,False,False
0,1146,1126,0,True,False,False
0,1219,1053,0,True,False,False
0,1053,1219,0,True,False,False
0,1219,253,0,True,False,False
0,253,1219,0,True,False,False
0,1219,193,0,True,False,False
0,193,1219,0,True,False,False
0,1219,637,0,True,False,False
0,637,1219,0,True,False,False
0,1219,268,0,True,False,False
0,268,1219,0,True,False,False
0,212,1042,0,True,False,False
0,1042,212,0,True,False,False
0,212,1600,0,True,False,False
0,1600,212,0,True,False,False
0,212,339,0,True,False,False
0,339,212,0,True,False,False
0,212,713,0,True,False,False
0,713,212,0,True,False,False
0,212,1205,0,True,False,False
0,1205,212,0,True,False,False
0,212,454,0,True,False,False
0,454,212,0,True,False,False
0,212,374,0,True,False,False
0,374,212,0,True,False,False
0,268,473,0,True,False,False
0,473,268,0,True,False,False
0,356,268,0,True,False,False
0,268,356,0,True,False,False
0,268,963,0,True,False,False
0,963,268,0,True,False,False
0,268,71,0,True,False,False
0,71,268,0,True,False,False
0,268,912,0,True,False,False
0,912,268,0,True,False,False
0,268,1025,0,True,False,False
0,1025,268,0,True,False,False
0,1349,225,0,True,False,False
0,225,1349,0,True,False,False
0,1349,1497,0,True,False,False
0,1497,1349,0,True,False,False
0,1349,82,0,True,False,False
0,82,1349,0,True,False,False
0,1345,1373,0,True,False,False
0,1373,1345,0,True,False,False
0,1345,1015,0,True,False,False
0,1015,1345,0,True,False,False
0,1345,426,0,True,False,False
0,426,1345,0,True,False,False
0,1345,839,0,True,False,False
0,839,1345,0,True,False,False
0,846,1345,0,True,False,False
0,1345,846,0,True,False,False
0,1345,747,0,True,False,False
0,747,1345,0,True,False,False
0,991,989,0,True,False,False
0,989,991,0,True,False,False
0,991,1015,0,True,False,False
0,1015,991,0,True,False,False
0,991,233,0,True,False,False
0,233,991,0,True,False,False
0,1083,244,0,True,False,False
0,244,1083,0,True,False,False
0,1083,1453,0,True,False,False
0,1453,1083,0,True,False,False
0,1083,103,0,True,False,False
0,103,1083,0,True,False,False
0,356,1083,0,True,False,False
0,1083,356,0,True,False,False
0,1083,1456,0,True,False,False
0,1456,1083,0,True,False,False
0,1083,832,0,True,False,False
0,832,1083,0,True,False,False
0,912,1083,0,True,False,False
0,1083,912,0,True,False,False
0,1083,716,0,True,False,False
0,716,1083,0,True,False,False
0,424,1471,0,True,False,False
0,1471,424,0,True,False,False
0,424,519,0,True,False,False
0,519,424,0,True,False,False
0,424,1397,0,True,False,False
0,1397,424,0,True,False,False
0,927,424,0,True,False,False
0,424,927,0,True,False,False
0,424,820,0,True,False,False
0,820,424,0,True,False,False
0,424,765,0,True,False,False
0,765,424,0,True,False,False
0,424,105,0,True,False,False
0,105,424,0,True,False,False
0,288,662,0,True,False,False
0,662,288,0,True,False,False
0,662,1084,0,True,False,False
0,1084,662,0,True,False,False
0,662,860,0,True,False,False
0,860,662,0,True,False,False
0,662,227,0,True,False,False
0,227,662,0,True,False,False
0,662,485,0,True,False,False
0,485,662,0,True,False,False
0,662,794,0,True,False,False
0,794,662,0,True,False,False
0,662,969,0,True,False,False
0,969,662,0,True,False,False
0,841,662,0,True,False,False
0,662,841,0,True,False,False
0,551,765,0,True,False,False
0,765,551,0,True,False,False
0,551,613,0,True,False,False
0,613,551,0,True,False,False
0,551,562,0,True,False,False
0,562,551,0,True,False,False
0,1212,373,0,True,False,False
0,373,1212,0,True,False,False
0,373,1413,0,True,False,False
0,1413,373,0,True,False,False
0,373,623,0,True,False,False
0,623,373,0,True,False,False
0,373,947,0,True,False,False
0,947,373,0,True,False,False
0,1037,1233,0,True,False,False
0,1233,1037,0,True,False,False
0,1037,610,0,True,False,False
0,610,1037,0,True,False,False
0,1037,759,0,True,False,False
0,759,1037,0,True,False,False
0,675,818,0,True,False,False
0,818,675,0,True,False,False
0,818,1429,0,True,False,False
0,1429,818,0,True,False,False
0,818,103,0,True,False,False
0,103,818,0,True,False,False
0,818,55,0,True,False,False
0,55,818,0,True,False,False
0,105,741,0,True,False,False
0,741,105,0,True,False,False
0,105,1124,0,True,False,False
0,1124,105,0,True,False,False
0,105,1142,0,True,False,False
0,1142,105,0,True,False,False
0,105,539,0,True,False,False
0,539,105,0,True,False,False
0,105,562,0,True,False,False
0,562,105,0,True,False,False
0,1392,500,0,True,False,False
0,500,1392,0,True,False,False
0,1392,226,0,True,False,False
0,226,1392,0,True,False,False
0,1392,768,0,True,False,False
0,768,1392,0,True,False,False
0,675,71,0,True,False,False
0,71,675,0,True,False,False
0,675,1104,0,True,False,False
0,1104,675,0,True,False,False
0,606,1092,0,True,False,False
0,1092,606,0,True,False,False
0,606,160,0,True,False,False
0,160,606,0,True,False,False
0,606,1025,0,True,False,False
0,1025,606,0,True,False,False
0,832,325,0,True,False,False
0,325,832,0,True,False,False
0,832,987,0,True,False,False
0,987,832,0,True,False,False
0,299,832,0,True,False,False
0,832,299,0,True,False,False
0,832,927,0,True,False,False
0,927,832,0,True,False,False
0,832,42,0,True,False,False
0,42,832,0,True,False,False
0,832,124,0,True,False,False
0,124,832,0,True,False,False
0,832,292,0,True,False,False
0,292,832,0,True,False,False
0,927,1168,0,True,False,False
0,1168,927,0,True,False,False
0,927,1149,0,True,False,False
0,1149,927,0,True,False,False
0,927,410,0,True,False,False
0,410,927,0,True,False,False
0,927,698,0,True,False,False
0,698,927,0,True,False,False
0,927,1173,0,True,False,False
0,1173,927,0,True,False,False
0,976,845,0,True,False,False
0,845,976,0,True,False,False
0,976,757,0,True,False,False
0,757,976,0,True,False,False
0,1084,976,0,True,False,False
0,976,1084,0,True,False,False
0,528,976,0,True,False,False
0,976,528,0,True,False,False
0,976,947,0,True,False,False
0,947,976,0,True,False,False
0,976,499,0,True,False,False
0,499,976,0,True,False,False
0,976,1206,0,True,False,False
0,1206,976,0,True,False,False
0,976,1534,0,True,False,False
0,1534,976,0,True,False,False
0,260,1459,0,True,False,False
0,1459,260,0,True,False,False
0,260,1249,0,True,False,False
0,1249,260,0,True,False,False
0,260,1388,0,True,False,False
0,1388,260,0,True,False,False
0,260,244,0,True,False,False
0,244,260,0,True,False,False
0,260,181,0,True,False,False
0,181,260,0,True,False,False
0,260,493,0,True,False,False
0,493,260,0,True,False,False
0,912,260,0,True,False,False
0,260,912,0,True,False,False
0,841,1018,0,True,False,False
0,1018,841,0,True,False,False
0,841,393,0,True,False,False
0,393,841,0,True,False,False
0,43,841,0,True,False,False
0,841,43,0,True,False,False
0,841,416,0,True,False,False
0,416,841,0,True,False,False
0,841,750,0,True,False,False
0,750,841,0,True,False,False
0,841,1441,0,True,False,False
0,1441,841,0,True,False,False
0,912,488,0,True,False,False
0,488,912,0,True,False,False
0,912,1549,0,True,False,False
0,1549,912,0,True,False,False
0,912,55,0,True,False,False
0,55,912,0,True,False,False
0,912,922,0,True,False,False
0,922,912,0,True,False,False
0,830,710,0,True,False,False
0,710,830,0,True,False,False
0,500,830,0,True,False,False
0,830,500,0,True,False,False
0,830,975,0,True,False,False
0,975,830,0,True,False,False
0,830,1002,0,True,False,False
0,1002,830,0,True,False,False
0,325,1348,0,True,False,False
0,1348,325,0,True,False,False
0,325,1149,0,True,False,False
0,1149,325,0,True,False,False
0,325,309,0,True,False,False
0,309,325,0,True,False,False
0,325,710,0,True,False,False
0,710,325,0,True,False,False
0,325,546,0,True,False,False
0,546,325,0,True,False,False
0,325,527,0,True,False,False
0,527,325,0,True,False,False
0,244,325,0,True,False,False
0,325,244,0,True,False,False
0,265,1348,0,True,False,False
0,1348,265,0,True,False,False
0,265,959,0,True,False,False
0,959,265,0,True,False,False
0,427,265,0,True,False,False
0,265,427,0,True,False,False
0,265,868,0,True,False,False
0,868,265,0,True,False,False
0,1429,862,0,True,False,False
0,862,1429,0,True,False,False
0,1429,1388,0,True,False,False
0,1388,1429,0,True,False,False
0,1429,367,0,True,False,False
0,367,1429,0,True,False,False
0,1557,455,0,True,False,False
0,455,1557,0,True,False,False
0,1371,1557,0,True,False,False
0,1557,1371,0,True,False,False
0,1557,757,0,True,False,False
0,757,1557,0,True,False,False
0,1557,540,0,True,False,False
0,540,1557,0,True,False,False
0,610,750,0,True,False,False
0,750,610,0,True,False,False
0,610,197,0,True,False,False
0,197,610,0,True,False,False
0,610,1057,0,True,False,False
0,1057,610,0,True,False,False
0,499,113,0,True,False,False
0,113,499,0,True,False,False
0,499,295,0,True,False,False
0,295,499,0,True,False,False
0,499,1373,0,True,False,False
0,1373,499,0,True,False,False
0,499,1596,0,True,False,False
0,1596,499,0,True,False,False
0,499,623,0,True,False,False
0,623,499,0,True,False,False
0,499,380,0,True,False,False
0,380,499,0,True,False,False
0,846,499,0,True,False,False
0,499,846,0,True,False,False
0,722,998,0,True,False,False
0,998,722,0,True,False,False
0,998,1596,0,True,False,False
0,1596,998,0,True,False,False
0,998,566,0,True,False,False
0,566,998,0,True,False,False
0,998,1603,0,True,False,False
0,1603,998,0,True,False,False
0,1149,1299,0,True,False,False
0,1299,1149,0,True,False,False
0,1149,959,0,True,False,False
0,959,1149,0,True,False,False
0,1149,26,0,True,False,False
0,26,1149,0,True,False,False
0,1149,586,0,True,False,False
0,586,1149,0,True,False,False
0,1149,820,0,True,False,False
0,820,1149,0,True,False,False
0,1149,575,0,True,False,False
0,575,1149,0,True,False,False
0,390,1076,0,True,False,False
0,1076,390,0,True,False,False
0,190,390,0,True,False,False
0,390,190,0,True,False,False
0,390,773,0,True,False,False
0,773,390,0,True,False,False
0,390,586,0,True,False,False
0,586,390,0,True,False,False
0,1212,83,0,True,False,False
0,83,1212,0,True,False,False
0,1212,408,0,True,False,False
0,408,1212,0,True,False,False
0,820,1224,0,True,False,False
0,1224,820,0,True,False,False
0,820,1246,0,True,False,False
0,1246,820,0,True,False,False
0,820,344,0,True,False,False
0,344,820,0,True,False,False
0,820,1201,0,True,False,False
0,1201,820,0,True,False,False
0,820,773,0,True,False,False
0,773,820,0,True,False,False
0,820,1142,0,True,False,False
0,1142,820,0,True,False,False
0,613,964,0,True,False,False
0,964,613,0,True,False,False
0,613,168,0,True,False,False
0,168,613,0,True,False,False
0,613,1246,0,True,False,False
0,1246,613,0,True,False,False
0,1142,964,0,True,False,False
0,964,1142,0,True,False,False
0,1142,1504,0,True,False,False
0,1504,1142,0,True,False,False
0,1142,981,0,True,False,False
0,981,1142,0,True,False,False
0,1142,632,0,True,False,False
0,632,1142,0,True,False,False
0,1142,591,0,True,False,False
0,591,1142,0,True,False,False
0,82,227,0,True,False,False
0,227,82,0,True,False,False
0,82,1265,0,True,False,False
0,1265,82,0,True,False,False
0,82,896,0,True,False,False
0,896,82,0,True,False,False
0,214,981,0,True,False,False
0,981,214,0,True,False,False
0,214,510,0,True,False,False
0,510,214,0,True,False,False
0,1090,214,0,True,False,False
0,214,1090,0,True,False,False
0,214,658,0,True,False,False
0,658,214,0,True,False,False
0,1381,1336,0,True,False,False
0,1336,1381,0,True,False,False
0,1381,33,0,True,False,False
0,33,1381,0,True,False,False
0,1381,659,0,True,False,False
0,659,1381,0,True,False,False
0,299,313,0,True,False,False
0,313,299,0,True,False,False
0,299,256,0,True,False,False
0,256,299,0,True,False,False
0,299,521,0,True,False,False
0,521,299,0,True,False,False
0,299,226,0,True,False,False
0,226,299,0,True,False,False
0,299,356,0,True,False,False
0,356,299,0,True,False,False
0,500,1453,0,True,False,False
0,1453,500,0,True,False,False
0,500,42,0,True,False,False
0,42,500,0,True,False,False
0,659,229,0,True,False,False
0,229,659,0,True,False,False
0,659,1441,0,True,False,False
0,1441,659,0,True,False,False
0,659,969,0,True,False,False
0,969,659,0,True,False,False
0,881,1283,0,True,False,False
0,1283,881,0,True,False,False
0,881,1555,0,True,False,False
0,1555,881,0,True,False,False
0,1373,881,0,True,False,False
0,881,1373,0,True,False,False
0,881,136,0,True,False,False
0,136,881,0,True,False,False
0,881,380,0,True,False,False
0,380,881,0,True,False,False
0,881,515,0,True,False,False
0,515,881,0,True,False,False
0,1090,1124,0,True,False,False
0,1124,1090,0,True,False,False
0,1090,336,0,True,False,False
0,336,1090,0,True,False,False
0,43,288,0,True,False,False
0,288,43,0,True,False,False
0,288,1497,0,True,False,False
0,1497,288,0,True,False,False
0,288,33,0,True,False,False
0,33,288,0,True,False,False
0,288,1235,0,True,False,False
0,1235,288,0,True,False,False
0,288,293,0,True,False,False
0,293,288,0,True,False,False
0,288,412,0,True,False,False
0,412,288,0,True,False,False
0,846,1536,0,True,False,False
0,1536,846,0,True,False,False
0,846,1239,0,True,False,False
0,1239,846,0,True,False,False
0,846,408,0,True,False,False
0,408,846,0,True,False,False
0,528,846,0,True,False,False
0,846,528,0,True,False,False
0,846,653,0,True,False,False
0,653,846,0,True,False,False
0,380,845,0,True,False,False
0,845,380,0,True,False,False
0,380,618,0,True,False,False
0,618,380,0,True,False,False
0,380,1017,0,True,False,False
0,1017,380,0,True,False,False
0,380,138,0,True,False,False
0,138,380,0,True,False,False
0,380,1404,0,True,False,False
0,1404,380,0,True,False,False
0,989,980,0,True,False,False
0,980,989,0,True,False,False
0,989,387,0,True,False,False
0,387,989,0,True,False,False
0,989,692,0,True,False,False
0,692,989,0,True,False,False
0,1092,310,0,True,False,False
0,310,1092,0,True,False,False
0,1092,1549,0,True,False,False
0,1549,1092,0,True,False,False
0,1092,1321,0,True,False,False
0,1321,1092,0,True,False,False
0,1413,48,0,True,False,False
0,48,1413,0,True,False,False
0,1413,1404,0,True,False,False
0,1404,1413,0,True,False,False
0,1413,553,0,True,False,False
0,553,1413,0,True,False,False
0,190,1397,0,True,False,False
0,1397,190,0,True,False,False
0,190,1173,0,True,False,False
0,1173,190,0,True,False,False
0,1373,289,0,True,False,False
0,289,1373,0,True,False,False
0,1373,1229,0,True,False,False
0,1229,1373,0,True,False,False
0,1373,692,0,True,False,False
0,692,1373,0,True,False,False
0,1373,1603,0,True,False,False
0,1603,1373,0,True,False,False
0,427,1168,0,True,False,False
0,1168,427,0,True,False,False
0,427,292,0,True,False,False
0,292,427,0,True,False,False
0,356,1011,0,True,False,False
0,1011,356,0,True,False,False
0,356,294,0,True,False,False
0,294,356,0,True,False,False
0,356,1104,0,True,False,False
0,1104,356,0,True,False,False
0,356,768,0,True,False,False
0,768,356,0,True,False,False
0,528,83,0,True,False,False
0,83,528,0,True,False,False
0,1235,528,0,True,False,False
0,528,1235,0,True,False,False
0,528,1199,0,True,False,False
0,1199,528,0,True,False,False
0,528,1482,0,True,False,False
0,1482,528,0,True,False,False
0,528,1313,0,True,False,False
0,1313,528,0,True,False,False
0,310,873,0,True,False,False
0,873,310,0,True,False,False
0,310,181,0,True,False,False
0,181,310,0,True,False,False
0,310,538,0,True,False,False
0,538,310,0,True,False,False
0,1371,446,0,True,False,False
0,446,1371,0,True,False,False
0,1371,1313,0,True,False,False
0,1313,1371,0,True,False,False
0,722,1239,0,True,False,False
0,1239,722,0,True,False,False
0,722,839,0,True,False,False
0,839,722,0,True,False,False
0,1235,225,0,True,False,False
0,225,1235,0,True,False,False
0,1235,1084,0,True,False,False
0,1084,1235,0,True,False,False
0,1235,679,0,True,False,False
0,679,1235,0,True,False,False
0,1235,446,0,True,False,False
0,446,1235,0,True,False,False
0,1235,449,0,True,False,False
0,449,1235,0,True,False,False
0,244,191,0,True,False,False
0,191,244,0,True,False,False
0,244,862,0,True,False,False
0,862,244,0,True,False,False
0,244,975,0,True,False,False
0,975,244,0,True,False,False
0,244,19,0,True,False,False
0,19,244,0,True,False,False
0,244,1605,0,True,False,False
0,1605,244,0,True,False,False
0,980,1443,0,True,False,False
0,1443,980,0,True,False,False
0,980,1020,0,True,False,False
0,1020,980,0,True,False,False
0,980,136,0,True,False,False
0,136,980,0,True,False,False
0,1084,455,0,True,False,False
0,455,1084,0,True,False,False
0,1084,1524,0,True,False,False
0,1524,1084,0,True,False,False
0,1084,332,0,True,False,False
0,332,1084,0,True,False,False
0,1084,979,0,True,False,False
0,979,1084,0,True,False,False
0,1084,1265,0,True,False,False
0,1265,1084,0,True,False,False
0,566,618,0,True,False,False
0,618,566,0,True,False,False
0,566,1283,0,True,False,False
0,1283,566,0,True,False,False
0,566,98,0,True,False,False
0,98,566,0,True,False,False
0,43,1336,0,True,False,False
0,1336,43,0,True,False,False
0,43,1335,0,True,False,False
0,1335,43,0,True,False,False
0,43,250,0,True,False,False
0,250,43,0,True,False,False
0,43,759,0,True,False,False
0,759,43,0,True,False,False
0,1272,1012,0,True,False,False
0,1012,1272,0,True,False,False
0,1272,1252,0,True,False,False
0,1252,1272,0,True,False,False
0,1272,938,0,True,False,False
0,938,1272,0,True,False,False
0,1272,426,0,True,False,False
0,426,1272,0,True,False,False
0,596,1272,0,True,False,False
0,1272,596,0,True,False,False
0,1272,636,0,True,False,False
0,636,1272,0,True,False,False
0,955,745,0,True,False,False
0,745,955,0,True,False,False
0,541,855,0,True,False,False
0,855,541,0,True,False,False
0,541,570,0,True,False,False
0,570,541,0,True,False,False
0,541,799,0,True,False,False
0,799,541,0,True,False,False
0,541,922,0,True,False,False
0,922,541,0,True,False,False
0,541,187,0,True,False,False
0,187,541,0,True,False,False
0,357,541,0,True,False,False
0,541,357,0,True,False,False
0,236,1504,0,True,False,False
0,1504,236,0,True,False,False
0,236,261,0,True,False,False
0,261,236,0,True,False,False
0,236,1067,0,True,False,False
0,1067,236,0,True,False,False
0,236,571,0,True,False,False
0,571,236,0,True,False,False
0,1367,236,0,True,False,False
0,236,1367,0,True,False,False
0,236,305,0,True,False,False
0,305,236,0,True,False,False
0,168,1558,0,True,False,False
0,1558,168,0,True,False,False
0,1558,734,0,True,False,False
0,734,1558,0,True,False,False
0,1558,544,0,True,False,False
0,544,1558,0,True,False,False
0,160,671,0,True,False,False
0,671,160,0,True,False,False
0,671,253,0,True,False,False
0,253,671,0,True,False,False
0,1266,450,0,True,False,False
0,450,1266,0,True,False,False
0,1266,938,0,True,False,False
0,938,1266,0,True,False,False
0,1266,809,0,True,False,False
0,809,1266,0,True,False,False
0,636,1266,0,True,False,False
0,1266,636,0,True,False,False
0,873,181,0,True,False,False
0,181,873,0,True,False,False
0,1,873,0,True,False,False
0,873,1,0,True,False,False
0,873,1321,0,True,False,False
0,1321,873,0,True,False,False
0,1002,785,0,True,False,False
0,785,1002,0,True,False,False
0,1002,744,0,True,False,False
0,744,1002,0,True,False,False
0,1002,1281,0,True,False,False
0,1281,1002,0,True,False,False
0,673,1216,0,True,False,False
0,1216,673,0,True,False,False
0,673,1,0,True,False,False
0,1,673,0,True,False,False
0,538,673,0,True,False,False
0,673,538,0,True,False,False
0,845,536,0,True,False,False
0,536,845,0,True,False,False
0,845,518,0,True,False,False
0,518,845,0,True,False,False
0,845,332,0,True,False,False
0,332,845,0,True,False,False
0,845,189,0,True,False,False
0,189,845,0,True,False,False
0,845,48,0,True,False,False
0,48,845,0,True,False,False
0,393,100,0,True,False,False
0,100,393,0,True,False,False
0,393,1279,0,True,False,False
0,1279,393,0,True,False,False
0,393,1030,0,True,False,False
0,1030,393,0,True,False,False
0,860,393,0,True,False,False
0,393,860,0,True,False,False
0,393,796,0,True,False,False
0,796,393,0,True,False,False
0,540,723,0,True,False,False
0,723,540,0,True,False,False
0,540,518,0,True,False,False
0,518,540,0,True,False,False
0,540,706,0,True,False,False
0,706,540,0,True,False,False
0,26,309,0,True,False,False
0,309,26,0,True,False,False
0,1224,26,0,True,False,False
0,26,1224,0,True,False,False
0,26,1369,0,True,False,False
0,1369,26,0,True,False,False
0,26,1582,0,True,False,False
0,1582,26,0,True,False,False
0,26,797,0,True,False,False
0,797,26,0,True,False,False
0,26,1197,0,True,False,False
0,1197,26,0,True,False,False
0,1297,1030,0,True,False,False
0,1030,1297,0,True,False,False
0,229,1297,0,True,False,False
0,1297,229,0,True,False,False
0,1297,1074,0,True,False,False
0,1074,1297,0,True,False,False
0,1135,1060,0,True,False,False
0,1060,1135,0,True,False,False
0,367,1135,0,True,False,False
0,1135,367,0,True,False,False
0,1135,1455,0,True,False,False
0,1455,1135,0,True,False,False
0,868,1354,0,True,False,False
0,1354,868,0,True,False,False
0,1354,707,0,True,False,False
0,707,1354,0,True,False,False
0,1354,1197,0,True,False,False
0,1197,1354,0,True,False,False
0,510,1079,0,True,False,False
0,1079,510,0,True,False,False
0,1079,1358,0,True,False,False
0,1358,1079,0,True,False,False
0,1079,1040,0,True,False,False
0,1040,1079,0,True,False,False
0,1076,797,0,True,False,False
0,797,1076,0,True,False,False
0,1076,1072,0,True,False,False
0,1072,1076,0,True,False,False
0,1076,1552,0,True,False,False
0,1552,1076,0,True,False,False
0,725,1145,0,True,False,False
0,1145,725,0,True,False,False
0,725,799,0,True,False,False
0,799,725,0,True,False,False
0,725,977,0,True,False,False
0,977,725,0,True,False,False
0,725,357,0,True,False,False
0,357,725,0,True,False,False
0,309,883,0,True,False,False
0,883,309,0,True,False,False
0,309,707,0,True,False,False
0,707,309,0,True,False,False
0,309,1281,0,True,False,False
0,1281,309,0,True,False,False
0,309,1605,0,True,False,False
0,1605,309,0,True,False,False
0,309,459,0,True,False,False
0,459,309,0,True,False,False
0,1020,1443,0,True,False,False
0,1443,1020,0,True,False,False
0,1020,136,0,True,False,False
0,136,1020,0,True,False,False
0,1443,387,0,True,False,False
0,387,1443,0,True,False,False
0,387,692,0,True,False,False
0,692,387,0,True,False,False
0,387,233,0,True,False,False
0,233,387,0,True,False,False
0,730,955,0,True,False,False
0,955,730,0,True,False,False
0,1075,730,0,True,False,False
0,730,1075,0,True,False,False
0,98,618,0,True,False,False
0,618,98,0,True,False,False
0,98,1283,0,True,False,False
0,1283,98,0,True,False,False
0,553,48,0,True,False,False
0,48,553,0,True,False,False
0,553,1404,0,True,False,False
0,1404,553,0,True,False,False
0,1552,797,0,True,False,False
0,797,1552,0,True,False,False
0,1552,1072,0,True,False,False
0,1072,1552,0,True,False,False
0,54,1075,0,True,False,False
0,1075,54,0,True,False,False
0,1443,136,0,True,False,False
0,136,1443,0,True,False,False
0,632,1224,0,True,False,False
0,1224,632,0,True,False,False
0,632,635,0,True,False,False
0,635,632,0,True,False,False
0,632,544,0,True,False,False
0,544,632,0,True,False,False
0,632,798,0,True,False,False
0,798,632,0,True,False,False
0,632,1358,0,True,False,False
0,1358,632,0,True,False,False
0,1224,1072,0,True,False,False
0,1072,1224,0,True,False,False
0,1224,354,0,True,False,False
0,354,1224,0,True,False,False
0,1224,734,0,True,False,False
0,734,1224,0,True,False,False
0,1224,879,0,True,False,False
0,879,1224,0,True,False,False
0,367,1060,0,True,False,False
0,1060,367,0,True,False,False
0,367,1455,0,True,False,False
0,1455,367,0,True,False,False
0,493,1060,0,True,False,False
0,1060,493,0,True,False,False
0,493,1216,0,True,False,False
0,1216,493,0,True,False,False
0,493,977,0,True,False,False
0,977,493,0,True,False,False
0,493,656,0,True,False,False
0,656,493,0,True,False,False
0,1605,493,0,True,False,False
0,493,1605,0,True,False,False
0,1,1216,0,True,False,False
0,1216,1,0,True,False,False
0,538,1,0,True,False,False
0,1,538,0,True,False,False
0,357,1249,0,True,False,False
0,1249,357,0,True,False,False
0,357,799,0,True,False,False
0,799,357,0,True,False,False
0,1605,785,0,True,False,False
0,785,1605,0,True,False,False
0,1605,322,0,True,False,False
0,322,1605,0,True,False,False
0,1605,1560,0,True,False,False
0,1560,1605,0,True,False,False
0,1605,1455,0,True,False,False
0,1455,1605,0,True,False,False
0,168,734,0,True,False,False
0,734,168,0,True,False,False
0,168,544,0,True,False,False
0,544,168,0,True,False,False
0,233,1116,0,True,False,False
0,1116,233,0,True,False,False
0,233,1015,0,True,False,False
0,1015,233,0,True,False,False
0,868,707,0,True,False,False
0,707,868,0,True,False,False
0,868,1197,0,True,False,False
0,1197,868,0,True,False,False
0,1116,401,0,True,False,False
0,401,1116,0,True,False,False
0,1116,851,0,True,False,False
0,851,1116,0,True,False,False
0,1057,100,0,True,False,False
0,100,1057,0,True,False,False
0,1057,508,0,True,False,False
0,508,1057,0,True,False,False
0,1057,1530,0,True,False,False
0,1530,1057,0,True,False,False
0,636,1310,0,True,False,False
0,1310,636,0,True,False,False
0,636,938,0,True,False,False
0,938,636,0,True,False,False
0,401,1284,0,True,False,False
0,1284,401,0,True,False,False
0,1530,100,0,True,False,False
0,100,1530,0,True,False,False
0,1530,508,0,True,False,False
0,508,1530,0,True,False,False
0,1321,160,0,True,False,False
0,160,1321,0,True,False,False
0,1321,1549,0,True,False,False
0,1549,1321,0,True,False,False
0,538,1216,0,True,False,False
0,1216,538,0,True,False,False
0,706,723,0,True,False,False
0,723,706,0,True,False,False
0,706,518,0,True,False,False
0,518,706,0,True,False,False
0,744,785,0,True,False,False
0,785,744,0,True,False,False
0,744,1281,0,True,False,False
0,1281,744,0,True,False,False
0,187,570,0,True,False,False
0,570,187,0,True,False,False
0,187,963,0,True,False,False
0,963,187,0,True,False,False
0,1367,635,0,True,False,False
0,635,1367,0,True,False,False
0,1367,305,0,True,False,False
0,305,1367,0,True,False,False
0,1346,16,0,True,False,False
0,16,1346,0,True,False,False
0,896,1346,0,True,False,False
0,1346,896,0,True,False,False
0,1346,1492,0,True,False,False
0,1492,1346,0,True,False,False
0,510,1040,0,True,False,False
0,1040,510,0,True,False,False
0,1040,658,0,True,False,False
0,658,1040,0,True,False,False
0,1040,1358,0,True,False,False
0,1358,1040,0,True,False,False
0,596,1012,0,True,False,False
0,1012,596,0,True,False,False
0,596,1229,0,True,False,False
0,1229,596,0,True,False,False
0,319,596,0,True,False,False
0,596,319,0,True,False,False
0,160,1025,0,True,False,False
0,1025,160,0,True,False,False
0,1357,179,0,True,False,False
0,179,1357,0,True,False,False
0,1357,735,0,True,False,False
0,735,1357,0,True,False,False
0,1357,281,0,True,False,False
0,281,1357,0,True,False,False
0,1357,655,0,True,False,False
0,655,1357,0,True,False,False
0,658,981,0,True,False,False
0,981,658,0,True,False,False
0,658,336,0,True,False,False
0,336,658,0,True,False,False
0,332,333,0,True,False,False
0,333,332,0,True,False,False
0,332,723,0,True,False,False
0,723,332,0,True,False,False
0,332,1260,0,True,False,False
0,1260,332,0,True,False,False
0,332,860,0,True,False,False
0,860,332,0,True,False,False
0,332,1492,0,True,False,False
0,1492,332,0,True,False,False
0,510,1358,0,True,False,False
0,1358,510,0,True,False,False
0,860,804,0,True,False,False
0,804,860,0,True,False,False
0,860,1074,0,True,False,False
0,1074,860,0,True,False,False
0,860,16,0,True,False,False
0,16,860,0,True,False,False
0,860,104,0,True,False,False
0,104,860,0,True,False,False
0,319,1012,0,True,False,False
0,1012,319,0,True,False,False
0,319,702,0,True,False,False
0,702,319,0,True,False,False
0,319,515,0,True,False,False
0,515,319,0,True,False,False
0,896,16,0,True,False,False
0,16,896,0,True,False,False
0,896,1492,0,True,False,False
0,1492,896,0,True,False,False
0,229,1030,0,True,False,False
0,1030,229,0,True,False,False
0,229,1074,0,True,False,False
0,1074,229,0,True,False,False
0,1466,1259,0,True,False,False
0,1259,1466,0,True,False,False
0,1466,562,0,True,False,False
0,562,1466,0,True,False,False
0,1284,851,0,True,False,False
0,851,1284,0,True,False,False
0,1547,64,0,True,False,False
0,64,1547,0,True,False,False
0,64,521,0,True,False,False
0,521,64,0,True,False,False
0,809,450,0,True,False,False
0,450,809,0,True,False,False
0,809,1310,0,True,False,False
0,1310,809,0,True,False,False
0,1137,676,0,True,False,False
0,676,1137,0,True,False,False
0,1137,519,0,True,False,False
0,519,1137,0,True,False,False
0,1169,1422,0,True,False,False
0,1422,1169,0,True,False,False
0,1169,1286,0,True,False,False
0,1286,1169,0,True,False,False
0,1271,557,0,True,False,False
0,557,1271,0,True,False,False
0,1271,368,0,True,False,False
0,368,1271,0,True,False,False
0,73,1339,0,True,False,False
0,1339,73,0,True,False,False
0,1384,73,0,True,False,False
0,73,1384,0,True,False,False
0,73,1335,0,True,False,False
0,1335,73,0,True,False,False
0,79,694,0,True,False,False
0,694,79,0,True,False,False
0,694,1487,0,True,False,False
0,1487,694,0,True,False,False
0,1491,221,0,True,False,False
0,221,1491,0,True,False,False
0,1491,431,0,True,False,False
0,431,1491,0,True,False,False
0,129,1339,0,True,False,False
0,1339,129,0,True,False,False
0,595,129,0,True,False,False
0,129,595,0,True,False,False
0,255,313,0,True,False,False
0,313,255,0,True,False,False
0,255,149,0,True,False,False
0,149,255,0,True,False,False
0,1067,910,0,True,False,False
0,910,1067,0,True,False,False
0,1067,741,0,True,False,False
0,741,1067,0,True,False,False
0,1067,261,0,True,False,False
0,261,1067,0,True,False,False
0,1125,746,0,True,False,False
0,746,1125,0,True,False,False
0,829,1125,0,True,False,False
0,1125,829,0,True,False,False
0,682,791,0,True,False,False
0,791,682,0,True,False,False
0,791,746,0,True,False,False
0,746,791,0,True,False,False
0,791,449,0,True,False,False
0,449,791,0,True,False,False
0,645,582,0,True,False,False
0,582,645,0,True,False,False
0,582,768,0,True,False,False
0,768,582,0,True,False,False
0,430,1124,0,True,False,False
0,1124,430,0,True,False,False
0,644,430,0,True,False,False
0,430,644,0,True,False,False
0,1167,1409,0,True,False,False
0,1409,1167,0,True,False,False
0,1167,1221,0,True,False,False
0,1221,1167,0,True,False,False
0,79,1487,0,True,False,False
0,1487,79,0,True,False,False
0,682,746,0,True,False,False
0,746,682,0,True,False,False
0,682,449,0,True,False,False
0,449,682,0,True,False,False
0,1259,765,0,True,False,False
0,765,1259,0,True,False,False
0,277,94,0,True,False,False
0,94,277,0,True,False,False
0,94,257,0,True,False,False
0,257,94,0,True,False,False
0,94,416,0,True,False,False
0,416,94,0,True,False,False
0,94,1105,0,True,False,False
0,1105,94,0,True,False,False
0,94,1461,0,True,False,False
0,1461,94,0,True,False,False
0,94,1100,0,True,False,False
0,1100,94,0,True,False,False
0,884,1511,0,True,False,False
0,1511,884,0,True,False,False
0,884,521,0,True,False,False
0,521,884,0,True,False,False
0,884,698,0,True,False,False
0,698,884,0,True,False,False
0,1287,78,0,True,False,False
0,78,1287,0,True,False,False
0,1287,1472,0,True,False,False
0,1472,1287,0,True,False,False
0,859,1409,0,True,False,False
0,1409,859,0,True,False,False
0,859,1363,0,True,False,False
0,1363,859,0,True,False,False
0,859,250,0,True,False,False
0,250,859,0,True,False,False
0,557,578,0,True,False,False
0,578,557,0,True,False,False
0,1233,368,0,True,False,False
0,368,1233,0,True,False,False
0,1233,759,0,True,False,False
0,759,1233,0,True,False,False
0,197,1233,0,True,False,False
0,1233,197,0,True,False,False
0,1363,1409,0,True,False,False
0,1409,1363,0,True,False,False
0,1363,250,0,True,False,False
0,250,1363,0,True,False,False
0,741,1504,0,True,False,False
0,1504,741,0,True,False,False
0,741,261,0,True,False,False
0,261,741,0,True,False,False
0,741,571,0,True,False,False
0,571,741,0,True,False,False
0,371,1471,0,True,False,False
0,1471,371,0,True,False,False
0,371,821,0,True,False,False
0,821,371,0,True,False,False
0,645,226,0,True,False,False
0,226,645,0,True,False,False
0,539,1471,0,True,False,False
0,1471,539,0,True,False,False
0,539,21,0,True,False,False
0,21,539,0,True,False,False
0,539,591,0,True,False,False
0,591,539,0,True,False,False
0,539,821,0,True,False,False
0,821,539,0,True,False,False
0,221,1337,0,True,False,False
0,1337,221,0,True,False,False
0,508,100,0,True,False,False
0,100,508,0,True,False,False
0,508,197,0,True,False,False
0,197,508,0,True,False,False
0,1159,313,0,True,False,False
0,313,1159,0,True,False,False
0,1159,1456,0,True,False,False
0,1456,1159,0,True,False,False
0,1159,294,0,True,False,False
0,294,1159,0,True,False,False
0,910,261,0,True,False,False
0,261,910,0,True,False,False
0,257,1409,0,True,False,False
0,1409,257,0,True,False,False
0,257,1461,0,True,False,False
0,1461,257,0,True,False,False
0,257,250,0,True,False,False
0,250,257,0,True,False,False
0,368,578,0,True,False,False
0,578,368,0,True,False,False
0,1221,1409,0,True,False,False
0,1409,1221,0,True,False,False
0,149,313,0,True,False,False
0,313,149,0,True,False,False
0,294,313,0,True,False,False
0,313,294,0,True,False,False
0,294,1456,0,True,False,False
0,1456,294,0,True,False,False
0,1409,1461,0,True,False,False
0,1461,1409,0,True,False,False
0,410,1299,0,True,False,False
0,1299,410,0,True,False,False
0,410,676,0,True,False,False
0,676,410,0,True,False,False
0,410,519,0,True,False,False
0,519,410,0,True,False,False
0,410,1044,0,True,False,False
0,1044,410,0,True,False,False
0,450,1310,0,True,False,False
0,1310,450,0,True,False,False
0,1003,256,0,True,False,False
0,256,1003,0,True,False,False
0,547,1003,0,True,False,False
0,1003,547,0,True,False,False
0,735,782,0,True,False,False
0,782,735,0,True,False,False
0,735,179,0,True,False,False
0,179,735,0,True,False,False
0,179,782,0,True,False,False
0,782,179,0,True,False,False
0,1111,1559,0,True,False,False
0,1559,1111,0,True,False,False
0,1559,41,0,True,False,False
0,41,1559,0,True,False,False
0,336,644,0,True,False,False
0,644,336,0,True,False,False
0,985,1215,0,True,False,False
0,1215,985,0,True,False,False
0,985,1035,0,True,False,False
0,1035,985,0,True,False,False
0,277,1105,0,True,False,False
0,1105,277,0,True,False,False
0,277,796,0,True,False,False
0,796,277,0,True,False,False
0,197,750,0,True,False,False
0,750,197,0,True,False,False
0,547,1291,0,True,False,False
0,1291,547,0,True,False,False
0,1111,677,0,True,False,False
0,677,1111,0,True,False,False
0,1422,111,0,True,False,False
0,111,1422,0,True,False,False
0,1472,78,0,True,False,False
0,78,1472,0,True,False,False
0,1384,1339,0,True,False,False
0,1339,1384,0,True,False,False
0,1384,1335,0,True,False,False
0,1335,1384,0,True,False,False
0,1566,944,0,True,False,False
0,944,1566,0,True,False,False
0,336,1124,0,True,False,False
0,1124,336,0,True,False,False
0,857,944,0,True,False,False
0,944,857,0,True,False,False
0,857,1397,0,True,False,False
0,1397,857,0,True,False,False
0,595,1339,0,True,False,False
0,1339,595,0,True,False,False
0,1511,521,0,True,False,False
0,521,1511,0,True,False,False
0,1511,698,0,True,False,False
0,698,1511,0,True,False,False
0,1547,521,0,True,False,False
0,521,1547,0,True,False,False
0,829,746,0,True,False,False
0,746,829,0,True,False,False
0,490,1458,0,True,False,False
0,1458,490,0,True,False,False
0,490,1333,0,True,False,False
0,1333,490,0,True,False,False
0,490,351,0,True,False,False
0,351,490,0,True,False,False
0,490,1174,0,True,False,False
0,1174,490,0,True,False,False
0,490,114,0,True,False,False
0,114,490,0,True,False,False
0,1129,302,0,True,False,False
0,302,1129,0,True,False,False
0,1129,1598,0,True,False,False
0,1598,1129,0,True,False,False
0,1129,1222,0,True,False,False
0,1222,1129,0,True,False,False
0,1129,51,0,True,False,False
0,51,1129,0,True,False,False
0,1129,1602,0,True,False,False
0,1602,1129,0,True,False,False
0,1129,453,0,True,False,False
0,453,1129,0,True,False,False
0,1129,1302,0,True,False,False
0,1302,1129,0,True,False,False
0,1129,177,0,True,False,False
0,177,1129,0,True,False,False
0,1129,517,0,True,False,False
0,517,1129,0,True,False,False
0,1129,1258,0,True,False,False
0,1258,1129,0,True,False,False
0,1129,842,0,True,False,False
0,842,1129,0,True,False,False
0,1129,650,0,True,False,False
0,650,1129,0,True,False,False
0,1129,119,0,True,False,False
0,119,1129,0,True,False,False
0,1129,718,0,True,False,False
0,718,1129,0,True,False,False
0,1129,483,0,True,False,False
0,483,1129,0,True,False,False
0,637,473,0,True,False,False
0,473,637,0,True,False,False
0,637,956,0,True,False,False
0,956,637,0,True,False,False
0,1498,937,0,True,False,False
0,937,1498,0,True,False,False
0,419,1498,0,True,False,False
0,1498,419,0,True,False,False
0,1498,1177,0,True,False,False
0,1177,1498,0,True,False,False
0,1042,454,0,True,False,False
0,454,1042,0,True,False,False
0,1600,454,0,True,False,False
0,454,1600,0,True,False,False
0,454,928,0,True,False,False
0,928,454,0,True,False,False
0,254,1419,0,True,False,False
0,1419,254,0,True,False,False
0,254,1222,0,True,False,False
0,1222,254,0,True,False,False
0,1261,254,0,True,False,False
0,254,1261,0,True,False,False
0,254,724,0,True,False,False
0,724,254,0,True,False,False
0,254,91,0,True,False,False
0,91,254,0,True,False,False
0,254,1051,0,True,False,False
0,1051,254,0,True,False,False
0,1172,254,0,True,False,False
0,254,1172,0,True,False,False
0,254,1193,0,True,False,False
0,1193,254,0,True,False,False
0,968,708,0,True,False,False
0,708,968,0,True,False,False
0,968,1164,0,True,False,False
0,1164,968,0,True,False,False
0,968,1213,0,True,False,False
0,1213,968,0,True,False,False
0,968,1258,0,True,False,False
0,1258,968,0,True,False,False
0,1280,968,0,True,False,False
0,968,1280,0,True,False,False
0,968,23,0,True,False,False
0,23,968,0,True,False,False
0,1588,968,0,True,False,False
0,968,1588,0,True,False,False
0,774,968,0,True,False,False
0,968,774,0,True,False,False
0,937,369,0,True,False,False
0,369,937,0,True,False,False
0,369,1101,0,True,False,False
0,1101,369,0,True,False,False
0,359,369,0,True,False,False
0,369,359,0,True,False,False
0,419,369,0,True,False,False
0,369,419,0,True,False,False
0,57,78,0,True,False,False
0,78,57,0,True,False,False
0,57,714,0,True,False,False
0,714,57,0,True,False,False
0,57,679,0,True,False,False
0,679,57,0,True,False,False
0,837,732,0,True,False,False
0,732,837,0,True,False,False
0,732,1464,0,True,False,False
0,1464,732,0,True,False,False
0,732,1470,0,True,False,False
0,1470,732,0,True,False,False
0,732,1329,0,True,False,False
0,1329,732,0,True,False,False
0,1331,1179,0,True,False,False
0,1179,1331,0,True,False,False
0,1331,164,0,True,False,False
0,164,1331,0,True,False,False
0,956,473,0,True,False,False
0,473,956,0,True,False,False
0,1177,1317,0,True,False,False
0,1317,1177,0,True,False,False
0,1177,468,0,True,False,False
0,468,1177,0,True,False,False
0,178,1177,0,True,False,False
0,1177,178,0,True,False,False
0,1177,1055,0,True,False,False
0,1055,1177,0,True,False,False
0,1177,1598,0,True,False,False
0,1598,1177,0,True,False,False
0,1177,899,0,True,False,False
0,899,1177,0,True,False,False
0,1177,476,0,True,False,False
0,476,1177,0,True,False,False
0,1177,1278,0,True,False,False
0,1278,1177,0,True,False,False
0,1177,56,0,True,False,False
0,56,1177,0,True,False,False
0,1177,579,0,True,False,False
0,579,1177,0,True,False,False
0,1177,731,0,True,False,False
0,731,1177,0,True,False,False
0,1177,1267,0,True,False,False
0,1267,1177,0,True,False,False
0,1177,1485,0,True,False,False
0,1485,1177,0,True,False,False
0,1177,752,0,True,False,False
0,752,1177,0,True,False,False
0,1177,1532,0,True,False,False
0,1532,1177,0,True,False,False
0,1177,1098,0,True,False,False
0,1098,1177,0,True,False,False
0,1177,222,0,True,False,False
0,222,1177,0,True,False,False
0,1353,1177,0,True,False,False
0,1177,1353,0,True,False,False
0,1177,874,0,True,False,False
0,874,1177,0,True,False,False
0,1177,324,0,True,False,False
0,324,1177,0,True,False,False
0,1177,1023,0,True,False,False
0,1023,1177,0,True,False,False
0,1177,270,0,True,False,False
0,270,1177,0,True,False,False
0,1177,858,0,True,False,False
0,858,1177,0,True,False,False
0,1177,1240,0,True,False,False
0,1240,1177,0,True,False,False
0,1177,1554,0,True,False,False
0,1554,1177,0,True,False,False
0,1177,805,0,True,False,False
0,805,1177,0,True,False,False
0,1177,1507,0,True,False,False
0,1507,1177,0,True,False,False
0,1177,810,0,True,False,False
0,810,1177,0,True,False,False
0,1177,748,0,True,False,False
0,748,1177,0,True,False,False
0,1177,1304,0,True,False,False
0,1304,1177,0,True,False,False
0,1177,148,0,True,False,False
0,148,1177,0,True,False,False
0,1177,1280,0,True,False,False
0,1280,1177,0,True,False,False
0,1177,85,0,True,False,False
0,85,1177,0,True,False,False
0,1177,680,0,True,False,False
0,680,1177,0,True,False,False
0,1177,1298,0,True,False,False
0,1298,1177,0,True,False,False
0,1177,433,0,True,False,False
0,433,1177,0,True,False,False
0,1177,774,0,True,False,False
0,774,1177,0,True,False,False
0,1238,49,0,True,False,False
0,49,1238,0,True,False,False
0,579,1238,0,True,False,False
0,1238,579,0,True,False,False
0,1238,1308,0,True,False,False
0,1308,1238,0,True,False,False
0,258,1238,0,True,False,False
0,1238,258,0,True,False,False
0,147,511,0,True,False,False
0,511,147,0,True,False,False
0,511,653,0,True,False,False
0,653,511,0,True,False,False
0,511,1487,0,True,False,False
0,1487,511,0,True,False,False
0,1042,339,0,True,False,False
0,339,1042,0,True,False,False
0,339,920,0,True,False,False
0,920,339,0,True,False,False
0,713,339,0,True,False,False
0,339,713,0,True,False,False
0,579,1458,0,True,False,False
0,1458,579,0,True,False,False
0,1333,1458,0,True,False,False
0,1458,1333,0,True,False,False
0,1458,1174,0,True,False,False
0,1174,1458,0,True,False,False
0,1205,1600,0,True,False,False
0,1600,1205,0,True,False,False
0,1205,359,0,True,False,False
0,359,1205,0,True,False,False
0,374,1205,0,True,False,False
0,1205,374,0,True,False,False
0,258,49,0,True,False,False
0,49,258,0,True,False,False
0,258,1062,0,True,False,False
0,1062,258,0,True,False,False
0,258,1308,0,True,False,False
0,1308,258,0,True,False,False
0,886,436,0,True,False,False
0,436,886,0,True,False,False
0,886,1419,0,True,False,False
0,1419,886,0,True,False,False
0,886,1483,0,True,False,False
0,1483,886,0,True,False,False
0,886,898,0,True,False,False
0,898,886,0,True,False,False
0,886,1405,0,True,False,False
0,1405,886,0,True,False,False
0,886,315,0,True,False,False
0,315,886,0,True,False,False
0,886,195,0,True,False,False
0,195,886,0,True,False,False
0,886,638,0,True,False,False
0,638,886,0,True,False,False
0,886,920,0,True,False,False
0,920,886,0,True,False,False
0,886,279,0,True,False,False
0,279,886,0,True,False,False
0,897,886,0,True,False,False
0,886,897,0,True,False,False
0,886,1428,0,True,False,False
0,1428,886,0,True,False,False
0,886,272,0,True,False,False
0,272,886,0,True,False,False
0,886,1261,0,True,False,False
0,1261,886,0,True,False,False
0,886,308,0,True,False,False
0,308,886,0,True,False,False
0,886,219,0,True,False,False
0,219,886,0,True,False,False
0,886,1540,0,True,False,False
0,1540,886,0,True,False,False
0,886,167,0,True,False,False
0,167,886,0,True,False,False
0,886,876,0,True,False,False
0,876,886,0,True,False,False
0,886,931,0,True,False,False
0,931,886,0,True,False,False
0,886,719,0,True,False,False
0,719,886,0,True,False,False
0,886,53,0,True,False,False
0,53,886,0,True,False,False
0,886,921,0,True,False,False
0,921,886,0,True,False,False
0,886,210,0,True,False,False
0,210,886,0,True,False,False
0,886,1432,0,True,False,False
0,1432,886,0,True,False,False
0,886,25,0,True,False,False
0,25,886,0,True,False,False
0,886,266,0,True,False,False
0,266,886,0,True,False,False
0,886,347,0,True,False,False
0,347,886,0,True,False,False
0,886,842,0,True,False,False
0,842,886,0,True,False,False
0,886,880,0,True,False,False
0,880,886,0,True,False,False
0,886,1089,0,True,False,False
0,1089,886,0,True,False,False
0,886,1537,0,True,False,False
0,1537,886,0,True,False,False
0,886,6,0,True,False,False
0,6,886,0,True,False,False
0,886,150,0,True,False,False
0,150,886,0,True,False,False
0,886,736,0,True,False,False
0,736,886,0,True,False,False
0,886,337,0,True,False,False
0,337,886,0,True,False,False
0,1172,1426,0,True,False,False
0,1426,1172,0,True,False,False
0,1172,275,0,True,False,False
0,275,1172,0,True,False,False
0,1172,1034,0,True,False,False
0,1034,1172,0,True,False,False
0,1172,1282,0,True,False,False
0,1282,1172,0,True,False,False
0,1172,134,0,True,False,False
0,134,1172,0,True,False,False
0,1172,1522,0,True,False,False
0,1522,1172,0,True,False,False
0,1172,600,0,True,False,False
0,600,1172,0,True,False,False
0,1172,678,0,True,False,False
0,678,1172,0,True,False,False
0,1172,822,0,True,False,False
0,822,1172,0,True,False,False
0,1261,1172,0,True,False,False
0,1172,1261,0,True,False,False
0,1172,933,0,True,False,False
0,933,1172,0,True,False,False
0,1172,764,0,True,False,False
0,764,1172,0,True,False,False
0,1172,1411,0,True,False,False
0,1411,1172,0,True,False,False
0,1172,740,0,True,False,False
0,740,1172,0,True,False,False
0,1172,1578,0,True,False,False
0,1578,1172,0,True,False,False
0,1172,537,0,True,False,False
0,537,1172,0,True,False,False
0,1172,301,0,True,False,False
0,301,1172,0,True,False,False
0,1172,529,0,True,False,False
0,529,1172,0,True,False,False
0,1172,91,0,True,False,False
0,91,1172,0,True,False,False
0,1172,837,0,True,False,False
0,837,1172,0,True,False,False
0,1172,967,0,True,False,False
0,967,1172,0,True,False,False
0,1172,161,0,True,False,False
0,161,1172,0,True,False,False
0,1172,1203,0,True,False,False
0,1203,1172,0,True,False,False
0,1172,925,0,True,False,False
0,925,1172,0,True,False,False
0,1172,992,0,True,False,False
0,992,1172,0,True,False,False
0,1172,303,0,True,False,False
0,303,1172,0,True,False,False
0,1172,1320,0,True,False,False
0,1320,1172,0,True,False,False
0,1172,1439,0,True,False,False
0,1439,1172,0,True,False,False
0,1172,952,0,True,False,False
0,952,1172,0,True,False,False
0,1172,1064,0,True,False,False
0,1064,1172,0,True,False,False
0,1172,1470,0,True,False,False
0,1470,1172,0,True,False,False
0,1172,483,0,True,False,False
0,483,1172,0,True,False,False
0,1172,1016,0,True,False,False
0,1016,1172,0,True,False,False
0,1172,853,0,True,False,False
0,853,1172,0,True,False,False
0,1588,1519,0,True,False,False
0,1519,1588,0,True,False,False
0,109,1588,0,True,False,False
0,1588,109,0,True,False,False
0,1588,1372,0,True,False,False
0,1372,1588,0,True,False,False
0,435,1588,0,True,False,False
0,1588,435,0,True,False,False
0,1588,177,0,True,False,False
0,177,1588,0,True,False,False
0,1588,568,0,True,False,False
0,568,1588,0,True,False,False
0,1588,958,0,True,False,False
0,958,1588,0,True,False,False
0,1280,801,0,True,False,False
0,801,1280,0,True,False,False
0,1280,937,0,True,False,False
0,937,1280,0,True,False,False
0,1280,990,0,True,False,False
0,990,1280,0,True,False,False
0,1280,1495,0,True,False,False
0,1495,1280,0,True,False,False
0,1280,1561,0,True,False,False
0,1561,1280,0,True,False,False
0,1280,0,0,True,False,False
0,0,1280,0,True,False,False
0,1280,780,0,True,False,False
0,780,1280,0,True,False,False
0,1280,359,0,True,False,False
0,359,1280,0,True,False,False
0,1280,926,0,True,False,False
0,926,1280,0,True,False,False
0,1280,435,0,True,False,False
0,435,1280,0,True,False,False
0,1280,406,0,True,False,False
0,406,1280,0,True,False,False
0,1280,1302,0,True,False,False
0,1302,1280,0,True,False,False
0,1280,1078,0,True,False,False
0,1078,1280,0,True,False,False
0,1280,1093,0,True,False,False
0,1093,1280,0,True,False,False
0,1280,273,0,True,False,False
0,273,1280,0,True,False,False
0,1280,13,0,True,False,False
0,13,1280,0,True,False,False
0,1280,1085,0,True,False,False
0,1085,1280,0,True,False,False
0,1280,1448,0,True,False,False
0,1448,1280,0,True,False,False
0,1280,871,0,True,False,False
0,871,1280,0,True,False,False
0,1280,76,0,True,False,False
0,76,1280,0,True,False,False
0,1280,376,0,True,False,False
0,376,1280,0,True,False,False
0,1280,833,0,True,False,False
0,833,1280,0,True,False,False
0,1280,1391,0,True,False,False
0,1391,1280,0,True,False,False
0,1280,162,0,True,False,False
0,162,1280,0,True,False,False
0,1280,131,0,True,False,False
0,131,1280,0,True,False,False
0,1280,1402,0,True,False,False
0,1402,1280,0,True,False,False
0,1280,1242,0,True,False,False
0,1242,1280,0,True,False,False
0,1280,23,0,True,False,False
0,23,1280,0,True,False,False
0,1280,593,0,True,False,False
0,593,1280,0,True,False,False
0,1280,211,0,True,False,False
0,211,1280,0,True,False,False
0,1280,685,0,True,False,False
0,685,1280,0,True,False,False
0,1280,355,0,True,False,False
0,355,1280,0,True,False,False
0,1280,771,0,True,False,False
0,771,1280,0,True,False,False
0,1280,999,0,True,False,False
0,999,1280,0,True,False,False
0,1261,1426,0,True,False,False
0,1426,1261,0,True,False,False
0,1261,283,0,True,False,False
0,283,1261,0,True,False,False
0,1261,275,0,True,False,False
0,275,1261,0,True,False,False
0,1261,1282,0,True,False,False
0,1282,1261,0,True,False,False
0,1261,1151,0,True,False,False
0,1151,1261,0,True,False,False
0,1261,600,0,True,False,False
0,600,1261,0,True,False,False
0,1261,1571,0,True,False,False
0,1571,1261,0,True,False,False
0,1261,822,0,True,False,False
0,822,1261,0,True,False,False
0,1261,777,0,True,False,False
0,777,1261,0,True,False,False
0,1261,933,0,True,False,False
0,933,1261,0,True,False,False
0,1261,764,0,True,False,False
0,764,1261,0,True,False,False
0,1261,1411,0,True,False,False
0,1411,1261,0,True,False,False
0,1261,1108,0,True,False,False
0,1108,1261,0,True,False,False
0,1261,1578,0,True,False,False
0,1578,1261,0,True,False,False
0,1261,1570,0,True,False,False
0,1570,1261,0,True,False,False
0,1261,91,0,True,False,False
0,91,1261,0,True,False,False
0,1261,837,0,True,False,False
0,837,1261,0,True,False,False
0,1261,967,0,True,False,False
0,967,1261,0,True,False,False
0,1261,323,0,True,False,False
0,323,1261,0,True,False,False
0,1261,1503,0,True,False,False
0,1503,1261,0,True,False,False
0,1261,621,0,True,False,False
0,621,1261,0,True,False,False
0,1261,971,0,True,False,False
0,971,1261,0,True,False,False
0,1261,303,0,True,False,False
0,303,1261,0,True,False,False
0,1261,1138,0,True,False,False
0,1138,1261,0,True,False,False
0,1261,650,0,True,False,False
0,650,1261,0,True,False,False
0,1261,923,0,True,False,False
0,923,1261,0,True,False,False
0,1261,639,0,True,False,False
0,639,1261,0,True,False,False
0,1261,1114,0,True,False,False
0,1114,1261,0,True,False,False
0,1261,1064,0,True,False,False
0,1064,1261,0,True,False,False
0,1261,1329,0,True,False,False
0,1329,1261,0,True,False,False
0,1261,1523,0,True,False,False
0,1523,1261,0,True,False,False
0,1261,1016,0,True,False,False
0,1016,1261,0,True,False,False
0,1261,1564,0,True,False,False
0,1564,1261,0,True,False,False
0,937,1501,0,True,False,False
0,1501,937,0,True,False,False
0,920,1464,0,True,False,False
0,1464,920,0,True,False,False
0,1464,719,0,True,False,False
0,719,1464,0,True,False,False
0,1464,737,0,True,False,False
0,737,1464,0,True,False,False
0,1035,163,0,True,False,False
0,163,1035,0,True,False,False
0,253,1025,0,True,False,False
0,1025,253,0,True,False,False
0,1240,833,0,True,False,False
0,833,1240,0,True,False,False
0,1240,630,0,True,False,False
0,630,1240,0,True,False,False
0,164,263,0,True,False,False
0,263,164,0,True,False,False
0,208,193,0,True,False,False
0,193,208,0,True,False,False
0,193,71,0,True,False,False
0,71,193,0,True,False,False
0,208,1104,0,True,False,False
0,1104,208,0,True,False,False
0,178,1598,0,True,False,False
0,1598,178,0,True,False,False
0,178,476,0,True,False,False
0,476,178,0,True,False,False
0,178,800,0,True,False,False
0,800,178,0,True,False,False
0,178,535,0,True,False,False
0,535,178,0,True,False,False
0,178,1602,0,True,False,False
0,1602,178,0,True,False,False
0,178,1289,0,True,False,False
0,1289,178,0,True,False,False
0,178,1323,0,True,False,False
0,1323,178,0,True,False,False
0,178,930,0,True,False,False
0,930,178,0,True,False,False
0,178,1023,0,True,False,False
0,1023,178,0,True,False,False
0,178,858,0,True,False,False
0,858,178,0,True,False,False
0,178,342,0,True,False,False
0,342,178,0,True,False,False
0,178,203,0,True,False,False
0,203,178,0,True,False,False
0,178,93,0,True,False,False
0,93,178,0,True,False,False
0,178,148,0,True,False,False
0,148,178,0,True,False,False
0,178,413,0,True,False,False
0,413,178,0,True,False,False
0,178,774,0,True,False,False
0,774,178,0,True,False,False
0,178,1109,0,True,False,False
0,1109,178,0,True,False,False
0,714,78,0,True,False,False
0,78,714,0,True,False,False
0,714,679,0,True,False,False
0,679,714,0,True,False,False
0,1353,1333,0,True,False,False
0,1333,1353,0,True,False,False
0,1333,114,0,True,False,False
0,114,1333,0,True,False,False
0,1315,1485,0,True,False,False
0,1485,1315,0,True,False,False
0,1353,1315,0,True,False,False
0,1315,1353,0,True,False,False
0,1315,106,0,True,False,False
0,106,1315,0,True,False,False
0,1315,584,0,True,False,False
0,584,1315,0,True,False,False
0,1353,419,0,True,False,False
0,419,1353,0,True,False,False
0,106,12,0,True,False,False
0,12,106,0,True,False,False
0,579,106,0,True,False,False
0,106,579,0,True,False,False
0,1485,106,0,True,False,False
0,106,1485,0,True,False,False
0,713,837,0,True,False,False
0,837,713,0,True,False,False
0,1600,1210,0,True,False,False
0,1210,1600,0,True,False,False
0,774,535,0,True,False,False
0,535,774,0,True,False,False
0,774,1602,0,True,False,False
0,1602,774,0,True,False,False
0,774,1023,0,True,False,False
0,1023,774,0,True,False,False
0,774,203,0,True,False,False
0,203,774,0,True,False,False
0,774,93,0,True,False,False
0,93,774,0,True,False,False
0,930,535,0,True,False,False
0,535,930,0,True,False,False
0,930,1180,0,True,False,False
0,1180,930,0,True,False,False
0,930,728,0,True,False,False
0,728,930,0,True,False,False
0,930,1164,0,True,False,False
0,1164,930,0,True,False,False
0,930,568,0,True,False,False
0,568,930,0,True,False,False
0,930,1051,0,True,False,False
0,1051,930,0,True,False,False
0,930,628,0,True,False,False
0,628,930,0,True,False,False
0,563,1567,0,True,False,False
0,1567,563,0,True,False,False
0,563,1545,0,True,False,False
0,1545,563,0,True,False,False
0,563,447,0,True,False,False
0,447,563,0,True,False,False
0,563,109,0,True,False,False
0,109,563,0,True,False,False
0,563,1081,0,True,False,False
0,1081,563,0,True,False,False
0,563,512,0,True,False,False
0,512,563,0,True,False,False
0,563,507,0,True,False,False
0,507,563,0,True,False,False
0,563,312,0,True,False,False
0,312,563,0,True,False,False
0,563,1296,0,True,False,False
0,1296,563,0,True,False,False
0,563,290,0,True,False,False
0,290,563,0,True,False,False
0,563,520,0,True,False,False
0,520,563,0,True,False,False
0,563,897,0,True,False,False
0,897,563,0,True,False,False
0,563,754,0,True,False,False
0,754,563,0,True,False,False
0,563,453,0,True,False,False
0,453,563,0,True,False,False
0,435,563,0,True,False,False
0,563,435,0,True,False,False
0,563,395,0,True,False,False
0,395,563,0,True,False,False
0,563,824,0,True,False,False
0,824,563,0,True,False,False
0,563,695,0,True,False,False
0,695,563,0,True,False,False
0,563,996,0,True,False,False
0,996,563,0,True,False,False
0,563,465,0,True,False,False
0,465,563,0,True,False,False
0,563,1200,0,True,False,False
0,1200,563,0,True,False,False
0,563,516,0,True,False,False
0,516,563,0,True,False,False
0,563,909,0,True,False,False
0,909,563,0,True,False,False
0,563,651,0,True,False,False
0,651,563,0,True,False,False
0,563,640,0,True,False,False
0,640,563,0,True,False,False
0,563,1399,0,True,False,False
0,1399,563,0,True,False,False
0,563,192,0,True,False,False
0,192,563,0,True,False,False
0,563,1301,0,True,False,False
0,1301,563,0,True,False,False
0,563,389,0,True,False,False
0,389,563,0,True,False,False
0,563,1475,0,True,False,False
0,1475,563,0,True,False,False
0,563,407,0,True,False,False
0,407,563,0,True,False,False
0,563,72,0,True,False,False
0,72,563,0,True,False,False
0,563,1556,0,True,False,False
0,1556,563,0,True,False,False
0,563,928,0,True,False,False
0,928,563,0,True,False,False
0,563,1386,0,True,False,False
0,1386,563,0,True,False,False
0,563,870,0,True,False,False
0,870,563,0,True,False,False
0,1053,1423,0,True,False,False
0,1423,1053,0,True,False,False
0,1423,963,0,True,False,False
0,963,1423,0,True,False,False
0,897,1292,0,True,False,False
0,1292,897,0,True,False,False
0,897,417,0,True,False,False
0,417,897,0,True,False,False
0,897,1465,0,True,False,False
0,1465,897,0,True,False,False
0,897,649,0,True,False,False
0,649,897,0,True,False,False
0,897,156,0,True,False,False
0,156,897,0,True,False,False
0,897,1527,0,True,False,False
0,1527,897,0,True,False,False
0,897,241,0,True,False,False
0,241,897,0,True,False,False
0,897,118,0,True,False,False
0,118,897,0,True,False,False
0,897,865,0,True,False,False
0,865,897,0,True,False,False
0,897,1171,0,True,False,False
0,1171,897,0,True,False,False
0,897,346,0,True,False,False
0,346,897,0,True,False,False
0,897,1324,0,True,False,False
0,1324,897,0,True,False,False
0,897,1481,0,True,False,False
0,1481,897,0,True,False,False
0,897,366,0,True,False,False
0,366,897,0,True,False,False
0,897,1073,0,True,False,False
0,1073,897,0,True,False,False
0,897,154,0,True,False,False
0,154,897,0,True,False,False
0,897,893,0,True,False,False
0,893,897,0,True,False,False
0,897,517,0,True,False,False
0,517,897,0,True,False,False
0,897,442,0,True,False,False
0,442,897,0,True,False,False
0,897,50,0,True,False,False
0,50,897,0,True,False,False
0,897,814,0,True,False,False
0,814,897,0,True,False,False
0,897,60,0,True,False,False
0,60,897,0,True,False,False
0,897,916,0,True,False,False
0,916,897,0,True,False,False
0,897,755,0,True,False,False
0,755,897,0,True,False,False
0,897,915,0,True,False,False
0,915,897,0,True,False,False
0,897,1375,0,True,False,False
0,1375,897,0,True,False,False
0,897,1412,0,True,False,False
0,1412,897,0,True,False,False
0,897,646,0,True,False,False
0,646,897,0,True,False,False
0,897,170,0,True,False,False
0,170,897,0,True,False,False
0,897,36,0,True,False,False
0,36,897,0,True,False,False
0,897,223,0,True,False,False
0,223,897,0,True,False,False
0,897,856,0,True,False,False
0,856,897,0,True,False,False
0,897,321,0,True,False,False
0,321,897,0,True,False,False
0,897,848,0,True,False,False
0,848,897,0,True,False,False
0,837,920,0,True,False,False
0,920,837,0,True,False,False
0,837,1533,0,True,False,False
0,1533,837,0,True,False,False
0,837,1578,0,True,False,False
0,1578,837,0,True,False,False
0,837,668,0,True,False,False
0,668,837,0,True,False,False
0,1353,579,0,True,False,False
0,579,1353,0,True,False,False
0,1353,359,0,True,False,False
0,359,1353,0,True,False,False
0,374,1353,0,True,False,False
0,1353,374,0,True,False,False
0,579,630,0,True,False,False
0,630,579,0,True,False,False
0,630,348,0,True,False,False
0,348,630,0,True,False,False
0,630,806,0,True,False,False
0,806,630,0,True,False,False
0,1042,1527,0,True,False,False
0,1527,1042,0,True,False,False
0,435,878,0,True,False,False
0,878,435,0,True,False,False
0,435,444,0,True,False,False
0,444,435,0,True,False,False
0,435,1395,0,True,False,False
0,1395,435,0,True,False,False
0,435,51,0,True,False,False
0,51,435,0,True,False,False
0,435,1295,0,True,False,False
0,1295,435,0,True,False,False
0,435,1591,0,True,False,False
0,1591,435,0,True,False,False
0,435,950,0,True,False,False
0,950,435,0,True,False,False
0,435,1477,0,True,False,False
0,1477,435,0,True,False,False
0,435,554,0,True,False,False
0,554,435,0,True,False,False
0,435,861,0,True,False,False
0,861,435,0,True,False,False
0,435,875,0,True,False,False
0,875,435,0,True,False,False
0,435,1210,0,True,False,False
0,1210,435,0,True,False,False
0,435,282,0,True,False,False
0,282,435,0,True,False,False
0,435,198,0,True,False,False
0,198,435,0,True,False,False
0,435,843,0,True,False,False
0,843,435,0,True,False,False
0,435,27,0,True,False,False
0,27,435,0,True,False,False
0,435,1501,0,True,False,False
0,1501,435,0,True,False,False
0,435,666,0,True,False,False
0,666,435,0,True,False,False
0,435,612,0,True,False,False
0,612,435,0,True,False,False
0,435,941,0,True,False,False
0,941,435,0,True,False,False
0,435,1565,0,True,False,False
0,1565,435,0,True,False,False
0,435,1143,0,True,False,False
0,1143,435,0,True,False,False
0,435,1389,0,True,False,False
0,1389,435,0,True,False,False
0,435,665,0,True,False,False
0,665,435,0,True,False,False
0,435,762,0,True,False,False
0,762,435,0,True,False,False
0,435,428,0,True,False,False
0,428,435,0,True,False,False
0,435,296,0,True,False,False
0,296,435,0,True,False,False
0,435,787,0,True,False,False
0,787,435,0,True,False,False
0,435,958,0,True,False,False
0,958,435,0,True,False,False
0,435,691,0,True,False,False
0,691,435,0,True,False,False
0,435,1606,0,True,False,False
0,1606,435,0,True,False,False
0,435,1182,0,True,False,False
0,1182,435,0,True,False,False
0,435,87,0,True,False,False
0,87,435,0,True,False,False
0,579,1043,0,True,False,False
0,1043,579,0,True,False,False
0,579,918,0,True,False,False
0,918,579,0,True,False,False
0,1278,579,0,True,False,False
0,579,1278,0,True,False,False
0,579,1078,0,True,False,False
0,1078,579,0,True,False,False
0,579,1098,0,True,False,False
0,1098,579,0,True,False,False
0,579,871,0,True,False,False
0,871,579,0,True,False,False
0,920,1527,0,True,False,False
0,1527,920,0,True,False,False
0,920,279,0,True,False,False
0,279,920,0,True,False,False
0,920,1376,0,True,False,False
0,1376,920,0,True,False,False
0,920,681,0,True,False,False
0,681,920,0,True,False,False
0,1527,1548,0,True,False,False
0,1548,1527,0,True,False,False
0,1527,1054,0,True,False,False
0,1054,1527,0,True,False,False
0,1527,60,0,True,False,False
0,60,1527,0,True,False,False
0,1527,928,0,True,False,False
0,928,1527,0,True,False,False
0,1527,737,0,True,False,False
0,737,1527,0,True,False,False
0,1210,1101,0,True,False,False
0,1101,1210,0,True,False,False
0,1210,359,0,True,False,False
0,359,1210,0,True,False,False
0,1210,351,0,True,False,False
0,351,1210,0,True,False,False
0,1210,813,0,True,False,False
0,813,1210,0,True,False,False
0,928,1210,0,True,False,False
0,1210,928,0,True,False,False
0,1210,691,0,True,False,False
0,691,1210,0,True,False,False
0,359,584,0,True,False,False
0,584,359,0,True,False,False
0,359,871,0,True,False,False
0,871,359,0,True,False,False
0,359,114,0,True,False,False
0,114,359,0,True,False,False
0,1419,118,0,True,False,False
0,118,1419,0,True,False,False
0,1419,638,0,True,False,False
0,638,1419,0,True,False,False
0,1419,1180,0,True,False,False
0,1180,1419,0,True,False,False
0,1419,718,0,True,False,False
0,718,1419,0,True,False,False
0,1419,817,0,True,False,False
0,817,1419,0,True,False,False
0,1419,1508,0,True,False,False
0,1508,1419,0,True,False,False
0,928,754,0,True,False,False
0,754,928,0,True,False,False
0,928,477,0,True,False,False
0,477,928,0,True,False,False
0,928,1263,0,True,False,False
0,1263,928,0,True,False,False
0,928,643,0,True,False,False
0,643,928,0,True,False,False
0,1053,963,0,True,False,False
0,963,1053,0,True,False,False
0,118,1489,0,True,False,False
0,1489,118,0,True,False,False
0,118,649,0,True,False,False
0,649,118,0,True,False,False
0,118,109,0,True,False,False
0,109,118,0,True,False,False
0,118,155,0,True,False,False
0,155,118,0,True,False,False
0,118,119,0,True,False,False
0,119,118,0,True,False,False
0,118,628,0,True,False,False
0,628,118,0,True,False,False
0,109,302,0,True,False,False
0,302,109,0,True,False,False
0,109,1379,0,True,False,False
0,1379,109,0,True,False,False
0,109,1611,0,True,False,False
0,1611,109,0,True,False,False
0,109,728,0,True,False,False
0,728,109,0,True,False,False
0,109,1200,0,True,False,False
0,1200,109,0,True,False,False
0,147,653,0,True,False,False
0,653,147,0,True,False,False
0,147,1487,0,True,False,False
0,1487,147,0,True,False,False
0,1278,608,0,True,False,False
0,608,1278,0,True,False,False
0,1278,1043,0,True,False,False
0,1043,1278,0,True,False,False
0,1278,970,0,True,False,False
0,970,1278,0,True,False,False
0,1278,946,0,True,False,False
0,946,1278,0,True,False,False
0,1278,918,0,True,False,False
0,918,1278,0,True,False,False
0,1278,1189,0,True,False,False
0,1189,1278,0,True,False,False
0,1278,56,0,True,False,False
0,56,1278,0,True,False,False
0,1278,589,0,True,False,False
0,589,1278,0,True,False,False
0,1278,752,0,True,False,False
0,752,1278,0,True,False,False
0,1278,1048,0,True,False,False
0,1048,1278,0,True,False,False
0,1278,1098,0,True,False,False
0,1098,1278,0,True,False,False
0,1278,874,0,True,False,False
0,874,1278,0,True,False,False
0,1278,270,0,True,False,False
0,270,1278,0,True,False,False
0,1278,858,0,True,False,False
0,858,1278,0,True,False,False
0,1278,705,0,True,False,False
0,705,1278,0,True,False,False
0,1278,1445,0,True,False,False
0,1445,1278,0,True,False,False
0,1278,484,0,True,False,False
0,484,1278,0,True,False,False
0,1278,110,0,True,False,False
0,110,1278,0,True,False,False
0,1278,433,0,True,False,False
0,433,1278,0,True,False,False
0,1278,1543,0,True,False,False
0,1543,1278,0,True,False,False
0,1485,685,0,True,False,False
0,685,1485,0,True,False,False
0,431,1336,0,True,False,False
0,1336,431,0,True,False,False
0,1337,431,0,True,False,False
0,431,1337,0,True,False,False
0,944,1173,0,True,False,False
0,1173,944,0,True,False,False
0,1535,1011,0,True,False,False
0,1011,1535,0,True,False,False
0,1535,473,0,True,False,False
0,473,1535,0,True,False,False
0,1535,716,0,True,False,False
0,716,1535,0,True,False,False
0,1011,473,0,True,False,False
0,473,1011,0,True,False,False
0,1011,716,0,True,False,False
0,716,1011,0,True,False,False
0,851,1015,0,True,False,False
0,1015,851,0,True,False,False
0,41,1239,0,True,False,False
0,1239,41,0,True,False,False
0,677,41,0,True,False,False
0,41,677,0,True,False,False
0,477,1101,0,True,False,False
0,1101,477,0,True,False,False
0,1101,1501,0,True,False,False
0,1501,1101,0,True,False,False
0,477,389,0,True,False,False
0,389,477,0,True,False,False
0,389,154,0,True,False,False
0,154,389,0,True,False,False
0,1501,389,0,True,False,False
0,389,1501,0,True,False,False
0,1104,71,0,True,False,False
0,71,1104,0,True,False,False
0,71,55,0,True,False,False
0,55,71,0,True,False,False
0,1025,1549,0,True,False,False
0,1549,1025,0,True,False,False
0,1487,1394,0,True,False,False
0,1394,1487,0,True,False,False
0,1487,1482,0,True,False,False
0,1482,1487,0,True,False,False
0,719,1329,0,True,False,False
0,1329,719,0,True,False,False
0,1329,1470,0,True,False,False
0,1470,1329,0,True,False,False
0,737,477,0,True,False,False
0,477,737,0,True,False,False
0,737,154,0,True,False,False
0,154,737,0,True,False,False
0,163,1215,0,True,False,False
0,1215,163,0,True,False,False
0,163,225,0,True,False,False
0,225,163,0,True,False,False
0,677,839,0,True,False,False
0,839,677,0,True,False,False
0,1339,838,0,True,False,False
0,838,1339,0,True,False,False
0,1339,293,0,True,False,False
0,293,1339,0,True,False,False
0,768,1453,0,True,False,False
0,1453,768,0,True,False,False
0,226,768,0,True,False,False
0,768,226,0,True,False,False
0,1104,103,0,True,False,False
0,103,1104,0,True,False,False
0,578,759,0,True,False,False
0,759,578,0,True,False,False
0,759,750,0,True,False,False
0,750,759,0,True,False,False
0,250,416,0,True,False,False
0,416,250,0,True,False,False
0,250,1461,0,True,False,False
0,1461,250,0,True,False,False
0,250,1100,0,True,False,False
0,1100,250,0,True,False,False
0,313,987,0,True,False,False
0,987,313,0,True,False,False
0,313,316,0,True,False,False
0,316,313,0,True,False,False
0,1215,1497,0,True,False,False
0,1497,1215,0,True,False,False
0,154,719,0,True,False,False
0,719,154,0,True,False,False
0,1179,263,0,True,False,False
0,263,1179,0,True,False,False
0,263,446,0,True,False,False
0,446,263,0,True,False,False
0,746,1187,0,True,False,False
0,1187,746,0,True,False,False
0,746,412,0,True,False,False
0,412,746,0,True,False,False
0,782,655,0,True,False,False
0,655,782,0,True,False,False
0,655,1536,0,True,False,False
0,1536,655,0,True,False,False
0,655,281,0,True,False,False
0,281,655,0,True,False,False
0,782,1312,0,True,False,False
0,1312,782,0,True,False,False
0,782,281,0,True,False,False
0,281,782,0,True,False,False
0,782,747,0,True,False,False
0,747,782,0,True,False,False
0,1337,33,0,True,False,False
0,33,1337,0,True,False,False
0,1291,1168,0,True,False,False
0,1168,1291,0,True,False,False
0,1291,256,0,True,False,False
0,256,1291,0,True,False,False
0,473,488,0,True,False,False
0,488,473,0,True,False,False
0,473,34,0,True,False,False
0,34,473,0,True,False,False
0,412,1187,0,True,False,False
0,1187,412,0,True,False,False
0,412,485,0,True,False,False
0,485,412,0,True,False,False
0,412,449,0,True,False,False
0,449,412,0,True,False,False
0,449,1187,0,True,False,False
0,1187,449,0,True,False,False
0,449,1524,0,True,False,False
0,1524,449,0,True,False,False
0,449,978,0,True,False,False
0,978,449,0,True,False,False
0,679,1120,0,True,False,False
0,1120,679,0,True,False,False
0,679,1199,0,True,False,False
0,1199,679,0,True,False,False
0,679,1119,0,True,False,False
0,1119,679,0,True,False,False
0,679,979,0,True,False,False
0,979,679,0,True,False,False
0,1313,757,0,True,False,False
0,757,1313,0,True,False,False
0,1179,1313,0,True,False,False
0,1313,1179,0,True,False,False
0,446,1313,0,True,False,False
0,1313,446,0,True,False,False
0,1482,1394,0,True,False,False
0,1394,1482,0,True,False,False
0,1482,653,0,True,False,False
0,653,1482,0,True,False,False
0,1482,1206,0,True,False,False
0,1206,1482,0,True,False,False
0,83,408,0,True,False,False
0,408,83,0,True,False,False
0,111,83,0,True,False,False
0,83,111,0,True,False,False
0,83,947,0,True,False,False
0,947,83,0,True,False,False
0,256,292,0,True,False,False
0,292,256,0,True,False,False
0,446,455,0,True,False,False
0,455,446,0,True,False,False
0,293,838,0,True,False,False
0,838,293,0,True,False,False
0,1335,293,0,True,False,False
0,293,1335,0,True,False,False
0,293,794,0,True,False,False
0,794,293,0,True,False,False
0,1310,1252,0,True,False,False
0,1252,1310,0,True,False,False
0,1310,938,0,True,False,False
0,938,1310,0,True,False,False
0,1310,426,0,True,False,False
0,426,1310,0,True,False,False
0,963,855,0,True,False,False
0,855,963,0,True,False,False
0,570,963,0,True,False,False
0,963,570,0,True,False,False
0,963,922,0,True,False,False
0,922,963,0,True,False,False
0,1335,838,0,True,False,False
0,838,1335,0,True,False,False
0,1335,1018,0,True,False,False
0,1018,1335,0,True,False,False
0,1335,304,0,True,False,False
0,304,1335,0,True,False,False
0,1336,33,0,True,False,False
0,33,1336,0,True,False,False
0,1336,1441,0,True,False,False
0,1441,1336,0,True,False,False
0,33,969,0,True,False,False
0,969,33,0,True,False,False
0,1199,1120,0,True,False,False
0,1120,1199,0,True,False,False
0,78,1199,0,True,False,False
0,1199,78,0,True,False,False
0,1199,1534,0,True,False,False
0,1534,1199,0,True,False,False
0,1286,408,0,True,False,False
0,408,1286,0,True,False,False
0,408,623,0,True,False,False
0,623,408,0,True,False,False
0,78,1120,0,True,False,False
0,1120,78,0,True,False,False
0,1286,111,0,True,False,False
0,111,1286,0,True,False,False
0,653,113,0,True,False,False
0,113,653,0,True,False,False
0,653,52,0,True,False,False
0,52,653,0,True,False,False
0,653,1394,0,True,False,False
0,1394,653,0,True,False,False
0,1497,225,0,True,False,False
0,225,1497,0,True,False,False
0,1497,227,0,True,False,False
0,227,1497,0,True,False,False
0,1239,839,0,True,False,False
0,839,1239,0,True,False,False
0,1239,1596,0,True,False,False
0,1596,1239,0,True,False,False
0,521,891,0,True,False,False
0,891,521,0,True,False,False
0,521,124,0,True,False,False
0,124,521,0,True,False,False
0,1536,295,0,True,False,False
0,295,1536,0,True,False,False
0,1536,1312,0,True,False,False
0,1312,1536,0,True,False,False
0,1536,281,0,True,False,False
0,281,1536,0,True,False,False
0,1536,415,0,True,False,False
0,415,1536,0,True,False,False
0,1536,747,0,True,False,False
0,747,1536,0,True,False,False
0,839,1603,0,True,False,False
0,1603,839,0,True,False,False
0,226,42,0,True,False,False
0,42,226,0,True,False,False
0,225,1265,0,True,False,False
0,1265,225,0,True,False,False
0,1229,1012,0,True,False,False
0,1012,1229,0,True,False,False
0,1229,702,0,True,False,False
0,702,1229,0,True,False,False
0,1229,1252,0,True,False,False
0,1252,1229,0,True,False,False
0,426,1229,0,True,False,False
0,1229,426,0,True,False,False
0,1229,515,0,True,False,False
0,515,1229,0,True,False,False
0,181,1216,0,True,False,False
0,1216,181,0,True,False,False
0,1549,181,0,True,False,False
0,181,1549,0,True,False,False
0,1249,1145,0,True,False,False
0,1145,1249,0,True,False,False
0,1249,855,0,True,False,False
0,855,1249,0,True,False,False
0,1249,799,0,True,False,False
0,799,1249,0,True,False,False
0,922,1249,0,True,False,False
0,1249,922,0,True,False,False
0,1249,977,0,True,False,False
0,977,1249,0,True,False,False
0,1388,862,0,True,False,False
0,862,1388,0,True,False,False
0,1388,1060,0,True,False,False
0,1060,1388,0,True,False,False
0,55,1388,0,True,False,False
0,1388,55,0,True,False,False
0,103,862,0,True,False,False
0,862,103,0,True,False,False
0,862,1455,0,True,False,False
0,1455,862,0,True,False,False
0,19,322,0,True,False,False
0,322,19,0,True,False,False
0,19,546,0,True,False,False
0,546,19,0,True,False,False
0,19,269,0,True,False,False
0,269,19,0,True,False,False
0,1456,19,0,True,False,False
0,19,1456,0,True,False,False
0,975,785,0,True,False,False
0,785,975,0,True,False,False
0,975,710,0,True,False,False
0,710,975,0,True,False,False
0,1453,975,0,True,False,False
0,975,1453,0,True,False,False
0,710,1281,0,True,False,False
0,1281,710,0,True,False,False
0,42,710,0,True,False,False
0,710,42,0,True,False,False
0,113,52,0,True,False,False
0,52,113,0,True,False,False
0,113,138,0,True,False,False
0,138,113,0,True,False,False
0,1206,113,0,True,False,False
0,113,1206,0,True,False,False
0,987,546,0,True,False,False
0,546,987,0,True,False,False
0,546,883,0,True,False,False
0,883,546,0,True,False,False
0,546,269,0,True,False,False
0,269,546,0,True,False,False
0,546,316,0,True,False,False
0,316,546,0,True,False,False
0,546,121,0,True,False,False
0,121,546,0,True,False,False
0,1299,1369,0,True,False,False
0,1369,1299,0,True,False,False
0,1299,344,0,True,False,False
0,344,1299,0,True,False,False
0,1299,1044,0,True,False,False
0,1044,1299,0,True,False,False
0,455,723,0,True,False,False
0,723,455,0,True,False,False
0,455,757,0,True,False,False
0,757,455,0,True,False,False
0,757,518,0,True,False,False
0,518,757,0,True,False,False
0,1015,692,0,True,False,False
0,692,1015,0,True,False,False
0,1524,333,0,True,False,False
0,333,1524,0,True,False,False
0,485,1524,0,True,False,False
0,1524,485,0,True,False,False
0,1524,978,0,True,False,False
0,978,1524,0,True,False,False
0,747,289,0,True,False,False
0,289,747,0,True,False,False
0,747,1312,0,True,False,False
0,1312,747,0,True,False,False
0,227,1265,0,True,False,False
0,1265,227,0,True,False,False
0,1265,1492,0,True,False,False
0,1492,1265,0,True,False,False
0,1459,191,0,True,False,False
0,191,1459,0,True,False,False
0,1459,142,0,True,False,False
0,142,1459,0,True,False,False
0,1459,99,0,True,False,False
0,99,1459,0,True,False,False
0,488,1459,0,True,False,False
0,1459,488,0,True,False,False
0,1459,34,0,True,False,False
0,34,1459,0,True,False,False
0,1459,656,0,True,False,False
0,656,1459,0,True,False,False
0,1348,959,0,True,False,False
0,959,1348,0,True,False,False
0,1348,707,0,True,False,False
0,707,1348,0,True,False,False
0,292,1348,0,True,False,False
0,1348,292,0,True,False,False
0,1168,959,0,True,False,False
0,959,1168,0,True,False,False
0,959,1197,0,True,False,False
0,1197,959,0,True,False,False
0,1018,1279,0,True,False,False
0,1279,1018,0,True,False,False
0,1018,304,0,True,False,False
0,304,1018,0,True,False,False
0,1018,794,0,True,False,False
0,794,1018,0,True,False,False
0,1397,773,0,True,False,False
0,773,1397,0,True,False,False
0,1173,1397,0,True,False,False
0,1397,1173,0,True,False,False
0,1124,981,0,True,False,False
0,981,1124,0,True,False,False
0,979,1260,0,True,False,False
0,1260,979,0,True,False,False
0,979,1119,0,True,False,False
0,1119,979,0,True,False,False
0,979,1534,0,True,False,False
0,1534,979,0,True,False,False
0,227,16,0,True,False,False
0,16,227,0,True,False,False
0,295,289,0,True,False,False
0,289,295,0,True,False,False
0,289,1312,0,True,False,False
0,1312,289,0,True,False,False
0,289,1555,0,True,False,False
0,1555,289,0,True,False,False
0,289,1161,0,True,False,False
0,1161,289,0,True,False,False
0,289,415,0,True,False,False
0,415,289,0,True,False,False
0,794,838,0,True,False,False
0,838,794,0,True,False,False
0,794,804,0,True,False,False
0,804,794,0,True,False,False
0,794,304,0,True,False,False
0,304,794,0,True,False,False
0,794,404,0,True,False,False
0,404,794,0,True,False,False
0,1471,1201,0,True,False,False
0,1201,1471,0,True,False,False
0,1471,821,0,True,False,False
0,821,1471,0,True,False,False
0,191,142,0,True,False,False
0,142,191,0,True,False,False
0,191,1560,0,True,False,False
0,1560,191,0,True,False,False
0,716,191,0,True,False,False
0,191,716,0,True,False,False
0,527,672,0,True,False,False
0,672,527,0,True,False,False
0,124,527,0,True,False,False
0,527,124,0,True,False,False
0,527,891,0,True,False,False
0,891,527,0,True,False,False
0,527,575,0,True,False,False
0,575,527,0,True,False,False
0,527,245,0,True,False,False
0,245,527,0,True,False,False
0,527,459,0,True,False,False
0,459,527,0,True,False,False
0,519,676,0,True,False,False
0,676,519,0,True,False,False
0,519,344,0,True,False,False
0,344,519,0,True,False,False
0,947,623,0,True,False,False
0,623,947,0,True,False,False
0,623,1404,0,True,False,False
0,1404,623,0,True,False,False
0,586,797,0,True,False,False
0,797,586,0,True,False,False
0,586,773,0,True,False,False
0,773,586,0,True,False,False
0,1173,586,0,True,False,False
0,586,1173,0,True,False,False
0,716,142,0,True,False,False
0,142,716,0,True,False,False
0,488,716,0,True,False,False
0,716,488,0,True,False,False
0,716,34,0,True,False,False
0,34,716,0,True,False,False
0,575,1582,0,True,False,False
0,1582,575,0,True,False,False
0,575,672,0,True,False,False
0,672,575,0,True,False,False
0,698,575,0,True,False,False
0,575,698,0,True,False,False
0,292,1168,0,True,False,False
0,1168,292,0,True,False,False
0,987,316,0,True,False,False
0,316,987,0,True,False,False
0,1456,987,0,True,False,False
0,987,1456,0,True,False,False
0,295,1017,0,True,False,False
0,1017,295,0,True,False,False
0,295,415,0,True,False,False
0,415,295,0,True,False,False
0,1596,618,0,True,False,False
0,618,1596,0,True,False,False
0,1596,1603,0,True,False,False
0,1603,1596,0,True,False,False
0,55,103,0,True,False,False
0,103,55,0,True,False,False
0,1534,506,0,True,False,False
0,506,1534,0,True,False,False
0,1534,1120,0,True,False,False
0,1120,1534,0,True,False,False
0,1534,1119,0,True,False,False
0,1119,1534,0,True,False,False
0,1534,189,0,True,False,False
0,189,1534,0,True,False,False
0,1603,1283,0,True,False,False
0,1283,1603,0,True,False,False
0,124,698,0,True,False,False
0,698,124,0,True,False,False
0,124,891,0,True,False,False
0,891,124,0,True,False,False
0,1453,42,0,True,False,False
0,42,1453,0,True,False,False
0,562,964,0,True,False,False
0,964,562,0,True,False,False
0,765,562,0,True,False,False
0,562,765,0,True,False,False
0,750,100,0,True,False,False
0,100,750,0,True,False,False
0,698,672,0,True,False,False
0,672,698,0,True,False,False
0,698,891,0,True,False,False
0,891,698,0,True,False,False
0,922,855,0,True,False,False
0,855,922,0,True,False,False
0,1456,269,0,True,False,False
0,269,1456,0,True,False,False
0,1456,316,0,True,False,False
0,316,1456,0,True,False,False
0,1441,1030,0,True,False,False
0,1030,1441,0,True,False,False
0,1441,969,0,True,False,False
0,969,1441,0,True,False,False
0,969,1074,0,True,False,False
0,1074,969,0,True,False,False
0,947,48,0,True,False,False
0,48,947,0,True,False,False
0,488,34,0,True,False,False
0,34,488,0,True,False,False
0,485,1521,0,True,False,False
0,1521,485,0,True,False,False
0,485,1187,0,True,False,False
0,1187,485,0,True,False,False
0,485,978,0,True,False,False
0,978,485,0,True,False,False
0,485,104,0,True,False,False
0,104,485,0,True,False,False
0,765,1246,0,True,False,False
0,1246,765,0,True,False,False
0,692,136,0,True,False,False
0,136,692,0,True,False,False
0,426,1252,0,True,False,False
0,1252,426,0,True,False,False
0,1206,52,0,True,False,False
0,52,1206,0,True,False,False
0,1206,1394,0,True,False,False
0,1394,1206,0,True,False,False
0,1206,536,0,True,False,False
0,536,1206,0,True,False,False
0,1206,1515,0,True,False,False
0,1515,1206,0,True,False,False
0,416,1100,0,True,False,False
0,1100,416,0,True,False,False
0,416,796,0,True,False,False
0,796,416,0,True,False,False
0,591,21,0,True,False,False
0,21,591,0,True,False,False
0,1201,591,0,True,False,False
0,591,1201,0,True,False,False
0,591,798,0,True,False,False
0,798,591,0,True,False,False
0,796,1105,0,True,False,False
0,1105,796,0,True,False,False
0,796,1100,0,True,False,False
0,1100,796,0,True,False,False
0,879,962,0,True,False,False
0,962,879,0,True,False,False
0,1201,879,0,True,False,False
0,879,1201,0,True,False,False
0,798,879,0,True,False,False
0,879,798,0,True,False,False
0,354,1601,0,True,False,False
0,1601,354,0,True,False,False
0,354,1369,0,True,False,False
0,1369,354,0,True,False,False
0,344,354,0,True,False,False
0,354,344,0,True,False,False
0,1455,1060,0,True,False,False
0,1060,1455,0,True,False,False
0,518,723,0,True,False,False
0,723,518,0,True,False,False
0,1283,618,0,True,False,False
0,618,1283,0,True,False,False
0,1201,21,0,True,False,False
0,21,1201,0,True,False,False
0,1201,962,0,True,False,False
0,962,1201,0,True,False,False
0,1201,821,0,True,False,False
0,821,1201,0,True,False,False
0,1246,734,0,True,False,False
0,734,1246,0,True,False,False
0,544,734,0,True,False,False
0,734,544,0,True,False,False
0,798,21,0,True,False,False
0,21,798,0,True,False,False
0,798,962,0,True,False,False
0,962,798,0,True,False,False
0,536,1515,0,True,False,False
0,1515,536,0,True,False,False
0,138,536,0,True,False,False
0,536,138,0,True,False,False
0,333,1521,0,True,False,False
0,1521,333,0,True,False,False
0,333,978,0,True,False,False
0,978,333,0,True,False,False
0,333,104,0,True,False,False
0,104,333,0,True,False,False
0,1072,797,0,True,False,False
0,797,1072,0,True,False,False
0,773,1072,0,True,False,False
0,1072,773,0,True,False,False
0,1560,142,0,True,False,False
0,142,1560,0,True,False,False
0,1560,99,0,True,False,False
0,99,1560,0,True,False,False
0,1560,656,0,True,False,False
0,656,1560,0,True,False,False
0,1260,506,0,True,False,False
0,506,1260,0,True,False,False
0,1260,1119,0,True,False,False
0,1119,1260,0,True,False,False
0,189,1260,0,True,False,False
0,1260,189,0,True,False,False
0,964,544,0,True,False,False
0,544,964,0,True,False,False
0,1246,964,0,True,False,False
0,964,1246,0,True,False,False
0,104,1521,0,True,False,False
0,1521,104,0,True,False,False
0,1504,635,0,True,False,False
0,635,1504,0,True,False,False
0,1504,571,0,True,False,False
0,571,1504,0,True,False,False
0,344,1601,0,True,False,False
0,1601,344,0,True,False,False
0,344,676,0,True,False,False
0,676,344,0,True,False,False
0,344,1044,0,True,False,False
0,1044,344,0,True,False,False
0,981,1358,0,True,False,False
0,1358,981,0,True,False,False
0,1555,1017,0,True,False,False
0,1017,1555,0,True,False,False
0,1555,1161,0,True,False,False
0,1161,1555,0,True,False,False
0,189,506,0,True,False,False
0,506,189,0,True,False,False
0,1492,16,0,True,False,False
0,16,1492,0,True,False,False
0,804,1279,0,True,False,False
0,1279,804,0,True,False,False
0,804,404,0,True,False,False
0,404,804,0,True,False,False
0,1279,304,0,True,False,False
0,304,1279,0,True,False,False
0,1279,404,0,True,False,False
0,404,1279,0,True,False,False
0,635,571,0,True,False,False
0,571,635,0,True,False,False
0,635,305,0,True,False,False
0,305,635,0,True,False,False
0,1369,1601,0,True,False,False
0,1601,1369,0,True,False,False
0,1369,1044,0,True,False,False
0,1044,1369,0,True,False,False
0,1017,1161,0,True,False,False
0,1161,1017,0,True,False,False
0,1017,415,0,True,False,False
0,415,1017,0,True,False,False
0,1197,707,0,True,False,False
0,707,1197,0,True,False,False
0,1281,785,0,True,False,False
0,785,1281,0,True,False,False
0,883,322,0,True,False,False
0,322,883,0,True,False,False
0,883,121,0,True,False,False
0,121,883,0,True,False,False
0,322,269,0,True,False,False
0,269,322,0,True,False,False
0,322,121,0,True,False,False
0,121,322,0,True,False,False
0,1404,48,0,True,False,False
0,48,1404,0,True,False,False
0,1074,1030,0,True,False,False
0,1030,1074,0,True,False,False
0,1582,672,0,True,False,False
0,672,1582,0,True,False,False
0,1582,245,0,True,False,False
0,245,1582,0,True,False,False
0,1582,459,0,True,False,False
0,459,1582,0,True,False,False
0,515,702,0,True,False,False
0,702,515,0,True,False,False
0,656,99,0,True,False,False
0,99,656,0,True,False,False
0,977,1145,0,True,False,False
0,1145,977,0,True,False,False
0,459,245,0,True,False,False
0,245,459,0,True,False,False
0,138,52,0,True,False,False
0,52,138,0,True,False,False
0,138,1515,0,True,False,False
0,1515,138,0,True,False,False
0,810,926,0,True,False,False
0,926,810,0,True,False,False
0,810,1267,0,True,False,False
0,1267,810,0,True,False,False
0,810,1577,0,True,False,False
0,1577,810,0,True,False,False
0,810,940,0,True,False,False
0,940,810,0,True,False,False
0,1174,1088,0,True,False,False
0,1088,1174,0,True,False,False
0,1174,95,0,True,False,False
0,95,1174,0,True,False,False
0,1174,871,0,True,False,False
0,871,1174,0,True,False,False
0,114,1174,0,True,False,False
0,1174,114,0,True,False,False
0,93,800,0,True,False,False
0,800,93,0,True,False,False
0,93,708,0,True,False,False
0,708,93,0,True,False,False
0,93,1109,0,True,False,False
0,1109,93,0,True,False,False
0,476,203,0,True,False,False
0,203,476,0,True,False,False
0,203,1289,0,True,False,False
0,1289,203,0,True,False,False
0,203,1213,0,True,False,False
0,1213,203,0,True,False,False
0,1055,234,0,True,False,False
0,234,1055,0,True,False,False
0,1055,222,0,True,False,False
0,222,1055,0,True,False,False
0,858,1055,0,True,False,False
0,1055,858,0,True,False,False
0,1055,1402,0,True,False,False
0,1402,1055,0,True,False,False
0,1055,1544,0,True,False,False
0,1544,1055,0,True,False,False
0,589,110,0,True,False,False
0,110,589,0,True,False,False
0,874,110,0,True,False,False
0,110,874,0,True,False,False
0,270,110,0,True,False,False
0,110,270,0,True,False,False
0,110,961,0,True,False,False
0,961,110,0,True,False,False
0,748,406,0,True,False,False
0,406,748,0,True,False,False
0,858,748,0,True,False,False
0,748,858,0,True,False,False
0,748,1106,0,True,False,False
0,1106,748,0,True,False,False
0,748,819,0,True,False,False
0,819,748,0,True,False,False
0,1445,906,0,True,False,False
0,906,1445,0,True,False,False
0,1189,1445,0,True,False,False
0,1445,1189,0,True,False,False
0,1048,1445,0,True,False,False
0,1445,1048,0,True,False,False
0,874,1445,0,True,False,False
0,1445,874,0,True,False,False
0,1507,1561,0,True,False,False
0,1561,1507,0,True,False,False
0,752,1507,0,True,False,False
0,1507,752,0,True,False,False
0,1507,1467,0,True,False,False
0,1467,1507,0,True,False,False
0,800,1109,0,True,False,False
0,1109,800,0,True,False,False
0,1023,1109,0,True,False,False
0,1109,1023,0,True,False,False
0,1109,1401,0,True,False,False
0,1401,1109,0,True,False,False
0,1298,667,0,True,False,False
0,667,1298,0,True,False,False
0,752,1298,0,True,False,False
0,1298,752,0,True,False,False
0,1298,560,0,True,False,False
0,560,1298,0,True,False,False
0,1298,355,0,True,False,False
0,355,1298,0,True,False,False
0,324,1267,0,True,False,False
0,1267,324,0,True,False,False
0,752,324,0,True,False,False
0,324,752,0,True,False,False
0,324,1448,0,True,False,False
0,1448,324,0,True,False,False
0,324,940,0,True,False,False
0,940,324,0,True,False,False
0,324,1510,0,True,False,False
0,1510,324,0,True,False,False
0,324,1270,0,True,False,False
0,1270,324,0,True,False,False
0,85,324,0,True,False,False
0,324,85,0,True,False,False
0,324,560,0,True,False,False
0,560,324,0,True,False,False
0,56,946,0,True,False,False
0,946,56,0,True,False,False
0,752,56,0,True,False,False
0,56,752,0,True,False,False
0,56,1512,0,True,False,False
0,1512,56,0,True,False,False
0,56,1391,0,True,False,False
0,1391,56,0,True,False,False
0,858,899,0,True,False,False
0,899,858,0,True,False,False
0,858,381,0,True,False,False
0,381,858,0,True,False,False
0,858,753,0,True,False,False
0,753,858,0,True,False,False
0,858,421,0,True,False,False
0,421,858,0,True,False,False
0,858,132,0,True,False,False
0,132,858,0,True,False,False
0,858,222,0,True,False,False
0,222,858,0,True,False,False
0,858,1023,0,True,False,False
0,1023,858,0,True,False,False
0,858,44,0,True,False,False
0,44,858,0,True,False,False
0,858,1140,0,True,False,False
0,1140,858,0,True,False,False
0,858,1554,0,True,False,False
0,1554,858,0,True,False,False
0,858,805,0,True,False,False
0,805,858,0,True,False,False
0,858,478,0,True,False,False
0,478,858,0,True,False,False
0,858,997,0,True,False,False
0,997,858,0,True,False,False
0,858,1106,0,True,False,False
0,1106,858,0,True,False,False
0,858,400,0,True,False,False
0,400,858,0,True,False,False
0,858,1343,0,True,False,False
0,1343,858,0,True,False,False
0,858,1544,0,True,False,False
0,1544,858,0,True,False,False
0,858,819,0,True,False,False
0,819,858,0,True,False,False
0,1304,990,0,True,False,False
0,990,1304,0,True,False,False
0,1304,1041,0,True,False,False
0,1041,1304,0,True,False,False
0,1304,680,0,True,False,False
0,680,1304,0,True,False,False
0,1304,1123,0,True,False,False
0,1123,1304,0,True,False,False
0,899,805,0,True,False,False
0,805,899,0,True,False,False
0,805,381,0,True,False,False
0,381,805,0,True,False,False
0,1023,805,0,True,False,False
0,805,1023,0,True,False,False
0,805,997,0,True,False,False
0,997,805,0,True,False,False
0,805,1343,0,True,False,False
0,1343,805,0,True,False,False
0,805,819,0,True,False,False
0,819,805,0,True,False,False
0,805,211,0,True,False,False
0,211,805,0,True,False,False
0,413,89,0,True,False,False
0,89,413,0,True,False,False
0,413,342,0,True,False,False
0,342,413,0,True,False,False
0,413,1068,0,True,False,False
0,1068,413,0,True,False,False
0,413,1496,0,True,False,False
0,1496,413,0,True,False,False
0,85,1385,0,True,False,False
0,1385,85,0,True,False,False
0,85,667,0,True,False,False
0,667,85,0,True,False,False
0,752,85,0,True,False,False
0,85,752,0,True,False,False
0,85,1093,0,True,False,False
0,1093,85,0,True,False,False
0,874,85,0,True,False,False
0,85,874,0,True,False,False
0,85,1512,0,True,False,False
0,1512,85,0,True,False,False
0,85,854,0,True,False,False
0,854,85,0,True,False,False
0,85,29,0,True,False,False
0,29,85,0,True,False,False
0,85,1467,0,True,False,False
0,1467,85,0,True,False,False
0,85,771,0,True,False,False
0,771,85,0,True,False,False
0,1189,906,0,True,False,False
0,906,1189,0,True,False,False
0,1189,1048,0,True,False,False
0,1048,1189,0,True,False,False
0,1189,1579,0,True,False,False
0,1579,1189,0,True,False,False
0,1189,235,0,True,False,False
0,235,1189,0,True,False,False
0,476,1289,0,True,False,False
0,1289,476,0,True,False,False
0,476,131,0,True,False,False
0,131,476,0,True,False,False
0,1023,1495,0,True,False,False
0,1495,1023,0,True,False,False
0,1023,1289,0,True,False,False
0,1289,1023,0,True,False,False
0,1023,1323,0,True,False,False
0,1323,1023,0,True,False,False
0,1023,342,0,True,False,False
0,342,1023,0,True,False,False
0,1023,1106,0,True,False,False
0,1106,1023,0,True,False,False
0,1023,400,0,True,False,False
0,400,1023,0,True,False,False
0,1023,23,0,True,False,False
0,23,1023,0,True,False,False
0,1532,1253,0,True,False,False
0,1253,1532,0,True,False,False
0,1532,222,0,True,False,False
0,222,1532,0,True,False,False
0,1532,593,0,True,False,False
0,593,1532,0,True,False,False
0,1554,132,0,True,False,False
0,132,1554,0,True,False,False
0,1554,997,0,True,False,False
0,997,1554,0,True,False,False
0,1554,999,0,True,False,False
0,999,1554,0,True,False,False
0,705,365,0,True,False,False
0,365,705,0,True,False,False
0,918,705,0,True,False,False
0,705,918,0,True,False,False
0,1098,705,0,True,False,False
0,705,1098,0,True,False,False
0,484,705,0,True,False,False
0,705,484,0,True,False,False
0,148,780,0,True,False,False
0,780,148,0,True,False,False
0,148,1323,0,True,False,False
0,1323,148,0,True,False,False
0,1317,899,0,True,False,False
0,899,1317,0,True,False,False
0,899,132,0,True,False,False
0,132,899,0,True,False,False
0,899,1140,0,True,False,False
0,1140,899,0,True,False,False
0,899,478,0,True,False,False
0,478,899,0,True,False,False
0,899,162,0,True,False,False
0,162,899,0,True,False,False
0,899,1544,0,True,False,False
0,1544,899,0,True,False,False
0,1598,1602,0,True,False,False
0,1602,1598,0,True,False,False
0,1598,1302,0,True,False,False
0,1302,1598,0,True,False,False
0,752,1267,0,True,False,False
0,1267,752,0,True,False,False
0,1267,1577,0,True,False,False
0,1577,1267,0,True,False,False
0,1267,30,0,True,False,False
0,30,1267,0,True,False,False
0,1267,940,0,True,False,False
0,940,1267,0,True,False,False
0,1267,1270,0,True,False,False
0,1270,1267,0,True,False,False
0,1267,680,0,True,False,False
0,680,1267,0,True,False,False
0,342,89,0,True,False,False
0,89,342,0,True,False,False
0,342,1068,0,True,False,False
0,1068,342,0,True,False,False
0,1098,608,0,True,False,False
0,608,1098,0,True,False,False
0,1098,589,0,True,False,False
0,589,1098,0,True,False,False
0,1098,1048,0,True,False,False
0,1048,1098,0,True,False,False
0,874,1098,0,True,False,False
0,1098,874,0,True,False,False
0,1098,1242,0,True,False,False
0,1242,1098,0,True,False,False
0,484,287,0,True,False,False
0,287,484,0,True,False,False
0,484,365,0,True,False,False
0,365,484,0,True,False,False
0,484,918,0,True,False,False
0,918,484,0,True,False,False
0,484,1407,0,True,False,False
0,1407,484,0,True,False,False
0,270,589,0,True,False,False
0,589,270,0,True,False,False
0,270,1085,0,True,False,False
0,1085,270,0,True,False,False
0,468,807,0,True,False,False
0,807,468,0,True,False,False
0,468,0,0,True,False,False
0,0,468,0,True,False,False
0,468,222,0,True,False,False
0,222,468,0,True,False,False
0,468,559,0,True,False,False
0,559,468,0,True,False,False
0,1543,970,0,True,False,False
0,970,1543,0,True,False,False
0,1543,936,0,True,False,False
0,936,1543,0,True,False,False
0,752,1543,0,True,False,False
0,1543,752,0,True,False,False
0,1543,530,0,True,False,False
0,530,1543,0,True,False,False
0,1543,1568,0,True,False,False
0,1568,1543,0,True,False,False
0,1543,29,0,True,False,False
0,29,1543,0,True,False,False
0,1289,1377,0,True,False,False
0,1377,1289,0,True,False,False
0,752,1385,0,True,False,False
0,1385,752,0,True,False,False
0,752,667,0,True,False,False
0,667,752,0,True,False,False
0,752,15,0,True,False,False
0,15,752,0,True,False,False
0,752,825,0,True,False,False
0,825,752,0,True,False,False
0,752,222,0,True,False,False
0,222,752,0,True,False,False
0,752,1512,0,True,False,False
0,1512,752,0,True,False,False
0,752,1510,0,True,False,False
0,1510,752,0,True,False,False
0,752,854,0,True,False,False
0,854,752,0,True,False,False
0,752,29,0,True,False,False
0,29,752,0,True,False,False
0,752,560,0,True,False,False
0,560,752,0,True,False,False
0,752,1467,0,True,False,False
0,1467,752,0,True,False,False
0,800,1519,0,True,False,False
0,1519,800,0,True,False,False
0,800,708,0,True,False,False
0,708,800,0,True,False,False
0,800,1401,0,True,False,False
0,1401,800,0,True,False,False
0,874,970,0,True,False,False
0,970,874,0,True,False,False
0,874,946,0,True,False,False
0,946,874,0,True,False,False
0,874,13,0,True,False,False
0,13,874,0,True,False,False
0,222,807,0,True,False,False
0,807,222,0,True,False,False
0,1317,222,0,True,False,False
0,222,1317,0,True,False,False
0,222,234,0,True,False,False
0,234,222,0,True,False,False
0,222,421,0,True,False,False
0,421,222,0,True,False,False
0,731,222,0,True,False,False
0,222,731,0,True,False,False
0,222,1253,0,True,False,False
0,1253,222,0,True,False,False
0,222,1183,0,True,False,False
0,1183,222,0,True,False,False
0,222,456,0,True,False,False
0,456,222,0,True,False,False
0,222,559,0,True,False,False
0,559,222,0,True,False,False
0,222,1022,0,True,False,False
0,1022,222,0,True,False,False
0,222,1378,0,True,False,False
0,1378,222,0,True,False,False
0,222,96,0,True,False,False
0,96,222,0,True,False,False
0,222,772,0,True,False,False
0,772,222,0,True,False,False
0,222,680,0,True,False,False
0,680,222,0,True,False,False
0,433,608,0,True,False,False
0,608,433,0,True,False,False
0,433,1043,0,True,False,False
0,1043,433,0,True,False,False
0,433,76,0,True,False,False
0,76,433,0,True,False,False
0,1043,608,0,True,False,False
0,608,1043,0,True,False,False
0,1043,45,0,True,False,False
0,45,1043,0,True,False,False
0,1602,1258,0,False,True,False
0,1258,1602,0,False,True,False
0,535,1164,0,False,True,False
0,1164,535,0,False,True,False
0,1323,108,0,False,True,False
0,108,1323,0,False,True,False
0,1323,552,0,False,True,False
0,552,1323,0,False,True,False
0,731,1317,0,False,True,False
0,1317,731,0,False,True,False
0,731,559,0,False,True,False
0,559,731,0,False,True,False
0,731,1041,0,False,True,False
0,1041,731,0,False,True,False
0,731,376,0,False,True,False
0,376,731,0,False,True,False
0,731,96,0,False,True,False
0,96,731,0,False,True,False
0,731,680,0,False,True,False
0,680,731,0,False,True,False
0,731,1417,0,False,True,False
0,1417,731,0,False,True,False
0,1317,807,0,False,True,False
0,807,1317,0,False,True,False
0,1317,234,0,False,True,False
0,234,1317,0,False,True,False
0,1317,801,0,False,True,False
0,801,1317,0,False,True,False
0,1317,1253,0,False,True,False
0,1253,1317,0,False,True,False
0,1317,1183,0,False,True,False
0,1183,1317,0,False,True,False
0,1317,273,0,False,True,False
0,273,1317,0,False,True,False
0,1317,1378,0,False,True,False
0,1378,1317,0,False,True,False
0,1317,772,0,False,True,False
0,772,1317,0,False,True,False
0,680,1041,0,False,True,False
0,1041,680,0,False,True,False
0,680,496,0,False,True,False
0,496,680,0,False,True,False
0,680,1417,0,False,True,False
0,1417,680,0,False,True,False
0,680,1123,0,False,True,False
0,1123,680,0,False,True,False
0,918,1407,0,False,True,False
0,1407,918,0,False,True,False
0,946,935,0,False,True,False
0,935,946,0,False,True,False
0,946,1512,0,False,True,False
0,1512,946,0,False,True,False
0,970,530,0,False,True,False
0,530,970,0,False,True,False
0,970,29,0,False,True,False
0,29,970,0,False,True,False
0,608,1027,0,False,True,False
0,1027,608,0,False,True,False
0,589,1220,0,False,True,False
0,1220,589,0,False,True,False
0,1048,235,0,False,True,False
0,235,1048,0,False,True,False
0,114,351,0,False,True,False
0,351,114,0,False,True,False
0,348,806,0,False,True,False
0,806,348,0,False,True,False
0,806,802,0,False,True,False
0,802,806,0,False,True,False
0,871,806,0,False,True,False
0,806,871,0,False,True,False
0,833,806,0,False,True,False
0,806,833,0,False,True,False
0,650,1222,0,False,True,False
0,1222,650,0,False,True,False
0,718,1222,0,False,True,False
0,1222,718,0,False,True,False
0,483,1222,0,False,True,False
0,1222,483,0,False,True,False
0,685,12,0,False,True,False
0,12,685,0,False,True,False
0,685,875,0,False,True,False
0,875,685,0,False,True,False
0,584,685,0,False,True,False
0,685,584,0,False,True,False
0,999,1077,0,False,True,False
0,1077,999,0,False,True,False
0,999,612,0,False,True,False
0,612,999,0,False,True,False
0,999,953,0,False,True,False
0,953,999,0,False,True,False
0,211,513,0,False,True,False
0,513,211,0,False,True,False
0,211,1495,0,False,True,False
0,1495,211,0,False,True,False
0,211,1477,0,False,True,False
0,1477,211,0,False,True,False
0,211,1077,0,False,True,False
0,1077,211,0,False,True,False
0,211,1427,0,False,True,False
0,1427,211,0,False,True,False
0,162,211,0,False,True,False
0,211,162,0,False,True,False
0,211,32,0,False,True,False
0,32,211,0,False,True,False
0,406,513,0,False,True,False
0,513,406,0,False,True,False
0,406,444,0,False,True,False
0,444,406,0,False,True,False
0,406,1341,0,False,True,False
0,1341,406,0,False,True,False
0,780,1395,0,False,True,False
0,1395,780,0,False,True,False
0,780,108,0,False,True,False
0,108,780,0,False,True,False
0,780,552,0,False,True,False
0,552,780,0,False,True,False
0,1495,23,0,False,True,False
0,23,1495,0,False,True,False
0,23,89,0,False,True,False
0,89,23,0,False,True,False
0,23,1377,0,False,True,False
0,1377,23,0,False,True,False
0,23,1401,0,False,True,False
0,1401,23,0,False,True,False
0,23,552,0,False,True,False
0,552,23,0,False,True,False
0,23,958,0,False,True,False
0,958,23,0,False,True,False
0,131,861,0,False,True,False
0,861,131,0,False,True,False
0,131,1377,0,False,True,False
0,1377,131,0,False,True,False
0,131,1213,0,False,True,False
0,1213,131,0,False,True,False
0,1180,628,0,False,True,False
0,628,1180,0,False,True,False
0,628,728,0,False,True,False
0,728,628,0,False,True,False
0,926,428,0,False,True,False
0,428,926,0,False,True,False
0,428,1577,0,False,True,False
0,1577,428,0,False,True,False
0,428,640,0,False,True,False
0,640,428,0,False,True,False
0,428,1217,0,False,True,False
0,1217,428,0,False,True,False
0,593,1014,0,False,True,False
0,1014,593,0,False,True,False
0,593,1591,0,False,True,False
0,1591,593,0,False,True,False
0,593,74,0,False,True,False
0,74,593,0,False,True,False
0,771,903,0,False,True,False
0,903,771,0,False,True,False
0,1093,771,0,False,True,False
0,771,1093,0,False,True,False
0,771,1223,0,False,True,False
0,1223,771,0,False,True,False
0,771,888,0,False,True,False
0,888,771,0,False,True,False
0,771,1448,0,False,True,False
0,1448,771,0,False,True,False
0,771,1143,0,False,True,False
0,1143,771,0,False,True,False
0,771,1592,0,False,True,False
0,1592,771,0,False,True,False
0,1561,847,0,False,True,False
0,847,1561,0,False,True,False
0,1561,296,0,False,True,False
0,296,1561,0,False,True,False
0,1561,1592,0,False,True,False
0,1592,1561,0,False,True,False
0,1495,18,0,False,True,False
0,18,1495,0,False,True,False
0,1495,108,0,False,True,False
0,108,1495,0,False,True,False
0,1495,1341,0,False,True,False
0,1341,1495,0,False,True,False
0,1495,843,0,False,True,False
0,843,1495,0,False,True,False
0,1495,1068,0,False,True,False
0,1068,1495,0,False,True,False
0,941,24,0,False,True,False
0,24,941,0,False,True,False
0,941,1150,0,False,True,False
0,1150,941,0,False,True,False
0,941,120,0,False,True,False
0,120,941,0,False,True,False
0,941,516,0,False,True,False
0,516,941,0,False,True,False
0,1448,941,0,False,True,False
0,941,1448,0,False,True,False
0,941,1143,0,False,True,False
0,1143,941,0,False,True,False
0,941,1217,0,False,True,False
0,1217,941,0,False,True,False
0,728,568,0,False,True,False
0,568,728,0,False,True,False
0,568,1164,0,False,True,False
0,1164,568,0,False,True,False
0,665,24,0,False,True,False
0,24,665,0,False,True,False
0,665,996,0,False,True,False
0,996,665,0,False,True,False
0,665,834,0,False,True,False
0,834,665,0,False,True,False
0,355,665,0,False,True,False
0,665,355,0,False,True,False
0,1565,423,0,False,True,False
0,423,1565,0,False,True,False
0,1565,298,0,False,True,False
0,298,1565,0,False,True,False
0,1565,950,0,False,True,False
0,950,1565,0,False,True,False
0,1565,395,0,False,True,False
0,395,1565,0,False,True,False
0,1565,1095,0,False,True,False
0,1095,1565,0,False,True,False
0,1093,1565,0,False,True,False
0,1565,1093,0,False,True,False
0,1565,228,0,False,True,False
0,228,1565,0,False,True,False
0,1143,1565,0,False,True,False
0,1565,1143,0,False,True,False
0,355,1223,0,False,True,False
0,1223,355,0,False,True,False
0,355,561,0,False,True,False
0,561,355,0,False,True,False
0,296,1081,0,False,True,False
0,1081,296,0,False,True,False
0,296,1095,0,False,True,False
0,1095,296,0,False,True,False
0,296,900,0,False,True,False
0,900,296,0,False,True,False
0,453,51,0,False,True,False
0,51,453,0,False,True,False
0,51,1302,0,False,True,False
0,1302,51,0,False,True,False
0,51,177,0,False,True,False
0,177,51,0,False,True,False
0,453,302,0,False,True,False
0,302,453,0,False,True,False
0,177,302,0,False,True,False
0,302,177,0,False,True,False
0,302,119,0,False,True,False
0,119,302,0,False,True,False
0,1085,1295,0,False,True,False
0,1295,1085,0,False,True,False
0,1085,961,0,False,True,False
0,961,1085,0,False,True,False
0,1085,1220,0,False,True,False
0,1220,1085,0,False,True,False
0,1258,177,0,False,True,False
0,177,1258,0,False,True,False
0,1391,878,0,False,True,False
0,878,1391,0,False,True,False
0,1391,935,0,False,True,False
0,935,1391,0,False,True,False
0,1391,343,0,False,True,False
0,343,1391,0,False,True,False
0,1448,607,0,False,True,False
0,607,1448,0,False,True,False
0,1448,11,0,False,True,False
0,11,1448,0,False,True,False
0,1448,549,0,False,True,False
0,549,1448,0,False,True,False
0,1448,561,0,False,True,False
0,561,1448,0,False,True,False
0,1402,554,0,False,True,False
0,554,1402,0,False,True,False
0,1402,471,0,False,True,False
0,471,1402,0,False,True,False
0,1402,1526,0,False,True,False
0,1526,1402,0,False,True,False
0,1143,1154,0,False,True,False
0,1154,1143,0,False,True,False
0,1143,834,0,False,True,False
0,834,1143,0,False,True,False
0,1143,1399,0,False,True,False
0,1399,1143,0,False,True,False
0,1143,1572,0,False,True,False
0,1572,1143,0,False,True,False
0,1143,900,0,False,True,False
0,900,1143,0,False,True,False
0,878,423,0,False,True,False
0,423,878,0,False,True,False
0,878,465,0,False,True,False
0,465,878,0,False,True,False
0,878,1494,0,False,True,False
0,1494,878,0,False,True,False
0,483,650,0,False,True,False
0,650,483,0,False,True,False
0,1302,1258,0,False,True,False
0,1258,1302,0,False,True,False
0,1308,49,0,False,True,False
0,49,1308,0,False,True,False
0,1062,1308,0,False,True,False
0,1308,1062,0,False,True,False
0,1078,1308,0,False,True,False
0,1308,1078,0,False,True,False
0,584,12,0,False,True,False
0,12,584,0,False,True,False
0,584,813,0,False,True,False
0,813,584,0,False,True,False
0,517,119,0,False,True,False
0,119,517,0,False,True,False
0,119,718,0,False,True,False
0,718,119,0,False,True,False
0,842,718,0,False,True,False
0,718,842,0,False,True,False
0,76,45,0,False,True,False
0,45,76,0,False,True,False
0,76,787,0,False,True,False
0,787,76,0,False,True,False
0,76,1027,0,False,True,False
0,1027,76,0,False,True,False
0,1242,365,0,False,True,False
0,365,1242,0,False,True,False
0,1078,1242,0,False,True,False
0,1242,1078,0,False,True,False
0,1242,198,0,False,True,False
0,198,1242,0,False,True,False
0,1242,13,0,False,True,False
0,13,1242,0,False,True,False
0,1242,235,0,False,True,False
0,235,1242,0,False,True,False
0,1242,1220,0,False,True,False
0,1220,1242,0,False,True,False
0,1242,1027,0,False,True,False
0,1027,1242,0,False,True,False
0,162,1398,0,False,True,False
0,1398,162,0,False,True,False
0,801,162,0,False,True,False
0,162,801,0,False,True,False
0,162,1526,0,False,True,False
0,1526,162,0,False,True,False
0,162,1005,0,False,True,False
0,1005,162,0,False,True,False
0,162,87,0,False,True,False
0,87,162,0,False,True,False
0,162,953,0,False,True,False
0,953,162,0,False,True,False
0,0,1442,0,False,True,False
0,1442,0,0,False,True,False
0,0,756,0,False,True,False
0,756,0,0,False,True,False
0,0,1606,0,False,True,False
0,1606,0,0,False,True,False
0,842,517,0,False,True,False
0,517,842,0,False,True,False
0,650,842,0,False,True,False
0,842,650,0,False,True,False
0,871,49,0,False,True,False
0,49,871,0,False,True,False
0,871,12,0,False,True,False
0,12,871,0,False,True,False
0,1078,871,0,False,True,False
0,871,1078,0,False,True,False
0,871,691,0,False,True,False
0,691,871,0,False,True,False
0,351,1088,0,False,True,False
0,1088,351,0,False,True,False
0,351,95,0,False,True,False
0,95,351,0,False,True,False
0,351,555,0,False,True,False
0,555,351,0,False,True,False
0,351,643,0,False,True,False
0,643,351,0,False,True,False
0,833,27,0,False,True,False
0,27,833,0,False,True,False
0,833,348,0,False,True,False
0,348,833,0,False,True,False
0,49,439,0,False,True,False
0,439,49,0,False,True,False
0,49,812,0,False,True,False
0,812,49,0,False,True,False
0,517,453,0,False,True,False
0,453,517,0,False,True,False
0,1051,1180,0,False,True,False
0,1180,1051,0,False,True,False
0,1093,1593,0,False,True,False
0,1593,1093,0,False,True,False
0,1093,1568,0,False,True,False
0,1568,1093,0,False,True,False
0,13,1093,0,False,True,False
0,1093,13,0,False,True,False
0,1093,847,0,False,True,False
0,847,1093,0,False,True,False
0,1093,343,0,False,True,False
0,343,1093,0,False,True,False
0,926,607,0,False,True,False
0,607,926,0,False,True,False
0,926,1577,0,False,True,False
0,1577,926,0,False,True,False
0,376,523,0,False,True,False
0,523,376,0,False,True,False
0,376,273,0,False,True,False
0,273,376,0,False,True,False
0,376,1366,0,False,True,False
0,1366,376,0,False,True,False
0,376,338,0,False,True,False
0,338,376,0,False,True,False
0,376,756,0,False,True,False
0,756,376,0,False,True,False
0,376,1182,0,False,True,False
0,1182,376,0,False,True,False
0,990,666,0,False,True,False
0,666,990,0,False,True,False
0,990,1366,0,False,True,False
0,1366,990,0,False,True,False
0,990,1123,0,False,True,False
0,1123,990,0,False,True,False
0,273,1014,0,False,True,False
0,1014,273,0,False,True,False
0,273,801,0,False,True,False
0,801,273,0,False,True,False
0,273,1460,0,False,True,False
0,1460,273,0,False,True,False
0,273,1442,0,False,True,False
0,1442,273,0,False,True,False
0,273,282,0,False,True,False
0,282,273,0,False,True,False
0,273,815,0,False,True,False
0,815,273,0,False,True,False
0,1078,1407,0,False,True,False
0,1407,1078,0,False,True,False
0,1078,45,0,False,True,False
0,45,1078,0,False,True,False
0,1078,348,0,False,True,False
0,348,1078,0,False,True,False
0,1078,1389,0,False,True,False
0,1389,1078,0,False,True,False
0,1062,439,0,False,True,False
0,439,1062,0,False,True,False
0,1062,812,0,False,True,False
0,812,1062,0,False,True,False
0,1062,487,0,False,True,False
0,487,1062,0,False,True,False
0,1062,1389,0,False,True,False
0,1389,1062,0,False,True,False
0,1062,1131,0,False,True,False
0,1131,1062,0,False,True,False
0,12,1550,0,False,True,False
0,1550,12,0,False,True,False
0,13,935,0,False,True,False
0,935,13,0,False,True,False
0,13,906,0,False,True,False
0,906,13,0,False,True,False
0,13,950,0,False,True,False
0,950,13,0,False,True,False
0,13,530,0,False,True,False
0,530,13,0,False,True,False
0,13,961,0,False,True,False
0,961,13,0,False,True,False
0,348,1322,0,False,True,False
0,1322,348,0,False,True,False
0,801,904,0,False,True,False
0,904,801,0,False,True,False
0,801,74,0,False,True,False
0,74,801,0,False,True,False
0,801,471,0,False,True,False
0,471,801,0,False,True,False
0,801,1013,0,False,True,False
0,1013,801,0,False,True,False
0,801,762,0,False,True,False
0,762,801,0,False,True,False
0,507,346,0,False,True,False
0,346,507,0,False,True,False
0,875,507,0,False,True,False
0,507,875,0,False,True,False
0,507,1263,0,False,True,False
0,1263,507,0,False,True,False
0,507,1136,0,False,True,False
0,1136,507,0,False,True,False
0,395,156,0,False,True,False
0,156,395,0,False,True,False
0,395,972,0,False,True,False
0,972,395,0,False,True,False
0,824,395,0,False,True,False
0,395,824,0,False,True,False
0,395,1352,0,False,True,False
0,1352,395,0,False,True,False
0,395,1399,0,False,True,False
0,1399,395,0,False,True,False
0,395,598,0,False,True,False
0,598,395,0,False,True,False
0,395,159,0,False,True,False
0,159,395,0,False,True,False
0,1295,1296,0,False,True,False
0,1296,1295,0,False,True,False
0,1295,565,0,False,True,False
0,565,1295,0,False,True,False
0,1295,892,0,False,True,False
0,892,1295,0,False,True,False
0,754,312,0,False,True,False
0,312,754,0,False,True,False
0,754,1425,0,False,True,False
0,1425,754,0,False,True,False
0,754,60,0,False,True,False
0,60,754,0,False,True,False
0,754,140,0,False,True,False
0,140,754,0,False,True,False
0,754,1136,0,False,True,False
0,1136,754,0,False,True,False
0,754,1506,0,False,True,False
0,1506,754,0,False,True,False
0,691,754,0,False,True,False
0,754,691,0,False,True,False
0,290,1218,0,False,True,False
0,1218,290,0,False,True,False
0,290,122,0,False,True,False
0,122,290,0,False,True,False
0,290,893,0,False,True,False
0,893,290,0,False,True,False
0,787,290,0,False,True,False
0,290,787,0,False,True,False
0,1081,50,0,False,True,False
0,50,1081,0,False,True,False
0,50,1581,0,False,True,False
0,1581,50,0,False,True,False
0,50,880,0,False,True,False
0,880,50,0,False,True,False
0,50,864,0,False,True,False
0,864,50,0,False,True,False
0,1073,1021,0,False,True,False
0,1021,1073,0,False,True,False
0,156,1073,0,False,True,False
0,1073,156,0,False,True,False
0,1073,438,0,False,True,False
0,438,1073,0,False,True,False
0,824,1073,0,False,True,False
0,1073,824,0,False,True,False
0,1073,657,0,False,True,False
0,657,1073,0,False,True,False
0,1073,776,0,False,True,False
0,776,1073,0,False,True,False
0,1073,755,0,False,True,False
0,755,1073,0,False,True,False
0,1073,150,0,False,True,False
0,150,1073,0,False,True,False
0,512,1465,0,False,True,False
0,1465,512,0,False,True,False
0,512,17,0,False,True,False
0,17,512,0,False,True,False
0,512,81,0,False,True,False
0,81,512,0,False,True,False
0,1606,512,0,False,True,False
0,512,1606,0,False,True,False
0,848,156,0,False,True,False
0,156,848,0,False,True,False
0,848,272,0,False,True,False
0,272,848,0,False,True,False
0,848,461,0,False,True,False
0,461,848,0,False,True,False
0,1399,848,0,False,True,False
0,848,1399,0,False,True,False
0,848,686,0,False,True,False
0,686,848,0,False,True,False
0,646,848,0,False,True,False
0,848,646,0,False,True,False
0,848,949,0,False,True,False
0,949,848,0,False,True,False
0,848,864,0,False,True,False
0,864,848,0,False,True,False
0,520,1611,0,False,True,False
0,1611,520,0,False,True,False
0,861,520,0,False,True,False
0,520,861,0,False,True,False
0,520,1410,0,False,True,False
0,1410,520,0,False,True,False
0,520,36,0,False,True,False
0,36,520,0,False,True,False
0,1395,1567,0,False,True,False
0,1567,1395,0,False,True,False
0,1395,548,0,False,True,False
0,548,1395,0,False,True,False
0,1395,158,0,False,True,False
0,158,1395,0,False,True,False
0,1296,1375,0,False,True,False
0,1375,1296,0,False,True,False
0,1296,633,0,False,True,False
0,633,1296,0,False,True,False
0,1296,826,0,False,True,False
0,826,1296,0,False,True,False
0,950,936,0,False,True,False
0,936,950,0,False,True,False
0,950,824,0,False,True,False
0,824,950,0,False,True,False
0,950,565,0,False,True,False
0,565,950,0,False,True,False
0,950,198,0,False,True,False
0,198,950,0,False,True,False
0,950,1494,0,False,True,False
0,1494,950,0,False,True,False
0,950,1579,0,False,True,False
0,1579,950,0,False,True,False
0,198,1276,0,False,True,False
0,1276,198,0,False,True,False
0,198,494,0,False,True,False
0,494,198,0,False,True,False
0,198,892,0,False,True,False
0,892,198,0,False,True,False
0,198,909,0,False,True,False
0,909,198,0,False,True,False
0,198,1389,0,False,True,False
0,1389,198,0,False,True,False
0,198,721,0,False,True,False
0,721,198,0,False,True,False
0,282,231,0,False,True,False
0,231,282,0,False,True,False
0,282,123,0,False,True,False
0,123,282,0,False,True,False
0,282,1049,0,False,True,False
0,1049,282,0,False,True,False
0,282,1117,0,False,True,False
0,1117,282,0,False,True,False
0,762,282,0,False,True,False
0,282,762,0,False,True,False
0,282,1556,0,False,True,False
0,1556,282,0,False,True,False
0,282,1182,0,False,True,False
0,1182,282,0,False,True,False
0,1606,231,0,False,True,False
0,231,1606,0,False,True,False
0,1606,503,0,False,True,False
0,503,1606,0,False,True,False
0,192,341,0,False,True,False
0,341,192,0,False,True,False
0,192,1425,0,False,True,False
0,1425,192,0,False,True,False
0,27,192,0,False,True,False
0,192,27,0,False,True,False
0,192,916,0,False,True,False
0,916,192,0,False,True,False
0,444,1435,0,False,True,False
0,1435,444,0,False,True,False
0,444,115,0,False,True,False
0,115,444,0,False,True,False
0,444,1386,0,False,True,False
0,1386,444,0,False,True,False
0,87,447,0,False,True,False
0,447,87,0,False,True,False
0,1477,87,0,False,True,False
0,87,1477,0,False,True,False
0,87,63,0,False,True,False
0,63,87,0,False,True,False
0,87,1211,0,False,True,False
0,1211,87,0,False,True,False
0,87,1438,0,False,True,False
0,1438,87,0,False,True,False
0,87,445,0,False,True,False
0,445,87,0,False,True,False
0,87,762,0,False,True,False
0,762,87,0,False,True,False
0,1591,238,0,False,True,False
0,238,1591,0,False,True,False
0,1591,123,0,False,True,False
0,123,1591,0,False,True,False
0,1591,407,0,False,True,False
0,407,1591,0,False,True,False
0,1081,460,0,False,True,False
0,460,1081,0,False,True,False
0,1081,598,0,False,True,False
0,598,1081,0,False,True,False
0,875,1550,0,False,True,False
0,1550,875,0,False,True,False
0,875,813,0,False,True,False
0,813,875,0,False,True,False
0,554,1204,0,False,True,False
0,1204,554,0,False,True,False
0,554,445,0,False,True,False
0,445,554,0,False,True,False
0,554,72,0,False,True,False
0,72,554,0,False,True,False
0,1399,905,0,False,True,False
0,905,1399,0,False,True,False
0,1399,243,0,False,True,False
0,243,1399,0,False,True,False
0,1399,460,0,False,True,False
0,460,1399,0,False,True,False
0,1399,516,0,False,True,False
0,516,1399,0,False,True,False
0,1399,699,0,False,True,False
0,699,1399,0,False,True,False
0,612,1545,0,False,True,False
0,1545,612,0,False,True,False
0,612,405,0,False,True,False
0,405,612,0,False,True,False
0,612,1438,0,False,True,False
0,1438,612,0,False,True,False
0,870,1009,0,False,True,False
0,1009,870,0,False,True,False
0,870,1481,0,False,True,False
0,1481,870,0,False,True,False
0,870,330,0,False,True,False
0,330,870,0,False,True,False
0,870,81,0,False,True,False
0,81,870,0,False,True,False
0,870,1556,0,False,True,False
0,1556,870,0,False,True,False
0,870,836,0,False,True,False
0,836,870,0,False,True,False
0,1182,870,0,False,True,False
0,870,1182,0,False,True,False
0,72,1188,0,False,True,False
0,1188,72,0,False,True,False
0,72,915,0,False,True,False
0,915,72,0,False,True,False
0,72,1351,0,False,True,False
0,1351,72,0,False,True,False
0,447,895,0,False,True,False
0,895,447,0,False,True,False
0,447,1188,0,False,True,False
0,1188,447,0,False,True,False
0,447,1586,0,False,True,False
0,1586,447,0,False,True,False
0,1301,447,0,False,True,False
0,447,1301,0,False,True,False
0,447,1475,0,False,True,False
0,1475,447,0,False,True,False
0,447,223,0,False,True,False
0,223,447,0,False,True,False
0,447,420,0,False,True,False
0,420,447,0,False,True,False
0,1545,895,0,False,True,False
0,895,1545,0,False,True,False
0,1545,1033,0,False,True,False
0,1033,1545,0,False,True,False
0,1545,1412,0,False,True,False
0,1412,1545,0,False,True,False
0,1477,1435,0,False,True,False
0,1435,1477,0,False,True,False
0,1477,405,0,False,True,False
0,405,1477,0,False,True,False
0,1477,567,0,False,True,False
0,567,1477,0,False,True,False
0,843,1477,0,False,True,False
0,1477,843,0,False,True,False
0,1477,1408,0,False,True,False
0,1408,1477,0,False,True,False
0,1477,1475,0,False,True,False
0,1475,1477,0,False,True,False
0,312,1262,0,False,True,False
0,1262,312,0,False,True,False
0,312,341,0,False,True,False
0,341,312,0,False,True,False
0,312,122,0,False,True,False
0,122,312,0,False,True,False
0,312,1324,0,False,True,False
0,1324,312,0,False,True,False
0,312,909,0,False,True,False
0,909,312,0,False,True,False
0,312,487,0,False,True,False
0,487,312,0,False,True,False
0,1389,312,0,False,True,False
0,312,1389,0,False,True,False
0,666,1311,0,False,True,False
0,1311,666,0,False,True,False
0,666,651,0,False,True,False
0,651,666,0,False,True,False
0,666,1123,0,False,True,False
0,1123,666,0,False,True,False
0,516,887,0,False,True,False
0,887,516,0,False,True,False
0,516,358,0,False,True,False
0,358,516,0,False,True,False
0,516,1288,0,False,True,False
0,1288,516,0,False,True,False
0,516,646,0,False,True,False
0,646,516,0,False,True,False
0,516,360,0,False,True,False
0,360,516,0,False,True,False
0,1475,1292,0,False,True,False
0,1292,1475,0,False,True,False
0,1475,695,0,False,True,False
0,695,1475,0,False,True,False
0,1475,1033,0,False,True,False
0,1033,1475,0,False,True,False
0,1475,1514,0,False,True,False
0,1514,1475,0,False,True,False
0,1475,616,0,False,True,False
0,616,1475,0,False,True,False
0,1475,505,0,False,True,False
0,505,1475,0,False,True,False
0,1386,1514,0,False,True,False
0,1514,1386,0,False,True,False
0,1386,1256,0,False,True,False
0,1256,1386,0,False,True,False
0,1386,170,0,False,True,False
0,170,1386,0,False,True,False
0,1567,1132,0,False,True,False
0,1132,1567,0,False,True,False
0,1567,983,0,False,True,False
0,983,1567,0,False,True,False
0,1567,366,0,False,True,False
0,366,1567,0,False,True,False
0,958,1433,0,False,True,False
0,1433,958,0,False,True,False
0,958,843,0,False,True,False
0,843,958,0,False,True,False
0,958,1200,0,False,True,False
0,1200,958,0,False,True,False
0,958,158,0,False,True,False
0,158,958,0,False,True,False
0,958,1196,0,False,True,False
0,1196,958,0,False,True,False
0,958,1039,0,False,True,False
0,1039,958,0,False,True,False
0,156,1264,0,False,True,False
0,1264,156,0,False,True,False
0,156,308,0,False,True,False
0,308,156,0,False,True,False
0,156,429,0,False,True,False
0,429,156,0,False,True,False
0,156,69,0,False,True,False
0,69,156,0,False,True,False
0,156,1581,0,False,True,False
0,1581,156,0,False,True,False
0,1182,1311,0,False,True,False
0,1311,1182,0,False,True,False
0,1182,90,0,False,True,False
0,90,1182,0,False,True,False
0,1182,960,0,False,True,False
0,960,1182,0,False,True,False
0,1182,503,0,False,True,False
0,503,1182,0,False,True,False
0,1200,649,0,False,True,False
0,649,1200,0,False,True,False
0,1200,59,0,False,True,False
0,59,1200,0,False,True,False
0,1200,1132,0,False,True,False
0,1132,1200,0,False,True,False
0,695,1200,0,False,True,False
0,1200,695,0,False,True,False
0,1200,1410,0,False,True,False
0,1410,1200,0,False,True,False
0,1200,1046,0,False,True,False
0,1046,1200,0,False,True,False
0,996,358,0,False,True,False
0,358,996,0,False,True,False
0,996,856,0,False,True,False
0,856,996,0,False,True,False
0,996,699,0,False,True,False
0,699,996,0,False,True,False
0,691,439,0,False,True,False
0,439,691,0,False,True,False
0,691,1088,0,False,True,False
0,1088,691,0,False,True,False
0,691,1550,0,False,True,False
0,1550,691,0,False,True,False
0,691,802,0,False,True,False
0,802,691,0,False,True,False
0,1389,691,0,False,True,False
0,691,1389,0,False,True,False
0,762,1204,0,False,True,False
0,1204,762,0,False,True,False
0,762,1141,0,False,True,False
0,1141,762,0,False,True,False
0,762,1585,0,False,True,False
0,1585,762,0,False,True,False
0,762,238,0,False,True,False
0,238,762,0,False,True,False
0,762,1301,0,False,True,False
0,1301,762,0,False,True,False
0,407,1157,0,False,True,False
0,1157,407,0,False,True,False
0,407,865,0,False,True,False
0,865,407,0,False,True,False
0,407,1147,0,False,True,False
0,1147,407,0,False,True,False
0,640,1577,0,False,True,False
0,1577,640,0,False,True,False
0,640,321,0,False,True,False
0,321,640,0,False,True,False
0,640,360,0,False,True,False
0,360,640,0,False,True,False
0,321,1268,0,False,True,False
0,1268,321,0,False,True,False
0,321,921,0,False,True,False
0,921,321,0,False,True,False
0,321,1577,0,False,True,False
0,1577,321,0,False,True,False
0,1556,241,0,False,True,False
0,241,1556,0,False,True,False
0,1556,17,0,False,True,False
0,17,1556,0,False,True,False
0,1556,1452,0,False,True,False
0,1452,1556,0,False,True,False
0,1556,165,0,False,True,False
0,165,1556,0,False,True,False
0,1556,1147,0,False,True,False
0,1147,1556,0,False,True,False
0,1556,1301,0,False,True,False
0,1301,1556,0,False,True,False
0,695,1170,0,False,True,False
0,1170,695,0,False,True,False
0,695,983,0,False,True,False
0,983,695,0,False,True,False
0,695,683,0,False,True,False
0,683,695,0,False,True,False
0,843,695,0,False,True,False
0,695,843,0,False,True,False
0,695,1256,0,False,True,False
0,1256,695,0,False,True,False
0,695,814,0,False,True,False
0,814,695,0,False,True,False
0,442,429,0,False,True,False
0,429,442,0,False,True,False
0,442,657,0,False,True,False
0,657,442,0,False,True,False
0,442,25,0,False,True,False
0,25,442,0,False,True,False
0,465,442,0,False,True,False
0,442,465,0,False,True,False
0,1301,417,0,False,True,False
0,417,1301,0,False,True,False
0,1301,1157,0,False,True,False
0,1157,1301,0,False,True,False
0,1301,660,0,False,True,False
0,660,1301,0,False,True,False
0,1301,594,0,False,True,False
0,594,1301,0,False,True,False
0,1301,1351,0,False,True,False
0,1351,1301,0,False,True,False
0,1375,789,0,False,True,False
0,789,1375,0,False,True,False
0,1375,195,0,False,True,False
0,195,1375,0,False,True,False
0,1375,776,0,False,True,False
0,776,1375,0,False,True,False
0,651,1171,0,False,True,False
0,1171,651,0,False,True,False
0,651,330,0,False,True,False
0,330,651,0,False,True,False
0,651,1123,0,False,True,False
0,1123,651,0,False,True,False
0,27,802,0,False,True,False
0,802,27,0,False,True,False
0,27,1322,0,False,True,False
0,1322,27,0,False,True,False
0,787,924,0,False,True,False
0,924,787,0,False,True,False
0,787,1276,0,False,True,False
0,1276,787,0,False,True,False
0,646,1268,0,False,True,False
0,1268,646,0,False,True,False
0,646,53,0,False,True,False
0,53,646,0,False,True,False
0,646,1414,0,False,True,False
0,1414,646,0,False,True,False
0,646,38,0,False,True,False
0,38,646,0,False,True,False
0,646,334,0,False,True,False
0,334,646,0,False,True,False
0,843,115,0,False,True,False
0,115,843,0,False,True,False
0,843,548,0,False,True,False
0,548,843,0,False,True,False
0,843,1496,0,False,True,False
0,1496,843,0,False,True,False
0,843,1499,0,False,True,False
0,1499,843,0,False,True,False
0,824,872,0,False,True,False
0,872,824,0,False,True,False
0,824,1024,0,False,True,False
0,1024,824,0,False,True,False
0,824,209,0,False,True,False
0,209,824,0,False,True,False
0,909,824,0,False,True,False
0,824,909,0,False,True,False
0,824,826,0,False,True,False
0,826,824,0,False,True,False
0,755,789,0,False,True,False
0,789,755,0,False,True,False
0,755,576,0,False,True,False
0,576,755,0,False,True,False
0,755,1324,0,False,True,False
0,1324,755,0,False,True,False
0,755,1326,0,False,True,False
0,1326,755,0,False,True,False
0,909,755,0,False,False,True
0,755,909,0,False,False,True
0,755,1089,0,False,False,True
0,1089,755,0,False,False,True
0,755,259,0,False,False,True
0,259,755,0,False,False,True
0,909,1218,0,False,False,True
0,1218,909,0,False,False,True
0,909,619,0,False,False,True
0,619,909,0,False,False,True
0,909,633,0,False,False,True
0,633,909,0,False,False,True
0,909,363,0,False,False,True
0,363,909,0,False,False,True
0,465,872,0,False,False,True
0,872,465,0,False,False,True
0,465,159,0,False,False,True
0,159,465,0,False,False,True
0,893,167,0,False,False,True
0,167,893,0,False,False,True
0,893,687,0,False,False,True
0,687,893,0,False,False,True
0,893,1326,0,False,False,True
0,1326,893,0,False,False,True
0,1389,287,0,False,False,True
0,287,1389,0,False,False,True
0,1389,924,0,False,False,True
0,924,1389,0,False,False,True
0,1389,1322,0,False,False,True
0,1322,1389,0,False,False,True
0,856,1414,0,False,False,True
0,1414,856,0,False,False,True
0,856,461,0,False,False,True
0,461,856,0,False,False,True
0,856,6,0,False,False,True
0,6,856,0,False,False,True
0,861,1372,0,False,False,True
0,1372,861,0,False,False,True
0,861,1196,0,False,False,True
0,1196,861,0,False,False,True
0,241,1481,0,False,False,True
0,1481,241,0,False,False,True
0,1481,736,0,False,False,True
0,736,1481,0,False,False,True
0,931,971,0,False,False,True
0,971,931,0,False,False,True
0,971,853,0,False,False,True
0,853,971,0,False,False,True
0,366,1432,0,False,False,True
0,1432,366,0,False,False,True
0,1432,1570,0,False,False,True
0,1570,1432,0,False,False,True
0,916,931,0,False,False,True
0,931,916,0,False,False,True
0,150,600,0,False,False,True
0,600,150,0,False,False,True
0,308,150,0,False,False,True
0,150,308,0,False,False,True
0,150,1089,0,False,False,True
0,1089,150,0,False,False,True
0,915,436,0,False,False,True
0,436,915,0,False,False,True
0,1324,827,0,False,False,True
0,827,1324,0,False,False,True
0,1324,1305,0,False,False,True
0,1305,1324,0,False,False,True
0,1324,687,0,False,False,True
0,687,1324,0,False,False,True
0,1324,60,0,False,False,True
0,60,1324,0,False,False,True
0,1324,844,0,False,False,True
0,844,1324,0,False,False,True
0,1324,337,0,False,False,True
0,337,1324,0,False,False,True
0,346,1054,0,False,False,True
0,1054,346,0,False,False,True
0,346,210,0,False,False,True
0,210,346,0,False,False,True
0,53,275,0,False,False,True
0,275,53,0,False,False,True
0,53,272,0,False,False,True
0,272,53,0,False,False,True
0,272,308,0,False,False,True
0,308,272,0,False,False,True
0,308,933,0,False,False,True
0,933,308,0,False,False,True
0,167,777,0,False,False,True
0,777,167,0,False,False,True
0,210,1376,0,False,False,True
0,1376,210,0,False,False,True
0,210,1114,0,False,False,True
0,1114,210,0,False,False,True
0,1089,1426,0,False,False,True
0,1426,1089,0,False,False,True
0,1089,337,0,False,False,True
0,337,1089,0,False,False,True
0,880,923,0,False,False,True
0,923,880,0,False,False,True
0,649,638,0,False,False,True
0,638,649,0,False,False,True
0,638,91,0,False,False,True
0,91,638,0,False,False,True
0,638,266,0,False,False,True
0,266,638,0,False,False,True
0,436,323,0,False,False,True
0,323,436,0,False,False,True
0,777,678,0,False,False,True
0,678,777,0,False,False,True
0,1428,621,0,False,False,True
0,621,1428,0,False,False,True
0,170,1428,0,False,False,True
0,1428,170,0,False,False,True
0,921,1577,0,False,False,True
0,1577,921,0,False,False,True
0,921,639,0,False,False,True
0,639,921,0,False,False,True
0,1578,1282,0,False,False,True
0,1282,1578,0,False,False,True
0,279,1578,0,False,False,True
0,1578,279,0,False,False,True
0,60,116,0,False,False,True
0,116,60,0,False,False,True
0,60,279,0,False,False,True
0,279,60,0,False,False,True
0,60,704,0,False,False,True
0,704,60,0,False,False,True
0,266,1483,0,False,False,True
0,1483,266,0,False,False,True
0,266,967,0,False,False,True
0,967,266,0,False,False,True
0,814,266,0,False,False,True
0,266,814,0,False,False,True
0,1282,1426,0,False,False,True
0,1426,1282,0,False,False,True
0,1426,600,0,False,False,True
0,600,1426,0,False,False,True
0,195,1523,0,False,False,True
0,1523,195,0,False,False,True
0,1523,1320,0,False,False,True
0,1320,1523,0,False,False,True
0,1571,537,0,False,False,True
0,537,1571,0,False,False,True
0,25,1571,0,False,False,True
0,1571,25,0,False,False,True
0,898,283,0,False,False,True
0,283,898,0,False,False,True
0,898,817,0,False,False,True
0,817,898,0,False,False,True
0,36,898,0,False,False,True
0,898,36,0,False,False,True
0,417,219,0,False,False,True
0,219,417,0,False,False,True
0,315,219,0,False,False,True
0,219,315,0,False,False,True
0,219,822,0,False,False,True
0,822,219,0,False,False,True
0,219,1540,0,False,False,True
0,1540,219,0,False,False,True
0,600,933,0,False,False,True
0,933,600,0,False,False,True
0,933,1064,0,False,False,True
0,1064,933,0,False,False,True
0,876,1503,0,False,False,True
0,1503,876,0,False,False,True
0,1412,876,0,False,False,True
0,876,1412,0,False,False,True
0,36,155,0,False,False,True
0,155,36,0,False,False,True
0,417,241,0,False,False,True
0,241,417,0,False,False,True
0,241,1540,0,False,False,True
0,1540,241,0,False,False,True
0,1171,1405,0,False,False,True
0,1405,1171,0,False,False,True
0,1171,1123,0,False,False,True
0,1123,1171,0,False,False,True
0,272,1064,0,False,False,True
0,1064,272,0,False,False,True
0,1483,315,0,False,False,True
0,315,1483,0,False,False,True
0,315,764,0,False,False,True
0,764,315,0,False,False,True
0,223,315,0,False,False,True
0,315,223,0,False,False,True
0,1540,1016,0,False,False,True
0,1016,1540,0,False,False,True
0,1540,736,0,False,False,True
0,736,1540,0,False,False,True
0,337,279,0,False,False,True
0,279,337,0,False,False,True
0,6,1151,0,False,False,True
0,1151,6,0,False,False,True
0,916,827,0,False,False,True
0,827,916,0,False,False,True
0,916,704,0,False,False,True
0,704,916,0,False,False,True
0,1292,1483,0,False,False,True
0,1483,1292,0,False,False,True
0,1483,303,0,False,False,True
0,303,1483,0,False,False,True
0,337,1282,0,False,False,True
0,1282,337,0,False,False,True
0,865,347,0,False,False,True
0,347,865,0,False,False,True
0,923,925,0,False,False,True
0,925,923,0,False,False,True
0,1465,1537,0,False,False,True
0,1537,1465,0,False,False,True
0,1537,1564,0,False,False,True
0,1564,1537,0,False,False,True
0,649,814,0,False,False,True
0,814,649,0,False,False,True
0,223,417,0,False,False,True
0,417,223,0,False,False,True
0,736,1411,0,False,False,True
0,1411,736,0,False,False,True
0,1064,275,0,False,False,True
0,275,1064,0,False,False,True
0,1151,529,0,False,False,True
0,529,1151,0,False,False,True
0,639,740,0,False,False,True
0,740,639,0,False,False,True
0,639,1577,0,False,False,True
0,1577,639,0,False,False,True
0,347,1108,0,False,False,True
0,1108,347,0,False,False,True
0,814,1292,0,False,False,True
0,1292,814,0,False,False,True
0,1292,223,0,False,False,True
0,223,1292,0,False,False,True
0,1114,134,0,False,False,True
0,134,1114,0,False,False,True
0,1114,668,0,False,False,True
0,668,1114,0,False,False,True
0,1405,1138,0,False,False,True
0,1138,1405,0,False,False,True
0,1405,1123,0,False,False,True
0,1123,1405,0,False,False,True
0,1263,813,0,False,False,True
0,813,1263,0,False,False,True
0,813,1550,0,False,False,True
0,1550,813,0,False,False,True
0,764,303,0,False,False,True
0,303,764,0,False,False,True
0,303,1028,0,False,False,True
0,1028,303,0,False,False,True
0,303,967,0,False,False,True
0,967,303,0,False,False,True
0,1489,1379,0,False,False,True
0,1379,1489,0,False,False,True
0,1379,1519,0,False,False,True
0,1519,1379,0,False,False,True
0,1379,1046,0,False,False,True
0,1046,1379,0,False,False,True
0,1138,1522,0,False,False,True
0,1522,1138,0,False,False,True
0,1138,1123,0,False,False,True
0,1123,1138,0,False,False,True
0,1564,992,0,False,False,True
0,992,1564,0,False,False,True
0,681,1548,0,False,False,True
0,1548,681,0,False,False,True
0,1533,681,0,False,False,True
0,681,1533,0,False,False,True
0,1108,1439,0,False,False,True
0,1439,1108,0,False,False,True
0,1508,1489,0,False,False,True
0,1489,1508,0,False,False,True
0,1193,1508,0,False,False,True
0,1508,1193,0,False,False,True
0,1054,1263,0,False,False,True
0,1263,1054,0,False,False,True
0,1263,1136,0,False,False,True
0,1136,1263,0,False,False,True
0,822,764,0,False,False,True
0,764,822,0,False,False,True
0,621,1203,0,False,False,True
0,1203,621,0,False,False,True
0,1203,127,0,False,False,True
0,127,1203,0,False,False,True
0,323,161,0,False,False,True
0,161,323,0,False,False,True
0,621,127,0,False,False,True
0,127,621,0,False,False,True
0,1548,643,0,False,False,True
0,643,1548,0,False,False,True
0,643,555,0,False,False,True
0,555,643,0,False,False,True
0,643,1506,0,False,False,True
0,1506,643,0,False,False,True
0,817,155,0,False,False,True
0,155,817,0,False,False,True
0,724,817,0,False,False,True
0,817,724,0,False,False,True
0,155,1611,0,False,False,True
0,1611,155,0,False,False,True
0,1548,555,0,False,False,True
0,555,1548,0,False,False,True
0,1503,301,0,False,False,True
0,301,1503,0,False,False,True
0,283,952,0,False,False,True
0,952,283,0,False,False,True
0,952,724,0,False,False,True
0,724,952,0,False,False,True
0,668,1376,0,False,False,True
0,1376,668,0,False,False,True
0,1376,1054,0,False,False,True
0,1054,1376,0,False,False,True
0,1522,1123,0,False,False,True
0,1123,1522,0,False,False,True
0,1611,1372,0,False,False,True
0,1372,1611,0,False,False,True
0,1372,1213,0,False,False,True
0,1213,1372,0,False,False,True
0,1372,1196,0,False,False,True
0,1196,1372,0,False,False,True
0,283,724,0,False,False,True
0,724,283,0,False,False,True
0,1519,708,0,False,False,True
0,708,1519,0,False,False,True
0,708,1401,0,False,False,True
0,1401,708,0,False,False,True
0,1213,1377,0,False,False,True
0,1377,1213,0,False,False,True
0,967,1318,0,False,False,True
0,1318,967,0,False,False,True
0,967,91,0,False,False,True
0,91,967,0,False,False,True
0,967,127,0,False,False,True
0,127,967,0,False,False,True
0,967,2,0,False,False,True
0,2,967,0,False,False,True
0,967,1474,0,False,False,True
0,1474,967,0,False,False,True
0,740,1577,0,False,False,True
0,1577,740,0,False,False,True
0,134,668,0,False,False,True
0,668,134,0,False,False,True
0,1570,1034,0,False,False,True
0,1034,1570,0,False,False,True
0,1570,1474,0,False,False,True
0,1474,1570,0,False,False,True
0,1519,1039,0,False,False,True
0,1039,1519,0,False,False,True
0,1411,1016,0,False,False,True
0,1016,1411,0,False,False,True
0,1016,822,0,False,False,True
0,822,1016,0,False,False,True
0,1034,1474,0,False,False,True
0,1474,1034,0,False,False,True
0,1611,1410,0,False,False,True
0,1410,1611,0,False,False,True
0,819,513,0,False,False,True
0,513,819,0,False,False,True
0,1106,819,0,False,False,True
0,819,1106,0,False,False,True
0,287,1262,0,False,False,True
0,1262,287,0,False,False,True
0,1407,287,0,False,False,True
0,287,1407,0,False,False,True
0,287,721,0,False,False,True
0,721,287,0,False,False,True
0,1123,1311,0,False,False,True
0,1311,1123,0,False,False,True
0,1123,1041,0,False,False,True
0,1041,1123,0,False,False,True
0,1123,330,0,False,False,True
0,330,1123,0,False,False,True
0,1123,1366,0,False,False,True
0,1366,1123,0,False,False,True
0,807,1442,0,False,False,True
0,1442,807,0,False,False,True
0,559,807,0,False,False,True
0,807,559,0,False,False,True
0,1467,847,0,False,False,True
0,847,1467,0,False,False,True
0,1467,1592,0,False,False,True
0,1592,1467,0,False,False,True
0,667,1223,0,False,False,True
0,1223,667,0,False,False,True
0,667,560,0,False,False,True
0,560,667,0,False,False,True
0,29,1568,0,False,False,True
0,1568,29,0,False,False,True
0,108,552,0,False,False,True
0,552,108,0,False,False,True
0,552,158,0,False,False,True
0,158,552,0,False,False,True
0,1417,523,0,False,False,True
0,523,1417,0,False,False,True
0,1417,496,0,False,False,True
0,496,1417,0,False,False,True
0,1270,549,0,False,False,True
0,549,1270,0,False,False,True
0,1270,30,0,False,False,True
0,30,1270,0,False,False,True
0,421,772,0,False,False,True
0,772,421,0,False,False,True
0,1140,772,0,False,False,True
0,772,1140,0,False,False,True
0,772,1013,0,False,False,True
0,1013,772,0,False,False,True
0,753,1398,0,False,False,True
0,1398,753,0,False,False,True
0,753,63,0,False,False,True
0,63,753,0,False,False,True
0,753,478,0,False,False,True
0,478,753,0,False,False,True
0,753,1343,0,False,False,True
0,1343,753,0,False,False,True
0,753,32,0,False,False,True
0,32,753,0,False,False,True
0,478,1343,0,False,False,True
0,1343,478,0,False,False,True
0,1343,32,0,False,False,True
0,32,1343,0,False,False,True
0,421,1140,0,False,False,True
0,1140,421,0,False,False,True
0,1140,1005,0,False,False,True
0,1005,1140,0,False,False,True
0,854,15,0,False,False,True
0,15,854,0,False,False,True
0,854,888,0,False,False,True
0,888,854,0,False,False,True
0,854,1510,0,False,False,True
0,1510,854,0,False,False,True
0,1510,11,0,False,False,True
0,11,1510,0,False,False,True
0,15,1510,0,False,False,True
0,1510,15,0,False,False,True
0,44,18,0,False,False,True
0,18,44,0,False,False,True
0,44,381,0,False,False,True
0,381,44,0,False,False,True
0,44,400,0,False,False,True
0,400,44,0,False,False,True
0,44,1427,0,False,False,True
0,1427,44,0,False,False,True
0,44,1499,0,False,False,True
0,1499,44,0,False,False,True
0,825,903,0,False,False,True
0,903,825,0,False,False,True
0,1385,825,0,False,False,True
0,825,1385,0,False,False,True
0,825,1593,0,False,False,True
0,1593,825,0,False,False,True
0,825,1572,0,False,False,True
0,1572,825,0,False,False,True
0,1577,607,0,False,False,True
0,607,1577,0,False,False,True
0,1577,1268,0,False,False,True
0,1268,1577,0,False,False,True
0,940,1577,0,False,False,True
0,1577,940,0,False,False,True
0,1577,1217,0,False,False,True
0,1217,1577,0,False,False,True
0,1577,360,0,False,False,True
0,360,1577,0,False,False,True
0,96,456,0,False,False,True
0,456,96,0,False,False,True
0,96,1378,0,False,False,True
0,1378,96,0,False,False,True
0,96,338,0,False,False,True
0,338,96,0,False,False,True
0,1378,1460,0,False,False,True
0,1460,1378,0,False,False,True
0,1378,456,0,False,False,True
0,456,1378,0,False,False,True
0,234,471,0,False,False,True
0,471,234,0,False,False,True
0,1544,234,0,False,False,True
0,234,1544,0,False,False,True
0,560,561,0,False,False,True
0,561,560,0,False,False,True
0,456,1460,0,False,False,True
0,1460,456,0,False,False,True
0,456,1049,0,False,False,True
0,1049,456,0,False,False,True
0,456,338,0,False,False,True
0,338,456,0,False,False,True
0,478,1398,0,False,False,True
0,1398,478,0,False,False,True
0,1496,1433,0,False,False,True
0,1433,1496,0,False,False,True
0,1496,683,0,False,False,True
0,683,1496,0,False,False,True
0,1068,1496,0,False,False,True
0,1496,1068,0,False,False,True
0,1022,904,0,False,False,True
0,904,1022,0,False,False,True
0,1183,1022,0,False,False,True
0,1022,1183,0,False,False,True
0,1022,1117,0,False,False,True
0,1117,1022,0,False,False,True
0,1022,815,0,False,False,True
0,815,1022,0,False,False,True
0,1106,1341,0,False,False,True
0,1341,1106,0,False,False,True
0,1544,1526,0,False,False,True
0,1526,1544,0,False,False,True
0,400,18,0,False,False,True
0,18,400,0,False,False,True
0,400,381,0,False,False,True
0,381,400,0,False,False,True
0,1068,89,0,False,False,True
0,89,1068,0,False,False,True
0,1401,1039,0,False,False,True
0,1039,1401,0,False,False,True
0,108,548,0,False,False,True
0,548,108,0,False,False,True
0,1512,343,0,False,False,True
0,343,1512,0,False,False,True
0,940,607,0,False,False,True
0,607,940,0,False,False,True
0,132,997,0,False,False,True
0,997,132,0,False,False,True
0,132,953,0,False,False,True
0,953,132,0,False,False,True
0,1377,1196,0,False,False,True
0,1196,1377,0,False,False,True
0,1041,1366,0,False,False,True
0,1366,1041,0,False,False,True
0,559,756,0,False,False,True
0,756,559,0,False,False,True
0,1183,904,0,False,False,True
0,904,1183,0,False,False,True
0,1183,815,0,False,False,True
0,815,1183,0,False,False,True
0,30,1288,0,False,False,True
0,1288,30,0,False,False,True
0,30,549,0,False,False,True
0,549,30,0,False,False,True
0,30,120,0,False,False,True
0,120,30,0,False,False,True
0,30,38,0,False,False,True
0,38,30,0,False,False,True
0,496,960,0,False,False,True
0,960,496,0,False,False,True
0,496,523,0,False,False,True
0,523,496,0,False,False,True
0,496,836,0,False,False,True
0,836,496,0,False,False,True
0,421,1211,0,False,False,True
0,1211,421,0,False,False,True
0,421,1013,0,False,False,True
0,1013,421,0,False,False,True
0,421,1005,0,False,False,True
0,1005,421,0,False,False,True
0,381,1427,0,False,False,True
0,1427,381,0,False,False,True
0,89,1433,0,False,False,True
0,1433,89,0,False,False,True
0,15,11,0,False,False,True
0,11,15,0,False,False,True
0,15,1154,0,False,False,True
0,1154,15,0,False,False,True
0,15,888,0,False,False,True
0,888,15,0,False,False,True
0,1253,1014,0,False,False,True
0,1014,1253,0,False,False,True
0,1253,74,0,False,False,True
0,74,1253,0,False,False,True
0,1407,365,0,False,False,True
0,365,1407,0,False,False,True
0,997,1077,0,False,False,True
0,1077,997,0,False,False,True
0,1385,903,0,False,False,True
0,903,1385,0,False,False,True
0,1385,1593,0,False,False,True
0,1593,1385,0,False,False,True
0,1593,903,0,False,False,True
0,903,1593,0,False,False,True
0,903,1572,0,False,False,True
0,1572,903,0,False,False,True
0,1442,231,0,False,False,True
0,231,1442,0,False,False,True
0,756,1442,0,False,False,True
0,1442,756,0,False,False,True
0,549,120,0,False,False,True
0,120,549,0,False,False,True
0,1460,1049,0,False,False,True
0,1049,1460,0,False,False,True
0,338,1460,0,False,False,True
0,1460,338,0,False,False,True
0,904,1141,0,False,False,True
0,1141,904,0,False,False,True
0,815,904,0,False,False,True
0,904,815,0,False,False,True
0,1013,1585,0,False,False,True
0,1585,1013,0,False,False,True
0,1013,1005,0,False,False,True
0,1005,1013,0,False,False,True
0,1223,834,0,False,False,True
0,834,1223,0,False,False,True
0,1223,561,0,False,False,True
0,561,1223,0,False,False,True
0,935,1494,0,False,False,True
0,1494,935,0,False,False,True
0,935,343,0,False,False,True
0,343,935,0,False,False,True
0,343,423,0,False,False,True
0,423,343,0,False,False,True
0,936,298,0,False,False,True
0,298,936,0,False,False,True
0,936,530,0,False,False,True
0,530,936,0,False,False,True
0,936,1024,0,False,False,True
0,1024,936,0,False,False,True
0,607,1217,0,False,False,True
0,1217,607,0,False,False,True
0,365,721,0,False,False,True
0,721,365,0,False,False,True
0,1593,228,0,False,False,True
0,228,1593,0,False,False,True
0,95,1088,0,False,False,True
0,1088,95,0,False,False,True
0,1088,1506,0,False,False,True
0,1506,1088,0,False,False,True
0,1014,74,0,False,False,True
0,74,1014,0,False,False,True
0,74,238,0,False,False,True
0,238,74,0,False,False,True
0,1220,892,0,False,False,True
0,892,1220,0,False,False,True
0,1220,961,0,False,False,True
0,961,1220,0,False,False,True
0,815,1117,0,False,False,True
0,1117,815,0,False,False,True
0,1398,63,0,False,False,True
0,63,1398,0,False,False,True
0,1398,32,0,False,False,True
0,32,1398,0,False,False,True
0,513,1435,0,False,False,True
0,1435,513,0,False,False,True
0,513,1341,0,False,False,True
0,1341,513,0,False,False,True
0,812,439,0,False,False,True
0,439,812,0,False,False,True
0,439,140,0,False,False,True
0,140,439,0,False,False,True
0,1427,18,0,False,False,True
0,18,1427,0,False,False,True
0,18,1499,0,False,False,True
0,1499,18,0,False,False,True
0,812,140,0,False,False,True
0,140,812,0,False,False,True
0,1150,887,0,False,False,True
0,887,1150,0,False,False,True
0,11,1150,0,False,False,True
0,1150,11,0,False,False,True
0,1150,1154,0,False,False,True
0,1154,1150,0,False,False,True
0,561,24,0,False,False,True
0,24,561,0,False,False,True
0,961,565,0,False,False,True
0,565,961,0,False,False,True
0,1027,1276,0,False,False,True
0,1276,1027,0,False,False,True
0,45,1027,0,False,False,True
0,1027,45,0,False,False,True
0,1131,140,0,False,False,True
0,140,1131,0,False,False,True
0,1131,844,0,False,False,True
0,844,1131,0,False,False,True
0,1131,487,0,False,False,True
0,487,1131,0,False,False,True
0,888,11,0,False,False,True
0,11,888,0,False,False,True
0,1014,123,0,False,False,True
0,123,1014,0,False,False,True
0,24,358,0,False,False,True
0,358,24,0,False,False,True
0,24,834,0,False,False,True
0,834,24,0,False,False,True
0,1579,906,0,False,False,True
0,906,1579,0,False,False,True
0,906,235,0,False,False,True
0,235,906,0,False,False,True
0,95,1506,0,False,False,True
0,1506,95,0,False,False,True
0,45,924,0,False,False,True
0,924,45,0,False,False,True
0,847,1095,0,False,False,True
0,1095,847,0,False,False,True
0,847,1592,0,False,False,True
0,1592,847,0,False,False,True
0,1217,360,0,False,False,True
0,360,1217,0,False,False,True
0,953,1077,0,False,False,True
0,1077,953,0,False,False,True
0,953,1438,0,False,False,True
0,1438,953,0,False,False,True
0,1579,494,0,False,False,True
0,494,1579,0,False,False,True
0,1579,209,0,False,False,True
0,209,1579,0,False,False,True
0,1154,905,0,False,False,True
0,905,1154,0,False,False,True
0,888,1154,0,False,False,True
0,1154,888,0,False,False,True
0,1592,900,0,False,False,True
0,900,1592,0,False,False,True
0,523,960,0,False,False,True
0,960,523,0,False,False,True
0,756,503,0,False,False,True
0,503,756,0,False,False,True
0,471,1526,0,False,False,True
0,1526,471,0,False,False,True
0,1526,445,0,False,False,True
0,445,1526,0,False,False,True
0,1005,1211,0,False,False,True
0,1211,1005,0,False,False,True
0,1427,1408,0,False,False,True
0,1408,1427,0,False,False,True
0,235,494,0,False,False,True
0,494,235,0,False,False,True
0,32,567,0,False,False,True
0,567,32,0,False,False,True
0,1341,115,0,False,False,True
0,115,1341,0,False,False,True
0,120,1288,0,False,False,True
0,1288,120,0,False,False,True
0,1366,1311,0,False,False,True
0,1311,1366,0,False,False,True
0,1322,341,0,False,False,True
0,341,1322,0,False,False,True
0,1322,802,0,False,False,True
0,802,1322,0,False,False,True
0,834,699,0,False,False,True
0,699,834,0,False,False,True
0,1550,1136,0,False,False,True
0,1136,1550,0,False,False,True
0,900,1095,0,False,False,True
0,1095,900,0,False,False,True
0,900,460,0,False,False,True
0,460,900,0,False,False,True
0,1572,243,0,False,False,True
0,243,1572,0,False,False,True
0,1572,228,0,False,False,True
0,228,1572,0,False,False,True
0,1077,405,0,False,False,True
0,405,1077,0,False,False,True
0,1095,598,0,False,False,True
0,598,1095,0,False,False,True
0,555,1506,0,False,False,True
0,1506,555,0,False,False,True
0,802,1425,0,False,False,True
0,1425,802,0,False,False,True
0,471,1204,0,False,False,True
0,1204,471,0,False,False,True
0,1568,298,0,False,False,True
0,298,1568,0,False,False,True
0,1568,530,0,False,False,True
0,530,1568,0,False,False,True
0,487,140,0,False,False,True
0,140,487,0,False,False,True
0,487,844,0,False,False,True
0,844,487,0,False,False,True
0,338,90,0,False,False,True
0,90,338,0,False,False,True
0,960,836,0,False,False,True
0,836,960,0,False,False,True
0,209,1021,0,False,False,True
0,1021,209,0,False,False,True
0,363,209,0,False,False,True
0,209,363,0,False,False,True
0,1276,1218,0,False,False,True
0,1218,1276,0,False,False,True
0,1276,924,0,False,False,True
0,924,1276,0,False,False,True
0,565,892,0,False,False,True
0,892,565,0,False,False,True
0,892,633,0,False,False,True
0,633,892,0,False,False,True
0,567,63,0,False,False,True
0,63,567,0,False,False,True
0,567,616,0,False,False,True
0,616,567,0,False,False,True
0,423,1494,0,False,False,True
0,1494,423,0,False,False,True
0,1494,872,0,False,False,True
0,872,1494,0,False,False,True
0,1499,1408,0,False,False,True
0,1408,1499,0,False,False,True
0,1408,505,0,False,False,True
0,505,1408,0,False,False,True
0,238,123,0,False,False,True
0,123,238,0,False,False,True
0,123,1147,0,False,False,True
0,1147,123,0,False,False,True
0,90,1009,0,False,False,True
0,1009,90,0,False,False,True
0,1049,90,0,False,False,True
0,90,1049,0,False,False,True
0,548,983,0,False,False,True
0,983,548,0,False,False,True
0,158,548,0,False,False,True
0,548,158,0,False,False,True
0,1425,341,0,False,False,True
0,341,1425,0,False,False,True
0,1425,704,0,False,False,True
0,704,1425,0,False,False,True
0,924,122,0,False,False,True
0,122,924,0,False,False,True
0,494,363,0,False,False,True
0,363,494,0,False,False,True
0,1196,1410,0,False,False,True
0,1410,1196,0,False,False,True
0,1049,1452,0,False,False,True
0,1452,1049,0,False,False,True
0,341,827,0,False,False,True
0,827,341,0,False,False,True
0,1262,619,0,False,False,True
0,619,1262,0,False,False,True
0,1262,1305,0,False,False,True
0,1305,1262,0,False,False,True
0,619,259,0,False,False,True
0,259,619,0,False,False,True
0,721,619,0,False,False,True
0,619,721,0,False,False,True
0,231,17,0,False,False,True
0,17,231,0,False,False,True
0,231,503,0,False,False,True
0,503,231,0,False,False,True
0,565,826,0,False,False,True
0,826,565,0,False,False,True
0,872,657,0,False,False,True
0,657,872,0,False,False,True
0,872,159,0,False,False,True
0,159,872,0,False,False,True
0,1438,895,0,False,False,True
0,895,1438,0,False,False,True
0,405,1438,0,False,False,True
0,1438,405,0,False,False,True
0,1024,438,0,False,False,True
0,438,1024,0,False,False,True
0,1024,972,0,False,False,True
0,972,1024,0,False,False,True
0,423,159,0,False,False,True
0,159,423,0,False,False,True
0,159,429,0,False,False,True
0,429,159,0,False,False,True
0,1039,1046,0,False,False,True
0,1046,1039,0,False,False,True
0,238,1157,0,False,False,True
0,1157,238,0,False,False,True
0,115,1435,0,False,False,True
0,1435,115,0,False,False,True
0,1435,1514,0,False,False,True
0,1514,1435,0,False,False,True
0,63,1586,0,False,False,True
0,1586,63,0,False,False,True
0,298,972,0,False,False,True
0,972,298,0,False,False,True
0,972,1264,0,False,False,True
0,1264,972,0,False,False,True
0,598,460,0,False,False,True
0,460,598,0,False,False,True
0,460,864,0,False,False,True
0,864,460,0,False,False,True
0,1352,243,0,False,False,True
0,243,1352,0,False,False,True
0,243,949,0,False,False,True
0,949,243,0,False,False,True
0,699,358,0,False,False,True
0,358,699,0,False,False,True
0,699,461,0,False,False,True
0,461,699,0,False,False,True
0,598,1581,0,False,False,True
0,1581,598,0,False,False,True
0,1433,59,0,False,False,True
0,59,1433,0,False,False,True
0,115,1256,0,False,False,True
0,1256,115,0,False,False,True
0,405,1033,0,False,False,True
0,1033,405,0,False,False,True
0,1211,1585,0,False,False,True
0,1585,1211,0,False,False,True
0,1211,420,0,False,False,True
0,420,1211,0,False,False,True
0,122,1218,0,False,False,True
0,1218,122,0,False,False,True
0,122,687,0,False,False,True
0,687,122,0,False,False,True
0,1499,1170,0,False,False,True
0,1170,1499,0,False,False,True
0,1352,69,0,False,False,True
0,69,1352,0,False,False,True
0,228,1352,0,False,False,True
0,1352,228,0,False,False,True
0,1311,330,0,False,False,True
0,330,1311,0,False,False,True
0,1218,1326,0,False,False,True
0,1326,1218,0,False,False,True
0,358,1414,0,False,False,True
0,1414,358,0,False,False,True
0,363,576,0,False,False,True
0,576,363,0,False,False,True
0,1585,660,0,False,False,True
0,660,1585,0,False,False,True
0,1288,38,0,False,False,True
0,38,1288,0,False,False,True
0,158,1132,0,False,False,True
0,1132,158,0,False,False,True
0,445,1204,0,False,False,True
0,1204,445,0,False,False,True
0,445,1188,0,False,False,True
0,1188,445,0,False,False,True
0,905,887,0,False,False,True
0,887,905,0,False,False,True
0,905,686,0,False,False,True
0,686,905,0,False,False,True
0,360,1268,0,False,False,True
0,1268,360,0,False,False,True
0,633,789,0,False,False,True
0,789,633,0,False,False,True
0,633,826,0,False,False,True
0,826,633,0,False,False,True
0,887,334,0,False,False,True
0,334,887,0,False,False,True
0,1141,1117,0,False,False,True
0,1117,1141,0,False,False,True
0,1117,165,0,False,False,True
0,165,1117,0,False,False,True
0,140,116,0,False,False,True
0,116,140,0,False,False,True
0,826,776,0,False,False,True
0,776,826,0,False,False,True
0,1204,1351,0,False,False,True
0,1351,1204,0,False,False,True
0,1141,594,0,False,False,True
0,594,1141,0,False,False,True
0,503,81,0,False,False,True
0,81,503,0,False,False,True
0,1326,687,0,False,False,True
0,687,1326,0,False,False,True
0,259,1305,0,False,False,True
0,1305,259,0,False,False,True
0,165,594,0,False,False,True
0,594,165,0,False,False,True
0,844,116,0,False,False,True
0,116,844,0,False,False,True
0,81,17,0,False,False,True
0,17,81,0,False,False,True
0,1147,1157,0,False,False,True
0,1157,1147,0,False,False,True
0,505,1170,0,False,False,True
0,1170,505,0,False,False,True
0,1514,1256,0,False,False,True
0,1256,1514,0,False,False,True
0,1009,1452,0,False,False,True
0,1452,1009,0,False,False,True
0,1414,461,0,False,False,True
0,461,1414,0,False,False,True
0,1351,1188,0,False,False,True
0,1188,1351,0,False,False,True
0,429,657,0,False,False,True
0,657,429,0,False,False,True
0,1021,576,0,False,False,True
0,576,1021,0,False,False,True
0,864,1581,0,False,False,True
0,1581,864,0,False,False,True
0,334,686,0,False,False,True
0,686,334,0,False,False,True
0,660,420,0,False,False,True
0,420,660,0,False,False,True
0,1586,616,0,False,False,True
0,616,1586,0,False,False,True
0,683,59,0,False,False,True
0,59,683,0,False,False,True
0,827,704,0,False,False,True
0,704,827,0,False,False,True
0,895,1033,0,False,False,True
0,1033,895,0,False,False,True
0,1264,438,0,False,False,True
0,438,1264,0,False,False,True
0,776,789,0,False,False,True
0,789,776,0,False,False,True
0,949,69,0,False,False,True
0,69,949,0,False,False,True
0,983,1132,0,False,False,True
0,1132,983,0,False,False,True
0,1028,2,0,False,False,True
0,2,1028,0,False,False,True
