# Rhino

g object_1
v 138.61756896972656 0 -351.54876708984375
v 138.70108032226562 0 -351.54876708984375
v 138.70108032226562 0 -349.05364990234375
v 140.31556701660156 0 -349.05364990234375
v 140.31556701660156 0 -348.965576171875
v 138.70108032226562 0 -348.965576171875
v 138.70108032226562 0 -347.17498779296875
v 138.62092590332031 0 -347.17498779296875
v 138.62138366699219 0 -346.587890625
v 138.62246704101562 0 -345.1741943359375
v 142.74250793457031 0 -345.17547607421875
v 142.74380493164062 0 -347.17498779296875
v 142.65608215332031 0 -347.17498779296875
v 142.65608215332031 0 -347.43917846679688
v 141.02006530761719 0 -347.43917846679688
v 141.02006530761719 0 -349.05364990234375
v 142.63453674316406 0 -349.05364990234375
v 142.63453674316406 0 -351.54879760742188
v 142.72160339355469 0 -351.54879760742188
v 142.72261047363281 0 -357.47830200195312
v 138.61302185058594 0 -357.47830200195312
v 142.55879211425781 0 -350.48516845703125
v 140.66519165039062 0 -350.48516845703125
v 140.66519165039062 0 -353.85003662109375
v 142.55879211425781 0 -353.85003662109375
f 9 7 8
f 10 7 9
f 6 7 5
f 10 5 7
f 5 10 15
f 1 2 21
f 23 2 4
f 3 4 2
f 4 16 23
f 24 21 2
f 23 24 2
f 16 4 5
f 13 14 15
f 12 13 11
f 15 11 13
f 11 15 10
f 23 16 22
f 17 22 16
f 25 22 18
f 25 18 19
f 17 18 22
f 24 25 20
f 19 20 25
f 21 24 20
f 15 16 5
g object_2
v 240.03239440917969 0 -357.47506713867188
v 244.14198303222656 0 -357.47506713867188
v 244.14198303222656 0 -349.0504150390625
v 244.2593994140625 0 -349.0504150390625
v 244.2593994140625 0 -355.52627563476562
v 247.26954650878906 0 -355.52627563476562
v 247.26954650878906 0 -335.26931762695312
v 244.26809692382812 0 -335.26931762695312
v 244.258544921875 0 -347.6976318359375
v 242.73030090332031 0 -347.69708251953125
v 242.73033142089844 0 -347.6090087890625
v 244.14106750488281 0 -347.60952758789062
v 244.14204406738281 0 -346.02325439453125
v 240.04075622558594 0 -346.02325439453125
v 240.04031372070312 0 -347.1717529296875
v 240.12045288085938 0 -347.1717529296875
v 240.12045288085938 0 -347.60809326171875
v 241.53033447265625 0 -347.60858154296875
v 241.53030395507812 0 -347.6966552734375
v 240.12043762207031 0 -347.69613647460938
v 240.12045288085938 0 -351.5455322265625
v 240.03695678710938 0 -351.5455322265625
v 240.17710876464844 0 -353.84860229492188
v 240.17710876464844 0 -350.48373413085938
v 242.07070922851562 0 -350.48373413085938
v 242.07070922851562 0 -353.84860229492188
f 46 47 48
f 26 48 47
f 45 46 49
f 46 48 49
f 26 51 48
f 50 44 49
f 51 26 27
f 41 39 40
f 44 35 43
f 43 41 42
f 41 43 39
f 44 45 49
f 39 43 38
f 28 50 51
f 51 27 28
f 35 50 28
f 29 30 31
f 34 29 31
f 34 28 29
f 35 28 34
f 38 36 37
f 35 36 43
f 33 34 32
f 32 34 31
f 38 43 36
f 35 44 50
g object_3
v 141.10812377929688 0 -348.965576171875
v 141.10812377929688 0 -347.5272216796875
v 142.63453674316406 0 -348.965576171875
v 142.63453674316406 0 -347.5272216796875
f 55 53 52 54
g object_4
v 121.70243072509766 0 -333.37850952148438
v 121.70243072509766 0 -339.27871704101562
v 121.79048919677734 0 -339.27871704101562
v 121.79048919677734 0 -343.65249633789062
v 121.70243072509766 0 -343.65249633789062
v 121.70243072509766 0 -345.06253051757812
v 123.53194427490234 0 -345.06149291992188
v 123.53194427490234 0 -343.65249633789062
v 122.88615417480469 0 -343.65249633789062
v 122.88615417480469 0 -342.00863647460938
v 122.7393798828125 0 -342.00863647460938
v 122.7393798828125 0 -341.8912353515625
v 122.97421264648438 0 -341.8912353515625
v 122.97421264648438 0 -342.36090087890625
v 123.79613494873047 0 -342.36090087890625
v 123.79613494873047 0 -341.8912353515625
v 123.91355133056641 0 -341.8912353515625
v 123.91355133056641 0 -342.47830200195312
v 122.97421264648438 0 -342.47830200195312
v 122.97421264648438 0 -343.53506469726562
v 123.79613494873047 0 -343.53506469726562
v 123.79613494873047 0 -343.03604125976562
v 123.91355133056641 0 -343.03604125976562
v 123.91355133056641 0 -343.65249633789062
v 123.64936065673828 0 -343.65249633789062
v 123.64936065673828 0 -344.29827880859375
v 123.91355133056641 0 -344.29827880859375
v 123.91355133056641 0 -344.41567993164062
v 123.64936065673828 0 -344.41567993164062
v 123.64936065673828 0 -345.06149291992188
v 123.91355133056641 0 -345.06149291992188
v 123.91355133056641 0 -345.17889404296875
v 121.70243072509766 0 -345.17889404296875
v 121.70243072509766 0 -345.85614013671875
v 122.85514068603516 0 -345.85614013671875
v 122.85514068603516 0 -346.82760620117188
v 122.76708221435547 0 -346.82760620117188
v 122.76708221435547 0 -345.9442138671875
v 121.70243072509766 0 -345.9442138671875
v 121.70243072509766 0 -347.17498779296875
v 121.79048919677734 0 -347.17498779296875
v 121.79048919677734 0 -347.35110473632812
v 122.85679626464844 0 -347.35110473632812
v 122.85679626464844 0 -347.46853637695312
v 121.79048919677734 0 -347.46853637695312
v 121.79048919677734 0 -348.90689086914062
v 122.88615417480469 0 -348.90689086914062
v 122.88615417480469 0 -349.5233154296875
v 122.79808807373047 0 -349.5233154296875
v 122.79808807373047 0 -349.05364990234375
v 122.56325531005859 0 -349.05364990234375
v 122.56325531005859 0 -349.5233154296875
v 122.47519683837891 0 -349.5233154296875
v 122.47519683837891 0 -349.05364990234375
v 121.79048919677734 0 -349.05364990234375
v 121.79048919677734 0 -351.54876708984375
v 121.70243072509766 0 -351.54876708984375
v 121.70243072509766 0 -357.47830200195312
v 125.83048248291016 0 -357.47830200195312
v 125.83181762695312 0 -349.05364990234375
v 125.09796142578125 0 -349.05364990234375
v 125.09796142578125 0 -349.5233154296875
v 124.98054504394531 0 -349.5233154296875
v 124.98054504394531 0 -349.05364990234375
v 124.77506256103516 0 -349.05364990234375
v 124.77506256103516 0 -349.5233154296875
v 124.6282958984375 0 -349.5233154296875
v 124.6282958984375 0 -348.90689086914062
v 125.83181762695312 0 -348.90689086914062
v 125.83181762695312 0 -347.46853637695312
v 124.6282958984375 0 -347.46853637695312
v 124.6282958984375 0 -347.35110473632812
v 125.83181762695312 0 -347.35110473632812
v 125.83181762695312 0 -346.29437255859375
v 125.03925323486328 0 -346.29437255859375
v 125.03925323486328 0 -346.206298828125
v 125.83181762695312 0 -346.206298828125
v 125.83181762695312 0 -345.208251953125
v 125.03925323486328 0 -345.208251953125
v 125.03925323486328 0 -345.09085083007812
v 125.83181762695312 0 -345.09085083007812
v 125.83181762695312 0 -344.56246948242188
v 125.03925323486328 0 -344.56246948242188
v 125.03925323486328 0 -343.94601440429688
v 125.15666961669922 0 -343.94601440429688
v 125.15666961669922 0 -344.47439575195312
v 125.83181762695312 0 -344.47439575195312
v 125.83115386962891 0 -333.37850952148438
v 122.7393798828125 0 -341.03994750976562
v 124.73546600341797 0 -341.03994750976562
v 124.73546600341797 0 -341.12802124023438
v 122.7393798828125 0 -341.12802124023438
v 123.71767425537109 0 -353.8970947265625
v 123.80573272705078 0 -353.8970947265625
v 123.80573272705078 0 -355.65835571289062
v 123.71767425537109 0 -355.65835571289062
v 123.71767425537109 0 -352.09710693359375
v 123.71767425537109 0 -347.35110473632812
v 123.80573272705078 0 -347.35110473632812
v 123.80573272705078 0 -352.09710693359375
f 111 112 113
f 108 111 113
f 109 110 108
f 111 108 110
f 108 113 107
f 96 94 95
f 99 100 101 102
f 96 93 94
f 97 92 96
f 105 106 107 104
f 104 107 113
f 148 152 103
f 103 104 148
f 104 151 148
f 153 102 103
f 104 113 151
f 96 92 93
f 99 153 98
f 153 87 90
f 98 91 92
f 153 91 98
f 98 92 97
f 102 153 99
f 151 113 150
f 87 88 89 90
f 61 59 60
f 59 61 64
f 66 67 59
f 56 57 58
f 144 56 58
f 144 58 147
f 147 58 59
f 147 68 71
f 59 67 147
f 71 72 146
f 61 62 64
f 91 153 90
f 64 62 63
f 66 64 65
f 83 84 85 86
f 69 70 71 68
f 147 71 146
f 74 75 77
f 67 68 147
f 80 81 82 79
f 64 66 59
f 103 152 153
f 122 149 150
f 155 148 149
f 155 149 122
f 121 122 150
f 154 155 122
f 121 150 114
f 123 154 122
f 126 154 123
f 154 126 127
f 154 127 87
f 119 120 121 118
f 148 155 152
f 114 117 118
f 116 117 115
f 114 115 117
f 114 118 121
f 128 130 127
f 128 129 130
f 130 131 127
f 124 125 126 123
f 133 134 131 132
f 114 150 113
f 127 131 134
f 83 127 82
f 127 83 86
f 146 79 82
f 87 127 86
f 73 74 77
f 77 78 73
f 146 73 78
f 146 72 73
f 78 79 146
f 75 76 77
f 139 127 138
f 127 139 82
f 137 138 135
f 137 135 136
f 140 145 146
f 139 146 82
f 139 140 146
f 140 141 142
f 140 142 145
f 143 145 142
f 143 56 145
f 127 135 138
f 135 127 134
f 145 56 144
f 87 153 154
g object_5
v 134.40452575683594 0 -357.47830200195312
v 138.49432373046875 0 -357.47830200195312
v 138.49432373046875 0 -355.452880859375
v 138.49432373046875 0 -351.54876708984375
v 138.40625 0 -351.54876708984375
v 138.40625 0 -349.05364990234375
v 137.7215576171875 0 -349.05364990234375
v 137.7215576171875 0 -349.5233154296875
v 137.63348388671875 0 -349.5233154296875
v 137.63348388671875 0 -349.05364990234375
v 137.39865112304688 0 -349.05364990234375
v 137.39865112304688 0 -349.5233154296875
v 137.31059265136719 0 -349.5233154296875
v 137.31059265136719 0 -348.90689086914062
v 138.40625 0 -348.90689086914062
v 138.40625 0 -347.46853637695312
v 137.33995056152344 0 -347.46853637695312
v 137.33995056152344 0 -347.35110473632812
v 138.40625 0 -347.35110473632812
v 138.40625 0 -347.17498779296875
v 138.49432373046875 0 -347.17498779296875
v 138.49432373046875 0 -345.9442138671875
v 137.42965698242188 0 -345.9442138671875
v 137.42965698242188 0 -346.82760620117188
v 137.34159851074219 0 -346.82760620117188
v 137.34159851074219 0 -345.85614013671875
v 138.49432373046875 0 -345.85614013671875
v 138.49432373046875 0 -345.17889404296875
v 136.28318786621094 0 -345.17889404296875
v 136.28318786621094 0 -345.06149291992188
v 136.54737854003906 0 -345.06149291992188
v 136.54737854003906 0 -344.41567993164062
v 136.28318786621094 0 -344.41567993164062
v 136.28318786621094 0 -344.29827880859375
v 136.54737854003906 0 -344.29827880859375
v 136.54737854003906 0 -343.65249633789062
v 136.28318786621094 0 -343.65249633789062
v 136.28318786621094 0 -343.03604125976562
v 136.40060424804688 0 -343.03604125976562
v 136.40060424804688 0 -343.53506469726562
v 137.2225341796875 0 -343.53506469726562
v 137.2225341796875 0 -342.47830200195312
v 136.28318786621094 0 -342.47830200195312
v 136.28318786621094 0 -341.8912353515625
v 136.40060424804688 0 -341.8912353515625
v 136.40060424804688 0 -342.36090087890625
v 137.2225341796875 0 -342.36090087890625
v 137.2225341796875 0 -341.8912353515625
v 137.45736694335938 0 -341.8912353515625
v 137.45736694335938 0 -342.00863647460938
v 137.31059265136719 0 -342.00863647460938
v 137.31059265136719 0 -343.65249633789062
v 136.664794921875 0 -343.65249633789062
v 136.664794921875 0 -345.06149291992188
v 138.49432373046875 0 -345.06253051757812
v 138.49432373046875 0 -343.65249633789062
v 138.40625 0 -343.65249633789062
v 138.40625 0 -339.27871704101562
v 138.49432373046875 0 -339.27871704101562
v 138.49432373046875 0 -333.37850952148438
v 134.40516662597656 0 -333.37850952148438
v 134.40452575683594 0 -344.47439575195312
v 135.07966613769531 0 -344.47439575195312
v 135.07966613769531 0 -343.94601440429688
v 135.19708251953125 0 -343.94601440429688
v 135.19708251953125 0 -344.56246948242188
v 134.40452575683594 0 -344.56246948242188
v 134.40452575683594 0 -345.09085083007812
v 135.16773986816406 0 -345.09085083007812
v 135.16773986816406 0 -345.208251953125
v 134.40452575683594 0 -345.208251953125
v 134.40452575683594 0 -346.206298828125
v 135.16773986816406 0 -346.206298828125
v 135.16773986816406 0 -346.29437255859375
v 134.40452575683594 0 -346.29437255859375
v 134.40452575683594 0 -347.35110473632812
v 135.57868957519531 0 -347.35110473632812
v 135.57868957519531 0 -347.46853637695312
v 134.40452575683594 0 -347.46853637695312
v 134.40452575683594 0 -348.90689086914062
v 135.57868957519531 0 -348.90689086914062
v 135.57868957519531 0 -349.5233154296875
v 135.46127319335938 0 -349.5233154296875
v 135.46127319335938 0 -349.05364990234375
v 135.25579833984375 0 -349.05364990234375
v 135.25579833984375 0 -349.5233154296875
v 135.16773986816406 0 -349.5233154296875
v 135.16773986816406 0 -349.05364990234375
v 134.40452575683594 0 -349.05364990234375
v 137.4388427734375 0 -341.03994750976562
v 137.4388427734375 0 -341.12802124023438
v 135.44276428222656 0 -341.12802124023438
v 135.44276428222656 0 -341.03994750976562
v 136.40060424804688 0 -352.09710693359375
v 136.40060424804688 0 -347.35110473632812
v 136.48867797851562 0 -347.35110473632812
v 136.48867797851562 0 -352.09710693359375
v 136.40060424804688 0 -353.8970947265625
v 136.48867797851562 0 -353.8970947265625
v 136.48867797851562 0 -355.65835571289062
v 136.40060424804688 0 -355.65835571289062
f 242 244 156
f 156 241 242
f 244 242 243
f 241 156 238
f 234 235 236 233
f 229 230 231
f 229 232 228
f 228 225 226 227
f 238 253 237
f 240 241 238 239
f 256 253 238
f 249 237 253
f 167 254 255
f 252 249 253
f 255 256 156
f 250 233 236
f 225 228 232
f 233 250 232
f 250 236 237
f 232 229 231
f 250 237 249
f 251 184 250
f 256 238 156
f 255 156 157
f 250 184 232
f 222 223 224
f 224 225 221
f 220 221 189 192
f 221 222 224
f 217 248 216
f 218 219 217
f 247 219 220
f 220 192 247
f 248 217 219
f 219 247 248
f 221 225 232
f 189 232 188
f 188 185 186 187
f 189 221 232
f 192 189 190 191
f 192 193 247
f 247 198 199
f 198 247 193
f 194 198 193
f 199 200 247
f 196 194 195
f 246 247 200 203
f 197 198 194
f 188 232 185
f 232 184 185
f 253 254 252
f 168 251 252
f 168 252 254
f 169 251 168
f 166 167 164 165
f 167 158 164
f 168 254 167
f 173 251 172
f 169 172 251
f 173 180 251
f 173 179 180
f 171 172 169 170
f 180 181 251
f 158 160 163
f 163 160 161
f 164 158 163
f 160 158 159
f 158 167 255
f 163 161 162
f 179 173 174
f 178 175 177
f 175 179 174
f 178 179 175
f 158 255 157
f 176 177 175
f 183 184 181 182
f 196 197 194
f 208 209 207
f 205 206 207
f 202 203 200 201
f 210 207 209
f 207 212 205
f 210 212 207
f 212 210 211
f 204 245 246
f 246 203 204
f 215 216 245
f 245 213 215
f 204 205 212
f 213 214 215
f 212 213 204
f 204 213 245
f 245 216 248
f 184 251 181
g object_6
v 125.9425048828125 0 -357.47830200195312
v 130.03228759765625 0 -357.47830200195312
v 130.03228759765625 0 -355.452880859375
v 130.03228759765625 0 -351.54876708984375
v 129.94422912597656 0 -351.54876708984375
v 129.94422912597656 0 -349.05364990234375
v 129.259521484375 0 -349.05364990234375
v 129.259521484375 0 -349.5233154296875
v 129.17146301269531 0 -349.5233154296875
v 129.17146301269531 0 -349.05364990234375
v 128.93663024902344 0 -349.05364990234375
v 128.93663024902344 0 -349.5233154296875
v 128.84857177734375 0 -349.5233154296875
v 128.84857177734375 0 -348.90689086914062
v 129.94422912597656 0 -348.90689086914062
v 129.94422912597656 0 -347.46853637695312
v 128.8779296875 0 -347.46853637695312
v 128.8779296875 0 -347.35110473632812
v 129.94422912597656 0 -347.35110473632812
v 129.94422912597656 0 -347.17498779296875
v 130.03228759765625 0 -347.17498779296875
v 130.03228759765625 0 -345.9442138671875
v 128.96763610839844 0 -345.9442138671875
v 128.96763610839844 0 -346.82760620117188
v 128.87957763671875 0 -346.82760620117188
v 128.87957763671875 0 -345.85614013671875
v 130.03228759765625 0 -345.85614013671875
v 130.03228759765625 0 -345.17889404296875
v 127.82117462158203 0 -345.17889404296875
v 127.82117462158203 0 -345.06149291992188
v 128.08535766601562 0 -345.06149291992188
v 128.08535766601562 0 -344.41567993164062
v 127.82117462158203 0 -344.41567993164062
v 127.82117462158203 0 -344.29827880859375
v 128.08535766601562 0 -344.29827880859375
v 128.08535766601562 0 -343.65249633789062
v 127.82117462158203 0 -343.65249633789062
v 127.82117462158203 0 -343.03604125976562
v 127.93859100341797 0 -343.03604125976562
v 127.93859100341797 0 -343.53506469726562
v 128.76051330566406 0 -343.53506469726562
v 128.76051330566406 0 -342.47830200195312
v 127.82117462158203 0 -342.47830200195312
v 127.82117462158203 0 -341.8912353515625
v 127.93859100341797 0 -341.8912353515625
v 127.93859100341797 0 -342.36090087890625
v 128.76051330566406 0 -342.36090087890625
v 128.76051330566406 0 -341.8912353515625
v 128.99534606933594 0 -341.8912353515625
v 128.99534606933594 0 -342.00863647460938
v 128.84857177734375 0 -342.00863647460938
v 128.84857177734375 0 -343.65249633789062
v 128.20277404785156 0 -343.65249633789062
v 128.20277404785156 0 -345.06149291992188
v 130.03228759765625 0 -345.06253051757812
v 130.03228759765625 0 -343.65249633789062
v 129.94422912597656 0 -343.65249633789062
v 129.94422912597656 0 -339.27871704101562
v 130.03228759765625 0 -339.27871704101562
v 130.03228759765625 0 -333.37850952148438
v 125.94314575195312 0 -333.37850952148438
v 125.9425048828125 0 -344.47439575195312
v 126.61765289306641 0 -344.47439575195312
v 126.61765289306641 0 -343.94601440429688
v 126.73506927490234 0 -343.94601440429688
v 126.73506927490234 0 -344.56246948242188
v 125.9425048828125 0 -344.56246948242188
v 125.9425048828125 0 -345.09085083007812
v 126.70571136474609 0 -345.09085083007812
v 126.70571136474609 0 -345.208251953125
v 125.9425048828125 0 -345.208251953125
v 125.9425048828125 0 -346.206298828125
v 126.70571136474609 0 -346.206298828125
v 126.70571136474609 0 -346.29437255859375
v 125.9425048828125 0 -346.29437255859375
v 125.9425048828125 0 -347.35110473632812
v 127.11666870117188 0 -347.35110473632812
v 127.11666870117188 0 -347.46853637695312
v 125.9425048828125 0 -347.46853637695312
v 125.9425048828125 0 -348.90689086914062
v 127.11666870117188 0 -348.90689086914062
v 127.11666870117188 0 -349.5233154296875
v 126.99925231933594 0 -349.5233154296875
v 126.99925231933594 0 -349.05364990234375
v 126.79377746582031 0 -349.05364990234375
v 126.79377746582031 0 -349.5233154296875
v 126.70571136474609 0 -349.5233154296875
v 126.70571136474609 0 -349.05364990234375
v 125.9425048828125 0 -349.05364990234375
v 128.97682189941406 0 -341.03994750976562
v 128.97682189941406 0 -341.12802124023438
v 126.98073577880859 0 -341.12802124023438
v 126.98073577880859 0 -341.03994750976562
v 127.93859100341797 0 -352.09710693359375
v 127.93859100341797 0 -347.35110473632812
v 128.02665710449219 0 -347.35110473632812
v 128.02665710449219 0 -352.09710693359375
v 127.93859100341797 0 -353.8970947265625
v 128.02665710449219 0 -353.8970947265625
v 128.02665710449219 0 -355.65835571289062
v 127.93859100341797 0 -355.65835571289062
f 343 345 257
f 257 342 343
f 345 343 344
f 342 257 339
f 335 336 337 334
f 330 331 332
f 330 333 329
f 329 326 327 328
f 339 354 338
f 341 342 339 340
f 357 354 339
f 350 338 354
f 268 355 356
f 353 350 354
f 356 357 257
f 351 334 337
f 326 329 333
f 334 351 333
f 351 337 338
f 333 330 332
f 351 338 350
f 352 285 351
f 357 339 257
f 356 257 258
f 351 285 333
f 323 324 325
f 325 326 322
f 321 322 290 293
f 322 323 325
f 318 349 317
f 319 320 318
f 348 320 321
f 321 293 348
f 349 318 320
f 320 348 349
f 322 326 333
f 290 333 289
f 289 286 287 288
f 290 322 333
f 293 290 291 292
f 293 294 348
f 348 299 300
f 299 348 294
f 295 299 294
f 300 301 348
f 297 295 296
f 347 348 301 304
f 298 299 295
f 289 333 286
f 333 285 286
f 354 355 353
f 269 352 353
f 269 353 355
f 270 352 269
f 267 268 265 266
f 268 259 265
f 269 355 268
f 274 352 273
f 270 273 352
f 274 281 352
f 274 280 281
f 272 273 270 271
f 281 282 352
f 259 261 264
f 264 261 262
f 265 259 264
f 261 259 260
f 259 268 356
f 264 262 263
f 280 274 275
f 279 276 278
f 276 280 275
f 279 280 276
f 259 356 258
f 277 278 276
f 284 285 282 283
f 297 298 295
f 309 310 308
f 306 307 308
f 303 304 301 302
f 311 308 310
f 308 313 306
f 311 313 308
f 313 311 312
f 305 346 347
f 347 304 305
f 316 317 346
f 346 314 316
f 305 306 313
f 314 315 316
f 313 314 305
f 305 314 346
f 346 317 349
f 285 352 282
g object_7
v 130.16444396972656 0 -333.37850952148438
v 130.16444396972656 0 -339.27871704101562
v 130.25251770019531 0 -339.27871704101562
v 130.25251770019531 0 -343.65249633789062
v 130.16444396972656 0 -343.65249633789062
v 130.16444396972656 0 -345.06253051757812
v 131.99397277832031 0 -345.06149291992188
v 131.99397277832031 0 -343.65249633789062
v 131.34817504882812 0 -343.65249633789062
v 131.34817504882812 0 -342.00863647460938
v 131.20140075683594 0 -342.00863647460938
v 131.20140075683594 0 -341.8912353515625
v 131.43623352050781 0 -341.8912353515625
v 131.43623352050781 0 -342.36090087890625
v 132.25814819335938 0 -342.36090087890625
v 132.25814819335938 0 -341.8912353515625
v 132.37556457519531 0 -341.8912353515625
v 132.37556457519531 0 -342.47830200195312
v 131.43623352050781 0 -342.47830200195312
v 131.43623352050781 0 -343.53506469726562
v 132.25814819335938 0 -343.53506469726562
v 132.25814819335938 0 -343.03604125976562
v 132.37556457519531 0 -343.03604125976562
v 132.37556457519531 0 -343.65249633789062
v 132.11138916015625 0 -343.65249633789062
v 132.11138916015625 0 -344.29827880859375
v 132.37556457519531 0 -344.29827880859375
v 132.37556457519531 0 -344.41567993164062
v 132.11138916015625 0 -344.41567993164062
v 132.11138916015625 0 -345.06149291992188
v 132.37556457519531 0 -345.06149291992188
v 132.37556457519531 0 -345.17889404296875
v 130.16444396972656 0 -345.17889404296875
v 130.16444396972656 0 -345.85614013671875
v 131.31716918945312 0 -345.85614013671875
v 131.31716918945312 0 -346.82760620117188
v 131.22909545898438 0 -346.82760620117188
v 131.22909545898438 0 -345.9442138671875
v 130.16444396972656 0 -345.9442138671875
v 130.16444396972656 0 -347.17498779296875
v 130.25251770019531 0 -347.17498779296875
v 130.25251770019531 0 -347.35110473632812
v 131.31881713867188 0 -347.35110473632812
v 131.31881713867188 0 -347.46853637695312
v 130.25251770019531 0 -347.46853637695312
v 130.25251770019531 0 -348.90689086914062
v 131.34817504882812 0 -348.90689086914062
v 131.34817504882812 0 -349.5233154296875
v 131.26011657714844 0 -349.5233154296875
v 131.26011657714844 0 -349.05364990234375
v 131.02528381347656 0 -349.05364990234375
v 131.02528381347656 0 -349.5233154296875
v 130.93721008300781 0 -349.5233154296875
v 130.93721008300781 0 -349.05364990234375
v 130.25251770019531 0 -349.05364990234375
v 130.25251770019531 0 -351.54876708984375
v 130.16444396972656 0 -351.54876708984375
v 130.16444396972656 0 -357.47830200195312
v 134.29251098632812 0 -357.47830200195312
v 134.29383850097656 0 -349.05364990234375
v 133.55998229980469 0 -349.05364990234375
v 133.55998229980469 0 -349.5233154296875
v 133.44256591796875 0 -349.5233154296875
v 133.44256591796875 0 -349.05364990234375
v 133.23709106445312 0 -349.05364990234375
v 133.23709106445312 0 -349.5233154296875
v 133.09031677246094 0 -349.5233154296875
v 133.09031677246094 0 -348.90689086914062
v 134.29383850097656 0 -348.90689086914062
v 134.29383850097656 0 -347.46853637695312
v 133.09031677246094 0 -347.46853637695312
v 133.09031677246094 0 -347.35110473632812
v 134.29383850097656 0 -347.35110473632812
v 134.29383850097656 0 -346.29437255859375
v 133.50126647949219 0 -346.29437255859375
v 133.50126647949219 0 -346.206298828125
v 134.29383850097656 0 -346.206298828125
v 134.29383850097656 0 -345.208251953125
v 133.50126647949219 0 -345.208251953125
v 133.50126647949219 0 -345.09085083007812
v 134.29383850097656 0 -345.09085083007812
v 134.29383850097656 0 -344.56246948242188
v 133.50126647949219 0 -344.56246948242188
v 133.50126647949219 0 -343.94601440429688
v 133.61868286132812 0 -343.94601440429688
v 133.61868286132812 0 -344.47439575195312
v 134.29383850097656 0 -344.47439575195312
v 134.29316711425781 0 -333.37850952148438
v 131.20140075683594 0 -341.03994750976562
v 133.19749450683594 0 -341.03994750976562
v 133.19749450683594 0 -341.12802124023438
v 131.20140075683594 0 -341.12802124023438
v 132.1796875 0 -353.8970947265625
v 132.26776123046875 0 -353.8970947265625
v 132.26776123046875 0 -355.65835571289062
v 132.1796875 0 -355.65835571289062
v 132.1796875 0 -352.09710693359375
v 132.1796875 0 -347.35110473632812
v 132.26776123046875 0 -347.35110473632812
v 132.26776123046875 0 -352.09710693359375
f 413 414 415
f 410 413 415
f 411 412 410
f 413 410 412
f 410 415 409
f 398 396 397
f 401 402 403 404
f 398 395 396
f 399 394 398
f 407 408 409 406
f 406 409 415
f 450 454 405
f 405 406 450
f 406 453 450
f 455 404 405
f 406 415 453
f 398 394 395
f 401 455 400
f 455 389 392
f 400 393 394
f 455 393 400
f 400 394 399
f 404 455 401
f 453 415 452
f 389 390 391 392
f 363 361 362
f 361 363 366
f 368 369 361
f 358 359 360
f 446 358 360
f 446 360 449
f 449 360 361
f 449 370 373
f 361 369 449
f 373 374 448
f 363 364 366
f 393 455 392
f 366 364 365
f 368 366 367
f 385 386 387 388
f 371 372 373 370
f 449 373 448
f 376 377 379
f 369 370 449
f 382 383 384 381
f 366 368 361
f 405 454 455
f 424 451 452
f 457 450 451
f 457 451 424
f 423 424 452
f 456 457 424
f 423 452 416
f 425 456 424
f 428 456 425
f 456 428 429
f 456 429 389
f 421 422 423 420
f 450 457 454
f 416 419 420
f 418 419 417
f 416 417 419
f 416 420 423
f 430 432 429
f 430 431 432
f 432 433 429
f 426 427 428 425
f 435 436 433 434
f 416 452 415
f 429 433 436
f 385 429 384
f 429 385 388
f 448 381 384
f 389 429 388
f 375 376 379
f 379 380 375
f 448 375 380
f 448 374 375
f 380 381 448
f 377 378 379
f 441 429 440
f 429 441 384
f 439 440 437
f 439 437 438
f 442 447 448
f 441 448 384
f 441 442 448
f 442 443 444
f 442 444 447
f 445 447 444
f 445 358 447
f 429 437 440
f 437 429 436
f 447 358 446
f 389 455 456
g object_8
v 147.09928894042969 0 -357.47830200195312
v 151.1890869140625 0 -357.47830200195312
v 151.1890869140625 0 -355.452880859375
v 151.1890869140625 0 -351.54876708984375
v 151.10102844238281 0 -351.54876708984375
v 151.10102844238281 0 -349.05364990234375
v 150.41632080078125 0 -349.05364990234375
v 150.41632080078125 0 -349.5233154296875
v 150.32826232910156 0 -349.5233154296875
v 150.32826232910156 0 -349.05364990234375
v 150.09342956542969 0 -349.05364990234375
v 150.09342956542969 0 -349.5233154296875
v 150.00535583496094 0 -349.5233154296875
v 150.00535583496094 0 -348.90689086914062
v 151.10102844238281 0 -348.90689086914062
v 151.10102844238281 0 -347.46853637695312
v 150.03471374511719 0 -347.46853637695312
v 150.03471374511719 0 -347.35110473632812
v 151.10102844238281 0 -347.35110473632812
v 151.10102844238281 0 -347.17498779296875
v 151.1890869140625 0 -347.17498779296875
v 151.1890869140625 0 -345.9442138671875
v 150.12443542480469 0 -345.9442138671875
v 150.12443542480469 0 -346.82760620117188
v 150.03636169433594 0 -346.82760620117188
v 150.03636169433594 0 -345.85614013671875
v 151.1890869140625 0 -345.85614013671875
v 151.1890869140625 0 -345.17889404296875
v 148.97796630859375 0 -345.17889404296875
v 148.97796630859375 0 -345.06149291992188
v 149.24215698242188 0 -345.06149291992188
v 149.24215698242188 0 -344.41567993164062
v 148.97796630859375 0 -344.41567993164062
v 148.97796630859375 0 -344.29827880859375
v 149.24215698242188 0 -344.29827880859375
v 149.24215698242188 0 -343.6524658203125
v 148.97796630859375 0 -343.6524658203125
v 148.97796630859375 0 -343.03604125976562
v 149.09538269042969 0 -343.03604125976562
v 149.09538269042969 0 -343.53506469726562
v 149.91729736328125 0 -343.53506469726562
v 149.91729736328125 0 -342.47830200195312
v 148.97796630859375 0 -342.47830200195312
v 148.97796630859375 0 -341.8912353515625
v 149.09538269042969 0 -341.8912353515625
v 149.09538269042969 0 -342.36090087890625
v 149.91729736328125 0 -342.36090087890625
v 149.91729736328125 0 -341.8912353515625
v 150.15213012695312 0 -341.8912353515625
v 150.15213012695312 0 -342.00863647460938
v 150.00535583496094 0 -342.00863647460938
v 150.00535583496094 0 -343.6524658203125
v 149.35957336425781 0 -343.6524658203125
v 149.35957336425781 0 -345.06149291992188
v 151.1890869140625 0 -345.06253051757812
v 151.1890869140625 0 -343.6524658203125
v 151.10102844238281 0 -343.6524658203125
v 151.10102844238281 0 -339.27871704101562
v 151.1890869140625 0 -339.27871704101562
v 151.1890869140625 0 -333.37850952148438
v 147.09992980957031 0 -333.37850952148438
v 147.09928894042969 0 -344.47439575195312
v 147.77444458007812 0 -344.47439575195312
v 147.77444458007812 0 -343.94601440429688
v 147.89186096191406 0 -343.94601440429688
v 147.89186096191406 0 -344.56246948242188
v 147.09928894042969 0 -344.56246948242188
v 147.09928894042969 0 -345.09085083007812
v 147.86250305175781 0 -345.09085083007812
v 147.86250305175781 0 -345.208251953125
v 147.09928894042969 0 -345.208251953125
v 147.09928894042969 0 -346.206298828125
v 147.86250305175781 0 -346.206298828125
v 147.86250305175781 0 -346.29437255859375
v 147.09928894042969 0 -346.29437255859375
v 147.09928894042969 0 -347.35110473632812
v 148.27346801757812 0 -347.35110473632812
v 148.27346801757812 0 -347.46853637695312
v 147.09928894042969 0 -347.46853637695312
v 147.09928894042969 0 -348.90689086914062
v 148.27346801757812 0 -348.90689086914062
v 148.27346801757812 0 -349.5233154296875
v 148.15605163574219 0 -349.5233154296875
v 148.15605163574219 0 -349.05364990234375
v 147.9505615234375 0 -349.05364990234375
v 147.9505615234375 0 -349.5233154296875
v 147.86250305175781 0 -349.5233154296875
v 147.86250305175781 0 -349.05364990234375
v 147.09928894042969 0 -349.05364990234375
v 150.13362121582031 0 -341.03994750976562
v 150.13362121582031 0 -341.12802124023438
v 148.13752746582031 0 -341.12802124023438
v 148.13752746582031 0 -341.03994750976562
v 149.09538269042969 0 -352.09710693359375
v 149.09538269042969 0 -347.35110473632812
v 149.18344116210938 0 -347.35110473632812
v 149.18344116210938 0 -352.09710693359375
v 149.09538269042969 0 -353.8970947265625
v 149.18344116210938 0 -353.8970947265625
v 149.18344116210938 0 -355.65835571289062
v 149.09538269042969 0 -355.65835571289062
f 544 546 458
f 458 543 544
f 546 544 545
f 543 458 540
f 536 537 538 535
f 531 532 533
f 531 534 530
f 530 527 528 529
f 540 555 539
f 542 543 540 541
f 558 555 540
f 551 539 555
f 469 556 557
f 554 551 555
f 557 558 458
f 552 535 538
f 527 530 534
f 535 552 534
f 552 538 539
f 534 531 533
f 552 539 551
f 553 486 552
f 558 540 458
f 557 458 459
f 552 486 534
f 524 525 526
f 526 527 523
f 522 523 491 494
f 523 524 526
f 519 550 518
f 520 521 519
f 549 521 522
f 522 494 549
f 550 519 521
f 521 549 550
f 523 527 534
f 491 534 490
f 490 487 488 489
f 491 523 534
f 494 491 492 493
f 494 495 549
f 549 500 501
f 500 549 495
f 496 500 495
f 501 502 549
f 498 496 497
f 548 549 502 505
f 499 500 496
f 490 534 487
f 534 486 487
f 555 556 554
f 470 553 554
f 470 554 556
f 471 553 470
f 468 469 466 467
f 469 460 466
f 470 556 469
f 475 553 474
f 471 474 553
f 475 482 553
f 475 481 482
f 473 474 471 472
f 482 483 553
f 460 462 465
f 465 462 463
f 466 460 465
f 462 460 461
f 460 469 557
f 465 463 464
f 481 475 476
f 480 477 479
f 477 481 476
f 480 481 477
f 460 557 459
f 478 479 477
f 485 486 483 484
f 498 499 496
f 510 511 509
f 507 508 509
f 504 505 502 503
f 512 509 511
f 509 514 507
f 512 514 509
f 514 512 513
f 506 547 548
f 548 505 506
f 517 518 547
f 547 515 517
f 506 507 514
f 515 516 517
f 514 515 506
f 506 515 547
f 547 518 550
f 486 553 483
g object_9
v 142.85922241210938 0 -333.37850952148438
v 142.85922241210938 0 -339.27871704101562
v 142.94728088378906 0 -339.27871704101562
v 142.94728088378906 0 -343.6524658203125
v 142.85922241210938 0 -343.6524658203125
v 142.85922241210938 0 -345.06253051757812
v 144.68873596191406 0 -345.06149291992188
v 144.68873596191406 0 -343.6524658203125
v 144.04293823242188 0 -343.6524658203125
v 144.04293823242188 0 -342.00863647460938
v 143.89616394042969 0 -342.00863647460938
v 143.89616394042969 0 -341.8912353515625
v 144.13101196289062 0 -341.8912353515625
v 144.13101196289062 0 -342.36090087890625
v 144.95292663574219 0 -342.36090087890625
v 144.95292663574219 0 -341.8912353515625
v 145.07034301757812 0 -341.8912353515625
v 145.07034301757812 0 -342.47830200195312
v 144.13101196289062 0 -342.47830200195312
v 144.13101196289062 0 -343.53506469726562
v 144.95292663574219 0 -343.53506469726562
v 144.95292663574219 0 -343.03604125976562
v 145.07034301757812 0 -343.03604125976562
v 145.07034301757812 0 -343.6524658203125
v 144.80615234375 0 -343.6524658203125
v 144.80615234375 0 -344.29827880859375
v 145.07034301757812 0 -344.29827880859375
v 145.07034301757812 0 -344.41567993164062
v 144.80615234375 0 -344.41567993164062
v 144.80615234375 0 -345.06149291992188
v 145.07034301757812 0 -345.06149291992188
v 145.07034301757812 0 -345.17889404296875
v 142.85922241210938 0 -345.17889404296875
v 142.85922241210938 0 -345.85614013671875
v 144.01193237304688 0 -345.85614013671875
v 144.01193237304688 0 -346.82760620117188
v 143.92387390136719 0 -346.82760620117188
v 143.92387390136719 0 -345.9442138671875
v 142.85922241210938 0 -345.9442138671875
v 142.85922241210938 0 -347.17498779296875
v 142.94728088378906 0 -347.17498779296875
v 142.94728088378906 0 -347.35110473632812
v 144.01359558105469 0 -347.35110473632812
v 144.01359558105469 0 -347.46853637695312
v 142.94728088378906 0 -347.46853637695312
v 142.94728088378906 0 -348.90689086914062
v 144.04293823242188 0 -348.90689086914062
v 144.04293823242188 0 -349.5233154296875
v 143.95487976074219 0 -349.5233154296875
v 143.95487976074219 0 -349.05364990234375
v 143.72004699707031 0 -349.05364990234375
v 143.72004699707031 0 -349.5233154296875
v 143.63198852539062 0 -349.5233154296875
v 143.63198852539062 0 -349.05364990234375
v 142.94728088378906 0 -349.05364990234375
v 142.94728088378906 0 -351.54876708984375
v 142.85922241210938 0 -351.54876708984375
v 142.85922241210938 0 -357.47830200195312
v 146.98727416992188 0 -357.47830200195312
v 146.98860168457031 0 -349.05364990234375
v 146.25474548339844 0 -349.05364990234375
v 146.25474548339844 0 -349.5233154296875
v 146.1373291015625 0 -349.5233154296875
v 146.1373291015625 0 -349.05364990234375
v 145.93185424804688 0 -349.05364990234375
v 145.93185424804688 0 -349.5233154296875
v 145.78507995605469 0 -349.5233154296875
v 145.78507995605469 0 -348.90689086914062
v 146.98860168457031 0 -348.90689086914062
v 146.98860168457031 0 -347.46853637695312
v 145.78507995605469 0 -347.46853637695312
v 145.78507995605469 0 -347.35110473632812
v 146.98860168457031 0 -347.35110473632812
v 146.98860168457031 0 -346.29437255859375
v 146.196044921875 0 -346.29437255859375
v 146.196044921875 0 -346.206298828125
v 146.98860168457031 0 -346.206298828125
v 146.98860168457031 0 -345.208251953125
v 146.196044921875 0 -345.208251953125
v 146.196044921875 0 -345.09085083007812
v 146.98860168457031 0 -345.09085083007812
v 146.98860168457031 0 -344.56246948242188
v 146.196044921875 0 -344.56246948242188
v 146.196044921875 0 -343.94601440429688
v 146.31346130371094 0 -343.94601440429688
v 146.31346130371094 0 -344.47439575195312
v 146.98860168457031 0 -344.47439575195312
v 146.98794555664062 0 -333.37850952148438
v 143.89616394042969 0 -341.03994750976562
v 145.89225769042969 0 -341.03994750976562
v 145.89225769042969 0 -341.12802124023438
v 143.89616394042969 0 -341.12802124023438
v 144.87446594238281 0 -353.8970947265625
v 144.9625244140625 0 -353.8970947265625
v 144.9625244140625 0 -355.65835571289062
v 144.87446594238281 0 -355.65835571289062
v 144.87446594238281 0 -352.09710693359375
v 144.87446594238281 0 -347.35110473632812
v 144.9625244140625 0 -347.35110473632812
v 144.9625244140625 0 -352.09710693359375
f 614 615 616
f 611 614 616
f 612 613 611
f 614 611 613
f 611 616 610
f 599 597 598
f 602 603 604 605
f 599 596 597
f 600 595 599
f 608 609 610 607
f 607 610 616
f 651 655 606
f 606 607 651
f 607 654 651
f 656 605 606
f 607 616 654
f 599 595 596
f 602 656 601
f 656 590 593
f 601 594 595
f 656 594 601
f 601 595 600
f 605 656 602
f 654 616 653
f 590 591 592 593
f 564 562 563
f 562 564 567
f 569 570 562
f 559 560 561
f 647 559 561
f 647 561 650
f 650 561 562
f 650 571 574
f 562 570 650
f 574 575 649
f 564 565 567
f 594 656 593
f 567 565 566
f 569 567 568
f 586 587 588 589
f 572 573 574 571
f 650 574 649
f 577 578 580
f 570 571 650
f 583 584 585 582
f 567 569 562
f 606 655 656
f 625 652 653
f 658 651 652
f 658 652 625
f 624 625 653
f 657 658 625
f 624 653 617
f 626 657 625
f 629 657 626
f 657 629 630
f 657 630 590
f 622 623 624 621
f 651 658 655
f 617 620 621
f 619 620 618
f 617 618 620
f 617 621 624
f 631 633 630
f 631 632 633
f 633 634 630
f 627 628 629 626
f 636 637 634 635
f 617 653 616
f 630 634 637
f 586 630 585
f 630 586 589
f 649 582 585
f 590 630 589
f 576 577 580
f 580 581 576
f 649 576 581
f 649 575 576
f 581 582 649
f 578 579 580
f 642 630 641
f 630 642 585
f 640 641 638
f 640 638 639
f 643 648 649
f 642 649 585
f 642 643 649
f 643 644 645
f 643 645 648
f 646 648 645
f 646 559 648
f 630 638 641
f 638 630 637
f 648 559 647
f 590 656 657
g object_10
v 155.56130981445312 0 -357.47830200195312
v 159.65110778808594 0 -357.47830200195312
v 159.65110778808594 0 -355.452880859375
v 159.65110778808594 0 -351.54876708984375
v 159.56304931640625 0 -351.54876708984375
v 159.56304931640625 0 -349.05364990234375
v 158.87834167480469 0 -349.05364990234375
v 158.87834167480469 0 -349.5233154296875
v 158.790283203125 0 -349.5233154296875
v 158.790283203125 0 -349.05364990234375
v 158.55545043945312 0 -349.05364990234375
v 158.55545043945312 0 -349.5233154296875
v 158.46737670898438 0 -349.5233154296875
v 158.46737670898438 0 -348.90689086914062
v 159.56304931640625 0 -348.90689086914062
v 159.56304931640625 0 -347.46853637695312
v 158.49673461914062 0 -347.46853637695312
v 158.49673461914062 0 -347.35110473632812
v 159.56304931640625 0 -347.35110473632812
v 159.56304931640625 0 -347.17498779296875
v 159.65110778808594 0 -347.17498779296875
v 159.65110778808594 0 -345.9442138671875
v 158.58645629882812 0 -345.9442138671875
v 158.58645629882812 0 -346.82760620117188
v 158.49839782714844 0 -346.82760620117188
v 158.49839782714844 0 -345.85614013671875
v 159.65110778808594 0 -345.85614013671875
v 159.65110778808594 0 -345.17889404296875
v 157.43998718261719 0 -345.17889404296875
v 157.43998718261719 0 -345.06149291992188
v 157.70417785644531 0 -345.06149291992188
v 157.70417785644531 0 -344.41567993164062
v 157.43998718261719 0 -344.41567993164062
v 157.43998718261719 0 -344.29827880859375
v 157.70417785644531 0 -344.29827880859375
v 157.70417785644531 0 -343.6524658203125
v 157.43998718261719 0 -343.6524658203125
v 157.43998718261719 0 -343.03604125976562
v 157.55740356445312 0 -343.03604125976562
v 157.55740356445312 0 -343.53506469726562
v 158.37931823730469 0 -343.53506469726562
v 158.37931823730469 0 -342.47830200195312
v 157.43998718261719 0 -342.47830200195312
v 157.43998718261719 0 -341.8912353515625
v 157.55740356445312 0 -341.8912353515625
v 157.55740356445312 0 -342.36090087890625
v 158.37931823730469 0 -342.36090087890625
v 158.37931823730469 0 -341.8912353515625
v 158.61415100097656 0 -341.8912353515625
v 158.61415100097656 0 -342.00863647460938
v 158.46737670898438 0 -342.00863647460938
v 158.46737670898438 0 -343.6524658203125
v 157.82159423828125 0 -343.6524658203125
v 157.82159423828125 0 -345.06149291992188
v 159.65110778808594 0 -345.06253051757812
v 159.65110778808594 0 -343.6524658203125
v 159.56304931640625 0 -343.6524658203125
v 159.56304931640625 0 -339.27871704101562
v 159.65110778808594 0 -339.27871704101562
v 159.65110778808594 0 -333.37850952148438
v 155.56195068359375 0 -333.37850952148438
v 155.56130981445312 0 -344.47439575195312
v 156.23646545410156 0 -344.47439575195312
v 156.23646545410156 0 -343.94601440429688
v 156.3538818359375 0 -343.94601440429688
v 156.3538818359375 0 -344.56246948242188
v 155.56130981445312 0 -344.56246948242188
v 155.56130981445312 0 -345.09085083007812
v 156.32452392578125 0 -345.09085083007812
v 156.32452392578125 0 -345.208251953125
v 155.56130981445312 0 -345.208251953125
v 155.56130981445312 0 -346.206298828125
v 156.32452392578125 0 -346.206298828125
v 156.32452392578125 0 -346.29437255859375
v 155.56130981445312 0 -346.29437255859375
v 155.56130981445312 0 -347.35110473632812
v 156.73548889160156 0 -347.35110473632812
v 156.73548889160156 0 -347.46853637695312
v 155.56130981445312 0 -347.46853637695312
v 155.56130981445312 0 -348.90689086914062
v 156.73548889160156 0 -348.90689086914062
v 156.73548889160156 0 -349.5233154296875
v 156.61807250976562 0 -349.5233154296875
v 156.61807250976562 0 -349.05364990234375
v 156.41258239746094 0 -349.05364990234375
v 156.41258239746094 0 -349.5233154296875
v 156.32452392578125 0 -349.5233154296875
v 156.32452392578125 0 -349.05364990234375
v 155.56130981445312 0 -349.05364990234375
v 158.59564208984375 0 -341.03994750976562
v 158.59564208984375 0 -341.12802124023438
v 156.59954833984375 0 -341.12802124023438
v 156.59954833984375 0 -341.03994750976562
v 157.55740356445312 0 -352.09710693359375
v 157.55740356445312 0 -347.35110473632812
v 157.64546203613281 0 -347.35110473632812
v 157.64546203613281 0 -352.09710693359375
v 157.55740356445312 0 -353.8970947265625
v 157.64546203613281 0 -353.8970947265625
v 157.64546203613281 0 -355.65835571289062
v 157.55740356445312 0 -355.65835571289062
f 745 747 659
f 659 744 745
f 747 745 746
f 744 659 741
f 737 738 739 736
f 732 733 734
f 732 735 731
f 731 728 729 730
f 741 756 740
f 743 744 741 742
f 759 756 741
f 752 740 756
f 670 757 758
f 755 752 756
f 758 759 659
f 753 736 739
f 728 731 735
f 736 753 735
f 753 739 740
f 735 732 734
f 753 740 752
f 754 687 753
f 759 741 659
f 758 659 660
f 753 687 735
f 725 726 727
f 727 728 724
f 723 724 692 695
f 724 725 727
f 720 751 719
f 721 722 720
f 750 722 723
f 723 695 750
f 751 720 722
f 722 750 751
f 724 728 735
f 692 735 691
f 691 688 689 690
f 692 724 735
f 695 692 693 694
f 695 696 750
f 750 701 702
f 701 750 696
f 697 701 696
f 702 703 750
f 699 697 698
f 749 750 703 706
f 700 701 697
f 691 735 688
f 735 687 688
f 756 757 755
f 671 754 755
f 671 755 757
f 672 754 671
f 669 670 667 668
f 670 661 667
f 671 757 670
f 676 754 675
f 672 675 754
f 676 683 754
f 676 682 683
f 674 675 672 673
f 683 684 754
f 661 663 666
f 666 663 664
f 667 661 666
f 663 661 662
f 661 670 758
f 666 664 665
f 682 676 677
f 681 678 680
f 678 682 677
f 681 682 678
f 661 758 660
f 679 680 678
f 686 687 684 685
f 699 700 697
f 711 712 710
f 708 709 710
f 705 706 703 704
f 713 710 712
f 710 715 708
f 713 715 710
f 715 713 714
f 707 748 749
f 749 706 707
f 718 719 748
f 748 716 718
f 707 708 715
f 716 717 718
f 715 716 707
f 707 716 748
f 748 719 751
f 687 754 684
g object_11
v 151.32124328613281 0 -333.37850952148438
v 151.32124328613281 0 -339.27871704101562
v 151.4093017578125 0 -339.27871704101562
v 151.4093017578125 0 -343.6524658203125
v 151.32124328613281 0 -343.6524658203125
v 151.32124328613281 0 -345.06253051757812
v 153.1507568359375 0 -345.06149291992188
v 153.1507568359375 0 -343.6524658203125
v 152.50495910644531 0 -343.6524658203125
v 152.50495910644531 0 -342.00863647460938
v 152.35820007324219 0 -342.00863647460938
v 152.35820007324219 0 -341.8912353515625
v 152.59303283691406 0 -341.8912353515625
v 152.59303283691406 0 -342.36090087890625
v 153.41494750976562 0 -342.36090087890625
v 153.41494750976562 0 -341.8912353515625
v 153.53236389160156 0 -341.8912353515625
v 153.53236389160156 0 -342.47830200195312
v 152.59303283691406 0 -342.47830200195312
v 152.59303283691406 0 -343.53506469726562
v 153.41494750976562 0 -343.53506469726562
v 153.41494750976562 0 -343.03604125976562
v 153.53236389160156 0 -343.03604125976562
v 153.53236389160156 0 -343.6524658203125
v 153.26817321777344 0 -343.6524658203125
v 153.26817321777344 0 -344.29827880859375
v 153.53236389160156 0 -344.29827880859375
v 153.53236389160156 0 -344.41567993164062
v 153.26817321777344 0 -344.41567993164062
v 153.26817321777344 0 -345.06149291992188
v 153.53236389160156 0 -345.06149291992188
v 153.53236389160156 0 -345.17889404296875
v 151.32124328613281 0 -345.17889404296875
v 151.32124328613281 0 -345.85614013671875
v 152.47395324707031 0 -345.85614013671875
v 152.47395324707031 0 -346.82760620117188
v 152.38589477539062 0 -346.82760620117188
v 152.38589477539062 0 -345.9442138671875
v 151.32124328613281 0 -345.9442138671875
v 151.32124328613281 0 -347.17498779296875
v 151.4093017578125 0 -347.17498779296875
v 151.4093017578125 0 -347.35110473632812
v 152.47561645507812 0 -347.35110473632812
v 152.47561645507812 0 -347.46853637695312
v 151.4093017578125 0 -347.46853637695312
v 151.4093017578125 0 -348.90689086914062
v 152.50495910644531 0 -348.90689086914062
v 152.50495910644531 0 -349.5233154296875
v 152.41690063476562 0 -349.5233154296875
v 152.41690063476562 0 -349.05364990234375
v 152.18206787109375 0 -349.05364990234375
v 152.18206787109375 0 -349.5233154296875
v 152.09400939941406 0 -349.5233154296875
v 152.09400939941406 0 -349.05364990234375
v 151.4093017578125 0 -349.05364990234375
v 151.4093017578125 0 -351.54876708984375
v 151.32124328613281 0 -351.54876708984375
v 151.32124328613281 0 -357.47830200195312
v 155.44929504394531 0 -357.47830200195312
v 155.45062255859375 0 -349.05364990234375
v 154.71676635742188 0 -349.05364990234375
v 154.71676635742188 0 -349.5233154296875
v 154.59934997558594 0 -349.5233154296875
v 154.59934997558594 0 -349.05364990234375
v 154.39387512207031 0 -349.05364990234375
v 154.39387512207031 0 -349.5233154296875
v 154.24710083007812 0 -349.5233154296875
v 154.24710083007812 0 -348.90689086914062
v 155.45062255859375 0 -348.90689086914062
v 155.45062255859375 0 -347.46853637695312
v 154.24710083007812 0 -347.46853637695312
v 154.24710083007812 0 -347.35110473632812
v 155.45062255859375 0 -347.35110473632812
v 155.45062255859375 0 -346.29437255859375
v 154.65806579589844 0 -346.29437255859375
v 154.65806579589844 0 -346.206298828125
v 155.45062255859375 0 -346.206298828125
v 155.45062255859375 0 -345.208251953125
v 154.65806579589844 0 -345.208251953125
v 154.65806579589844 0 -345.09085083007812
v 155.45062255859375 0 -345.09085083007812
v 155.45062255859375 0 -344.56246948242188
v 154.65806579589844 0 -344.56246948242188
v 154.65806579589844 0 -343.94601440429688
v 154.77548217773438 0 -343.94601440429688
v 154.77548217773438 0 -344.47439575195312
v 155.45062255859375 0 -344.47439575195312
v 155.44996643066406 0 -333.37850952148438
v 152.35820007324219 0 -341.03994750976562
v 154.35427856445312 0 -341.03994750976562
v 154.35427856445312 0 -341.12802124023438
v 152.35820007324219 0 -341.12802124023438
v 153.33648681640625 0 -353.8970947265625
v 153.42454528808594 0 -353.8970947265625
v 153.42454528808594 0 -355.65835571289062
v 153.33648681640625 0 -355.65835571289062
v 153.33648681640625 0 -352.09710693359375
v 153.33648681640625 0 -347.35110473632812
v 153.42454528808594 0 -347.35110473632812
v 153.42454528808594 0 -352.09710693359375
f 815 816 817
f 812 815 817
f 813 814 812
f 815 812 814
f 812 817 811
f 800 798 799
f 803 804 805 806
f 800 797 798
f 801 796 800
f 809 810 811 808
f 808 811 817
f 852 856 807
f 807 808 852
f 808 855 852
f 857 806 807
f 808 817 855
f 800 796 797
f 803 857 802
f 857 791 794
f 802 795 796
f 857 795 802
f 802 796 801
f 806 857 803
f 855 817 854
f 791 792 793 794
f 765 763 764
f 763 765 768
f 770 771 763
f 760 761 762
f 848 760 762
f 848 762 851
f 851 762 763
f 851 772 775
f 763 771 851
f 775 776 850
f 765 766 768
f 795 857 794
f 768 766 767
f 770 768 769
f 787 788 789 790
f 773 774 775 772
f 851 775 850
f 778 779 781
f 771 772 851
f 784 785 786 783
f 768 770 763
f 807 856 857
f 826 853 854
f 859 852 853
f 859 853 826
f 825 826 854
f 858 859 826
f 825 854 818
f 827 858 826
f 830 858 827
f 858 830 831
f 858 831 791
f 823 824 825 822
f 852 859 856
f 818 821 822
f 820 821 819
f 818 819 821
f 818 822 825
f 832 834 831
f 832 833 834
f 834 835 831
f 828 829 830 827
f 837 838 835 836
f 818 854 817
f 831 835 838
f 787 831 786
f 831 787 790
f 850 783 786
f 791 831 790
f 777 778 781
f 781 782 777
f 850 777 782
f 850 776 777
f 782 783 850
f 779 780 781
f 843 831 842
f 831 843 786
f 841 842 839
f 841 839 840
f 844 849 850
f 843 850 786
f 843 844 850
f 844 845 846
f 844 846 849
f 847 849 846
f 847 760 849
f 831 839 842
f 839 831 838
f 849 760 848
f 791 857 858
g object_12
v 164.02333068847656 0 -357.47830200195312
v 168.11312866210938 0 -357.47830200195312
v 168.11312866210938 0 -355.452880859375
v 168.11312866210938 0 -351.54876708984375
v 168.02507019042969 0 -351.54876708984375
v 168.02507019042969 0 -349.05364990234375
v 167.34036254882812 0 -349.05364990234375
v 167.34036254882812 0 -349.5233154296875
v 167.25230407714844 0 -349.5233154296875
v 167.25230407714844 0 -349.05364990234375
v 167.01747131347656 0 -349.05364990234375
v 167.01747131347656 0 -349.5233154296875
v 166.92939758300781 0 -349.5233154296875
v 166.92939758300781 0 -348.90689086914062
v 168.02507019042969 0 -348.90689086914062
v 168.02507019042969 0 -347.46853637695312
v 166.95875549316406 0 -347.46853637695312
v 166.95875549316406 0 -347.35110473632812
v 168.02507019042969 0 -347.35110473632812
v 168.02507019042969 0 -347.17498779296875
v 168.11312866210938 0 -347.17498779296875
v 168.11312866210938 0 -345.9442138671875
v 167.04847717285156 0 -345.9442138671875
v 167.04847717285156 0 -346.82760620117188
v 166.96041870117188 0 -346.82760620117188
v 166.96041870117188 0 -345.85614013671875
v 168.11312866210938 0 -345.85614013671875
v 168.11312866210938 0 -345.17889404296875
v 165.90200805664062 0 -345.17889404296875
v 165.90200805664062 0 -345.06149291992188
v 166.16619873046875 0 -345.06149291992188
v 166.16619873046875 0 -344.41567993164062
v 165.90200805664062 0 -344.41567993164062
v 165.90200805664062 0 -344.29827880859375
v 166.16619873046875 0 -344.29827880859375
v 166.16619873046875 0 -343.6524658203125
v 165.90200805664062 0 -343.6524658203125
v 165.90200805664062 0 -343.03604125976562
v 166.01942443847656 0 -343.03604125976562
v 166.01942443847656 0 -343.53506469726562
v 166.84133911132812 0 -343.53506469726562
v 166.84133911132812 0 -342.47830200195312
v 165.90200805664062 0 -342.47830200195312
v 165.90200805664062 0 -341.8912353515625
v 166.01942443847656 0 -341.8912353515625
v 166.01942443847656 0 -342.36090087890625
v 166.84133911132812 0 -342.36090087890625
v 166.84133911132812 0 -341.8912353515625
v 167.076171875 0 -341.8912353515625
v 167.076171875 0 -342.00863647460938
v 166.92939758300781 0 -342.00863647460938
v 166.92939758300781 0 -343.6524658203125
v 166.28361511230469 0 -343.6524658203125
v 166.28361511230469 0 -345.06149291992188
v 168.11312866210938 0 -345.06253051757812
v 168.11312866210938 0 -343.6524658203125
v 168.02507019042969 0 -343.6524658203125
v 168.02507019042969 0 -339.27871704101562
v 168.11312866210938 0 -339.27871704101562
v 168.11312866210938 0 -333.37850952148438
v 164.02398681640625 0 -333.37850952148438
v 164.02333068847656 0 -344.47439575195312
v 164.698486328125 0 -344.47439575195312
v 164.698486328125 0 -343.94601440429688
v 164.81590270996094 0 -343.94601440429688
v 164.81590270996094 0 -344.56246948242188
v 164.02333068847656 0 -344.56246948242188
v 164.02333068847656 0 -345.09085083007812
v 164.78654479980469 0 -345.09085083007812
v 164.78654479980469 0 -345.208251953125
v 164.02333068847656 0 -345.208251953125
v 164.02333068847656 0 -346.206298828125
v 164.78654479980469 0 -346.206298828125
v 164.78654479980469 0 -346.29437255859375
v 164.02333068847656 0 -346.29437255859375
v 164.02333068847656 0 -347.35110473632812
v 165.197509765625 0 -347.35110473632812
v 165.197509765625 0 -347.46853637695312
v 164.02333068847656 0 -347.46853637695312
v 164.02333068847656 0 -348.90689086914062
v 165.197509765625 0 -348.90689086914062
v 165.197509765625 0 -349.5233154296875
v 165.08009338378906 0 -349.5233154296875
v 165.08009338378906 0 -349.05364990234375
v 164.87460327148438 0 -349.05364990234375
v 164.87460327148438 0 -349.5233154296875
v 164.78654479980469 0 -349.5233154296875
v 164.78654479980469 0 -349.05364990234375
v 164.02333068847656 0 -349.05364990234375
v 167.05766296386719 0 -341.03994750976562
v 167.05766296386719 0 -341.12802124023438
v 165.06156921386719 0 -341.12802124023438
v 165.06156921386719 0 -341.03994750976562
v 166.01942443847656 0 -352.09710693359375
v 166.01942443847656 0 -347.35110473632812
v 166.10748291015625 0 -347.35110473632812
v 166.10748291015625 0 -352.09710693359375
v 166.01942443847656 0 -353.8970947265625
v 166.10748291015625 0 -353.8970947265625
v 166.10748291015625 0 -355.65835571289062
v 166.01942443847656 0 -355.65835571289062
f 946 948 860
f 860 945 946
f 948 946 947
f 945 860 942
f 938 939 940 937
f 933 934 935
f 933 936 932
f 932 929 930 931
f 942 957 941
f 944 945 942 943
f 960 957 942
f 953 941 957
f 871 958 959
f 956 953 957
f 959 960 860
f 954 937 940
f 929 932 936
f 937 954 936
f 954 940 941
f 936 933 935
f 954 941 953
f 955 888 954
f 960 942 860
f 959 860 861
f 954 888 936
f 926 927 928
f 928 929 925
f 924 925 893 896
f 925 926 928
f 921 952 920
f 922 923 921
f 951 923 924
f 924 896 951
f 952 921 923
f 923 951 952
f 925 929 936
f 893 936 892
f 892 889 890 891
f 893 925 936
f 896 893 894 895
f 896 897 951
f 951 902 903
f 902 951 897
f 898 902 897
f 903 904 951
f 900 898 899
f 950 951 904 907
f 901 902 898
f 892 936 889
f 936 888 889
f 957 958 956
f 872 955 956
f 872 956 958
f 873 955 872
f 870 871 868 869
f 871 862 868
f 872 958 871
f 877 955 876
f 873 876 955
f 877 884 955
f 877 883 884
f 875 876 873 874
f 884 885 955
f 862 864 867
f 867 864 865
f 868 862 867
f 864 862 863
f 862 871 959
f 867 865 866
f 883 877 878
f 882 879 881
f 879 883 878
f 882 883 879
f 862 959 861
f 880 881 879
f 887 888 885 886
f 900 901 898
f 912 913 911
f 909 910 911
f 906 907 904 905
f 914 911 913
f 911 916 909
f 914 916 911
f 916 914 915
f 908 949 950
f 950 907 908
f 919 920 949
f 949 917 919
f 908 909 916
f 917 918 919
f 916 917 908
f 908 917 949
f 949 920 952
f 888 955 885
g object_13
v 159.78326416015625 0 -333.37850952148438
v 159.78326416015625 0 -339.27871704101562
v 159.87132263183594 0 -339.27871704101562
v 159.87132263183594 0 -343.6524658203125
v 159.78326416015625 0 -343.6524658203125
v 159.78326416015625 0 -345.06253051757812
v 161.61277770996094 0 -345.06149291992188
v 161.61277770996094 0 -343.6524658203125
v 160.96697998046875 0 -343.6524658203125
v 160.96697998046875 0 -342.00863647460938
v 160.82022094726562 0 -342.00863647460938
v 160.82022094726562 0 -341.8912353515625
v 161.0550537109375 0 -341.8912353515625
v 161.0550537109375 0 -342.36090087890625
v 161.87696838378906 0 -342.36090087890625
v 161.87696838378906 0 -341.8912353515625
v 161.994384765625 0 -341.8912353515625
v 161.994384765625 0 -342.47830200195312
v 161.0550537109375 0 -342.47830200195312
v 161.0550537109375 0 -343.53506469726562
v 161.87696838378906 0 -343.53506469726562
v 161.87696838378906 0 -343.03604125976562
v 161.994384765625 0 -343.03604125976562
v 161.994384765625 0 -343.6524658203125
v 161.73019409179688 0 -343.6524658203125
v 161.73019409179688 0 -344.29827880859375
v 161.994384765625 0 -344.29827880859375
v 161.994384765625 0 -344.41567993164062
v 161.73019409179688 0 -344.41567993164062
v 161.73019409179688 0 -345.06149291992188
v 161.994384765625 0 -345.06149291992188
v 161.994384765625 0 -345.17889404296875
v 159.78326416015625 0 -345.17889404296875
v 159.78326416015625 0 -345.85614013671875
v 160.93597412109375 0 -345.85614013671875
v 160.93597412109375 0 -346.82760620117188
v 160.84791564941406 0 -346.82760620117188
v 160.84791564941406 0 -345.9442138671875
v 159.78326416015625 0 -345.9442138671875
v 159.78326416015625 0 -347.17498779296875
v 159.87132263183594 0 -347.17498779296875
v 159.87132263183594 0 -347.35110473632812
v 160.93763732910156 0 -347.35110473632812
v 160.93763732910156 0 -347.46853637695312
v 159.87132263183594 0 -347.46853637695312
v 159.87132263183594 0 -348.90689086914062
v 160.96697998046875 0 -348.90689086914062
v 160.96697998046875 0 -349.5233154296875
v 160.87892150878906 0 -349.5233154296875
v 160.87892150878906 0 -349.05364990234375
v 160.64408874511719 0 -349.05364990234375
v 160.64408874511719 0 -349.5233154296875
v 160.5560302734375 0 -349.5233154296875
v 160.5560302734375 0 -349.05364990234375
v 159.87132263183594 0 -349.05364990234375
v 159.87132263183594 0 -351.54876708984375
v 159.78326416015625 0 -351.54876708984375
v 159.78326416015625 0 -357.47830200195312
v 163.91131591796875 0 -357.47830200195312
v 163.91264343261719 0 -349.05364990234375
v 163.17878723144531 0 -349.05364990234375
v 163.17878723144531 0 -349.5233154296875
v 163.06137084960938 0 -349.5233154296875
v 163.06137084960938 0 -349.05364990234375
v 162.85589599609375 0 -349.05364990234375
v 162.85589599609375 0 -349.5233154296875
v 162.70912170410156 0 -349.5233154296875
v 162.70912170410156 0 -348.90689086914062
v 163.91264343261719 0 -348.90689086914062
v 163.91264343261719 0 -347.46853637695312
v 162.70912170410156 0 -347.46853637695312
v 162.70912170410156 0 -347.35110473632812
v 163.91264343261719 0 -347.35110473632812
v 163.91264343261719 0 -346.29437255859375
v 163.12008666992188 0 -346.29437255859375
v 163.12008666992188 0 -346.206298828125
v 163.91264343261719 0 -346.206298828125
v 163.91264343261719 0 -345.208251953125
v 163.12008666992188 0 -345.208251953125
v 163.12008666992188 0 -345.09085083007812
v 163.91264343261719 0 -345.09085083007812
v 163.91264343261719 0 -344.56246948242188
v 163.12008666992188 0 -344.56246948242188
v 163.12008666992188 0 -343.94601440429688
v 163.23750305175781 0 -343.94601440429688
v 163.23750305175781 0 -344.47439575195312
v 163.91264343261719 0 -344.47439575195312
v 163.9119873046875 0 -333.37850952148438
v 160.82022094726562 0 -341.03994750976562
v 162.81629943847656 0 -341.03994750976562
v 162.81629943847656 0 -341.12802124023438
v 160.82022094726562 0 -341.12802124023438
v 161.79850769042969 0 -353.8970947265625
v 161.88656616210938 0 -353.8970947265625
v 161.88656616210938 0 -355.65835571289062
v 161.79850769042969 0 -355.65835571289062
v 161.79850769042969 0 -352.09710693359375
v 161.79850769042969 0 -347.35110473632812
v 161.88656616210938 0 -347.35110473632812
v 161.88656616210938 0 -352.09710693359375
f 1016 1017 1018
f 1013 1016 1018
f 1014 1015 1013
f 1016 1013 1015
f 1013 1018 1012
f 1001 999 1000
f 1004 1005 1006 1007
f 1001 998 999
f 1002 997 1001
f 1010 1011 1012 1009
f 1009 1012 1018
f 1053 1057 1008
f 1008 1009 1053
f 1009 1056 1053
f 1058 1007 1008
f 1009 1018 1056
f 1001 997 998
f 1004 1058 1003
f 1058 992 995
f 1003 996 997
f 1058 996 1003
f 1003 997 1002
f 1007 1058 1004
f 1056 1018 1055
f 992 993 994 995
f 966 964 965
f 964 966 969
f 971 972 964
f 961 962 963
f 1049 961 963
f 1049 963 1052
f 1052 963 964
f 1052 973 976
f 964 972 1052
f 976 977 1051
f 966 967 969
f 996 1058 995
f 969 967 968
f 971 969 970
f 988 989 990 991
f 974 975 976 973
f 1052 976 1051
f 979 980 982
f 972 973 1052
f 985 986 987 984
f 969 971 964
f 1008 1057 1058
f 1027 1054 1055
f 1060 1053 1054
f 1060 1054 1027
f 1026 1027 1055
f 1059 1060 1027
f 1026 1055 1019
f 1028 1059 1027
f 1031 1059 1028
f 1059 1031 1032
f 1059 1032 992
f 1024 1025 1026 1023
f 1053 1060 1057
f 1019 1022 1023
f 1021 1022 1020
f 1019 1020 1022
f 1019 1023 1026
f 1033 1035 1032
f 1033 1034 1035
f 1035 1036 1032
f 1029 1030 1031 1028
f 1038 1039 1036 1037
f 1019 1055 1018
f 1032 1036 1039
f 988 1032 987
f 1032 988 991
f 1051 984 987
f 992 1032 991
f 978 979 982
f 982 983 978
f 1051 978 983
f 1051 977 978
f 983 984 1051
f 980 981 982
f 1044 1032 1043
f 1032 1044 987
f 1042 1043 1040
f 1042 1040 1041
f 1045 1050 1051
f 1044 1051 987
f 1044 1045 1051
f 1045 1046 1047
f 1045 1047 1050
f 1048 1050 1047
f 1048 961 1050
f 1032 1040 1043
f 1040 1032 1039
f 1050 961 1049
f 992 1058 1059
g object_14
v 172.48536682128906 0 -357.47830200195312
v 176.57514953613281 0 -357.47830200195312
v 176.57514953613281 0 -355.452880859375
v 176.57514953613281 0 -351.54876708984375
v 176.48709106445312 0 -351.54876708984375
v 176.48709106445312 0 -349.05364990234375
v 175.80238342285156 0 -349.05364990234375
v 175.80238342285156 0 -349.5233154296875
v 175.71432495117188 0 -349.5233154296875
v 175.71432495117188 0 -349.05364990234375
v 175.4794921875 0 -349.05364990234375
v 175.4794921875 0 -349.5233154296875
v 175.39143371582031 0 -349.5233154296875
v 175.39143371582031 0 -348.90689086914062
v 176.48709106445312 0 -348.90689086914062
v 176.48709106445312 0 -347.46853637695312
v 175.4207763671875 0 -347.46853637695312
v 175.4207763671875 0 -347.35110473632812
v 176.48709106445312 0 -347.35110473632812
v 176.48709106445312 0 -347.17498779296875
v 176.57514953613281 0 -347.17498779296875
v 176.57514953613281 0 -345.9442138671875
v 175.510498046875 0 -345.9442138671875
v 175.510498046875 0 -346.82760620117188
v 175.42243957519531 0 -346.82760620117188
v 175.42243957519531 0 -345.85614013671875
v 176.57514953613281 0 -345.85614013671875
v 176.57514953613281 0 -345.17889404296875
v 174.36402893066406 0 -345.17889404296875
v 174.36402893066406 0 -345.06149291992188
v 174.62821960449219 0 -345.06149291992188
v 174.62821960449219 0 -344.41567993164062
v 174.36402893066406 0 -344.41567993164062
v 174.36402893066406 0 -344.29827880859375
v 174.62821960449219 0 -344.29827880859375
v 174.62821960449219 0 -343.6524658203125
v 174.36402893066406 0 -343.6524658203125
v 174.36402893066406 0 -343.03604125976562
v 174.4814453125 0 -343.03604125976562
v 174.4814453125 0 -343.53506469726562
v 175.30335998535156 0 -343.53506469726562
v 175.30335998535156 0 -342.47830200195312
v 174.36402893066406 0 -342.47830200195312
v 174.36402893066406 0 -341.8912353515625
v 174.4814453125 0 -341.8912353515625
v 174.4814453125 0 -342.36090087890625
v 175.30335998535156 0 -342.36090087890625
v 175.30335998535156 0 -341.8912353515625
v 175.53819274902344 0 -341.8912353515625
v 175.53819274902344 0 -342.00863647460938
v 175.39143371582031 0 -342.00863647460938
v 175.39143371582031 0 -343.6524658203125
v 174.74563598632812 0 -343.6524658203125
v 174.74563598632812 0 -345.06149291992188
v 176.57514953613281 0 -345.06253051757812
v 176.57514953613281 0 -343.6524658203125
v 176.48709106445312 0 -343.6524658203125
v 176.48709106445312 0 -339.27871704101562
v 176.57514953613281 0 -339.27871704101562
v 176.57514953613281 0 -333.37850952148438
v 172.48600769042969 0 -333.37850952148438
v 172.48536682128906 0 -344.47439575195312
v 173.16050720214844 0 -344.47439575195312
v 173.16050720214844 0 -343.94601440429688
v 173.27792358398438 0 -343.94601440429688
v 173.27792358398438 0 -344.56246948242188
v 172.48536682128906 0 -344.56246948242188
v 172.48536682128906 0 -345.09085083007812
v 173.24856567382812 0 -345.09085083007812
v 173.24856567382812 0 -345.208251953125
v 172.48536682128906 0 -345.208251953125
v 172.48536682128906 0 -346.206298828125
v 173.24856567382812 0 -346.206298828125
v 173.24856567382812 0 -346.29437255859375
v 172.48536682128906 0 -346.29437255859375
v 172.48536682128906 0 -347.35110473632812
v 173.65953063964844 0 -347.35110473632812
v 173.65953063964844 0 -347.46853637695312
v 172.48536682128906 0 -347.46853637695312
v 172.48536682128906 0 -348.90689086914062
v 173.65953063964844 0 -348.90689086914062
v 173.65953063964844 0 -349.5233154296875
v 173.5421142578125 0 -349.5233154296875
v 173.5421142578125 0 -349.05364990234375
v 173.33663940429688 0 -349.05364990234375
v 173.33663940429688 0 -349.5233154296875
v 173.24856567382812 0 -349.5233154296875
v 173.24856567382812 0 -349.05364990234375
v 172.48536682128906 0 -349.05364990234375
v 175.51968383789062 0 -341.03994750976562
v 175.51968383789062 0 -341.12802124023438
v 173.52359008789062 0 -341.12802124023438
v 173.52359008789062 0 -341.03994750976562
v 174.4814453125 0 -352.09710693359375
v 174.4814453125 0 -347.35110473632812
v 174.56950378417969 0 -347.35110473632812
v 174.56950378417969 0 -352.09710693359375
v 174.4814453125 0 -353.8970947265625
v 174.56950378417969 0 -353.8970947265625
v 174.56950378417969 0 -355.65835571289062
v 174.4814453125 0 -355.65835571289062
f 1147 1149 1061
f 1061 1146 1147
f 1149 1147 1148
f 1146 1061 1143
f 1139 1140 1141 1138
f 1134 1135 1136
f 1134 1137 1133
f 1133 1130 1131 1132
f 1143 1158 1142
f 1145 1146 1143 1144
f 1161 1158 1143
f 1154 1142 1158
f 1072 1159 1160
f 1157 1154 1158
f 1160 1161 1061
f 1155 1138 1141
f 1130 1133 1137
f 1138 1155 1137
f 1155 1141 1142
f 1137 1134 1136
f 1155 1142 1154
f 1156 1089 1155
f 1161 1143 1061
f 1160 1061 1062
f 1155 1089 1137
f 1127 1128 1129
f 1129 1130 1126
f 1125 1126 1094 1097
f 1126 1127 1129
f 1122 1153 1121
f 1123 1124 1122
f 1152 1124 1125
f 1125 1097 1152
f 1153 1122 1124
f 1124 1152 1153
f 1126 1130 1137
f 1094 1137 1093
f 1093 1090 1091 1092
f 1094 1126 1137
f 1097 1094 1095 1096
f 1097 1098 1152
f 1152 1103 1104
f 1103 1152 1098
f 1099 1103 1098
f 1104 1105 1152
f 1101 1099 1100
f 1151 1152 1105 1108
f 1102 1103 1099
f 1093 1137 1090
f 1137 1089 1090
f 1158 1159 1157
f 1073 1156 1157
f 1073 1157 1159
f 1074 1156 1073
f 1071 1072 1069 1070
f 1072 1063 1069
f 1073 1159 1072
f 1078 1156 1077
f 1074 1077 1156
f 1078 1085 1156
f 1078 1084 1085
f 1076 1077 1074 1075
f 1085 1086 1156
f 1063 1065 1068
f 1068 1065 1066
f 1069 1063 1068
f 1065 1063 1064
f 1063 1072 1160
f 1068 1066 1067
f 1084 1078 1079
f 1083 1080 1082
f 1080 1084 1079
f 1083 1084 1080
f 1063 1160 1062
f 1081 1082 1080
f 1088 1089 1086 1087
f 1101 1102 1099
f 1113 1114 1112
f 1110 1111 1112
f 1107 1108 1105 1106
f 1115 1112 1114
f 1112 1117 1110
f 1115 1117 1112
f 1117 1115 1116
f 1109 1150 1151
f 1151 1108 1109
f 1120 1121 1150
f 1150 1118 1120
f 1109 1110 1117
f 1118 1119 1120
f 1117 1118 1109
f 1109 1118 1150
f 1150 1121 1153
f 1089 1156 1086
g object_15
v 168.24528503417969 0 -333.37850952148438
v 168.24528503417969 0 -339.27871704101562
v 168.33334350585938 0 -339.27871704101562
v 168.33334350585938 0 -343.6524658203125
v 168.24528503417969 0 -343.6524658203125
v 168.24528503417969 0 -345.06253051757812
v 170.07479858398438 0 -345.06149291992188
v 170.07479858398438 0 -343.6524658203125
v 169.42901611328125 0 -343.6524658203125
v 169.42901611328125 0 -342.00863647460938
v 169.28224182128906 0 -342.00863647460938
v 169.28224182128906 0 -341.8912353515625
v 169.51707458496094 0 -341.8912353515625
v 169.51707458496094 0 -342.36090087890625
v 170.3389892578125 0 -342.36090087890625
v 170.3389892578125 0 -341.8912353515625
v 170.45640563964844 0 -341.8912353515625
v 170.45640563964844 0 -342.47830200195312
v 169.51707458496094 0 -342.47830200195312
v 169.51707458496094 0 -343.53506469726562
v 170.3389892578125 0 -343.53506469726562
v 170.3389892578125 0 -343.03604125976562
v 170.45640563964844 0 -343.03604125976562
v 170.45640563964844 0 -343.6524658203125
v 170.19221496582031 0 -343.6524658203125
v 170.19221496582031 0 -344.29827880859375
v 170.45640563964844 0 -344.29827880859375
v 170.45640563964844 0 -344.41567993164062
v 170.19221496582031 0 -344.41567993164062
v 170.19221496582031 0 -345.06149291992188
v 170.45640563964844 0 -345.06149291992188
v 170.45640563964844 0 -345.17889404296875
v 168.24528503417969 0 -345.17889404296875
v 168.24528503417969 0 -345.85614013671875
v 169.39799499511719 0 -345.85614013671875
v 169.39799499511719 0 -346.82760620117188
v 169.3099365234375 0 -346.82760620117188
v 169.3099365234375 0 -345.9442138671875
v 168.24528503417969 0 -345.9442138671875
v 168.24528503417969 0 -347.17498779296875
v 168.33334350585938 0 -347.17498779296875
v 168.33334350585938 0 -347.35110473632812
v 169.399658203125 0 -347.35110473632812
v 169.399658203125 0 -347.46853637695312
v 168.33334350585938 0 -347.46853637695312
v 168.33334350585938 0 -348.90689086914062
v 169.42901611328125 0 -348.90689086914062
v 169.42901611328125 0 -349.5233154296875
v 169.3409423828125 0 -349.5233154296875
v 169.3409423828125 0 -349.05364990234375
v 169.10610961914062 0 -349.05364990234375
v 169.10610961914062 0 -349.5233154296875
v 169.01805114746094 0 -349.5233154296875
v 169.01805114746094 0 -349.05364990234375
v 168.33334350585938 0 -349.05364990234375
v 168.33334350585938 0 -351.54876708984375
v 168.24528503417969 0 -351.54876708984375
v 168.24528503417969 0 -357.47830200195312
v 172.37333679199219 0 -357.47830200195312
v 172.37467956542969 0 -349.05364990234375
v 171.64082336425781 0 -349.05364990234375
v 171.64082336425781 0 -349.5233154296875
v 171.52340698242188 0 -349.5233154296875
v 171.52340698242188 0 -349.05364990234375
v 171.31791687011719 0 -349.05364990234375
v 171.31791687011719 0 -349.5233154296875
v 171.171142578125 0 -349.5233154296875
v 171.171142578125 0 -348.90689086914062
v 172.37467956542969 0 -348.90689086914062
v 172.37467956542969 0 -347.46853637695312
v 171.171142578125 0 -347.46853637695312
v 171.171142578125 0 -347.35110473632812
v 172.37467956542969 0 -347.35110473632812
v 172.37467956542969 0 -346.29437255859375
v 171.58210754394531 0 -346.29437255859375
v 171.58210754394531 0 -346.206298828125
v 172.37467956542969 0 -346.206298828125
v 172.37467956542969 0 -345.208251953125
v 171.58210754394531 0 -345.208251953125
v 171.58210754394531 0 -345.09085083007812
v 172.37467956542969 0 -345.09085083007812
v 172.37467956542969 0 -344.56246948242188
v 171.58210754394531 0 -344.56246948242188
v 171.58210754394531 0 -343.94601440429688
v 171.69952392578125 0 -343.94601440429688
v 171.69952392578125 0 -344.47439575195312
v 172.37467956542969 0 -344.47439575195312
v 172.37400817871094 0 -333.37850952148438
v 169.28224182128906 0 -341.03994750976562
v 171.2783203125 0 -341.03994750976562
v 171.2783203125 0 -341.12802124023438
v 169.28224182128906 0 -341.12802124023438
v 170.26052856445312 0 -353.8970947265625
v 170.34858703613281 0 -353.8970947265625
v 170.34858703613281 0 -355.65835571289062
v 170.26052856445312 0 -355.65835571289062
v 170.26052856445312 0 -352.09710693359375
v 170.26052856445312 0 -347.35110473632812
v 170.34858703613281 0 -347.35110473632812
v 170.34858703613281 0 -352.09710693359375
f 1217 1218 1219
f 1214 1217 1219
f 1215 1216 1214
f 1217 1214 1216
f 1214 1219 1213
f 1202 1200 1201
f 1205 1206 1207 1208
f 1202 1199 1200
f 1203 1198 1202
f 1211 1212 1213 1210
f 1210 1213 1219
f 1254 1258 1209
f 1209 1210 1254
f 1210 1257 1254
f 1259 1208 1209
f 1210 1219 1257
f 1202 1198 1199
f 1205 1259 1204
f 1259 1193 1196
f 1204 1197 1198
f 1259 1197 1204
f 1204 1198 1203
f 1208 1259 1205
f 1257 1219 1256
f 1193 1194 1195 1196
f 1167 1165 1166
f 1165 1167 1170
f 1172 1173 1165
f 1162 1163 1164
f 1250 1162 1164
f 1250 1164 1253
f 1253 1164 1165
f 1253 1174 1177
f 1165 1173 1253
f 1177 1178 1252
f 1167 1168 1170
f 1197 1259 1196
f 1170 1168 1169
f 1172 1170 1171
f 1189 1190 1191 1192
f 1175 1176 1177 1174
f 1253 1177 1252
f 1180 1181 1183
f 1173 1174 1253
f 1186 1187 1188 1185
f 1170 1172 1165
f 1209 1258 1259
f 1228 1255 1256
f 1261 1254 1255
f 1261 1255 1228
f 1227 1228 1256
f 1260 1261 1228
f 1227 1256 1220
f 1229 1260 1228
f 1232 1260 1229
f 1260 1232 1233
f 1260 1233 1193
f 1225 1226 1227 1224
f 1254 1261 1258
f 1220 1223 1224
f 1222 1223 1221
f 1220 1221 1223
f 1220 1224 1227
f 1234 1236 1233
f 1234 1235 1236
f 1236 1237 1233
f 1230 1231 1232 1229
f 1239 1240 1237 1238
f 1220 1256 1219
f 1233 1237 1240
f 1189 1233 1188
f 1233 1189 1192
f 1252 1185 1188
f 1193 1233 1192
f 1179 1180 1183
f 1183 1184 1179
f 1252 1179 1184
f 1252 1178 1179
f 1184 1185 1252
f 1181 1182 1183
f 1245 1233 1244
f 1233 1245 1188
f 1243 1244 1241
f 1243 1241 1242
f 1246 1251 1252
f 1245 1252 1188
f 1245 1246 1252
f 1246 1247 1248
f 1246 1248 1251
f 1249 1251 1248
f 1249 1162 1251
f 1233 1241 1244
f 1241 1233 1240
f 1251 1162 1250
f 1193 1259 1260
g object_16
v 180.9473876953125 0 -357.47830200195312
v 185.03717041015625 0 -357.47830200195312
v 185.03717041015625 0 -355.452880859375
v 185.03717041015625 0 -351.54876708984375
v 184.94911193847656 0 -351.54876708984375
v 184.94911193847656 0 -349.05364990234375
v 184.264404296875 0 -349.05364990234375
v 184.264404296875 0 -349.5233154296875
v 184.17634582519531 0 -349.5233154296875
v 184.17634582519531 0 -349.05364990234375
v 183.94151306152344 0 -349.05364990234375
v 183.94151306152344 0 -349.5233154296875
v 183.85345458984375 0 -349.5233154296875
v 183.85345458984375 0 -348.90689086914062
v 184.94911193847656 0 -348.90689086914062
v 184.94911193847656 0 -347.46853637695312
v 183.88279724121094 0 -347.46853637695312
v 183.88279724121094 0 -347.35110473632812
v 184.94911193847656 0 -347.35110473632812
v 184.94911193847656 0 -347.17498779296875
v 185.03717041015625 0 -347.17498779296875
v 185.03717041015625 0 -345.9442138671875
v 183.97251892089844 0 -345.9442138671875
v 183.97251892089844 0 -346.82760620117188
v 183.88446044921875 0 -346.82760620117188
v 183.88446044921875 0 -345.85614013671875
v 185.03717041015625 0 -345.85614013671875
v 185.03717041015625 0 -345.17889404296875
v 182.8260498046875 0 -345.17889404296875
v 182.8260498046875 0 -345.06149291992188
v 183.09024047851562 0 -345.06149291992188
v 183.09024047851562 0 -344.41567993164062
v 182.8260498046875 0 -344.41567993164062
v 182.8260498046875 0 -344.29827880859375
v 183.09024047851562 0 -344.29827880859375
v 183.09024047851562 0 -343.6524658203125
v 182.8260498046875 0 -343.6524658203125
v 182.8260498046875 0 -343.03604125976562
v 182.94346618652344 0 -343.03604125976562
v 182.94346618652344 0 -343.53506469726562
v 183.765380859375 0 -343.53506469726562
v 183.765380859375 0 -342.47830200195312
v 182.8260498046875 0 -342.47830200195312
v 182.8260498046875 0 -341.8912353515625
v 182.94346618652344 0 -341.8912353515625
v 182.94346618652344 0 -342.36090087890625
v 183.765380859375 0 -342.36090087890625
v 183.765380859375 0 -341.8912353515625
v 184.00021362304688 0 -341.8912353515625
v 184.00021362304688 0 -342.00863647460938
v 183.85345458984375 0 -342.00863647460938
v 183.85345458984375 0 -343.6524658203125
v 183.20765686035156 0 -343.6524658203125
v 183.20765686035156 0 -345.06149291992188
v 185.03717041015625 0 -345.06253051757812
v 185.03717041015625 0 -343.6524658203125
v 184.94911193847656 0 -343.6524658203125
v 184.94911193847656 0 -339.27871704101562
v 185.03717041015625 0 -339.27871704101562
v 185.03717041015625 0 -333.37850952148438
v 180.94802856445312 0 -333.37850952148438
v 180.9473876953125 0 -344.47439575195312
v 181.62252807617188 0 -344.47439575195312
v 181.62252807617188 0 -343.94601440429688
v 181.73994445800781 0 -343.94601440429688
v 181.73994445800781 0 -344.56246948242188
v 180.9473876953125 0 -344.56246948242188
v 180.9473876953125 0 -345.09085083007812
v 181.71058654785156 0 -345.09085083007812
v 181.71058654785156 0 -345.208251953125
v 180.9473876953125 0 -345.208251953125
v 180.9473876953125 0 -346.206298828125
v 181.71058654785156 0 -346.206298828125
v 181.71058654785156 0 -346.29437255859375
v 180.9473876953125 0 -346.29437255859375
v 180.9473876953125 0 -347.35110473632812
v 182.12155151367188 0 -347.35110473632812
v 182.12155151367188 0 -347.46853637695312
v 180.9473876953125 0 -347.46853637695312
v 180.9473876953125 0 -348.90689086914062
v 182.12155151367188 0 -348.90689086914062
v 182.12155151367188 0 -349.5233154296875
v 182.00413513183594 0 -349.5233154296875
v 182.00413513183594 0 -349.05364990234375
v 181.79866027832031 0 -349.05364990234375
v 181.79866027832031 0 -349.5233154296875
v 181.71058654785156 0 -349.5233154296875
v 181.71058654785156 0 -349.05364990234375
v 180.9473876953125 0 -349.05364990234375
v 183.98170471191406 0 -341.03994750976562
v 183.98170471191406 0 -341.12802124023438
v 181.98562622070312 0 -341.12802124023438
v 181.98562622070312 0 -341.03994750976562
v 182.94346618652344 0 -352.09710693359375
v 182.94346618652344 0 -347.35110473632812
v 183.03152465820312 0 -347.35110473632812
v 183.03152465820312 0 -352.09710693359375
v 182.94346618652344 0 -353.8970947265625
v 183.03152465820312 0 -353.8970947265625
v 183.03152465820312 0 -355.65835571289062
v 182.94346618652344 0 -355.65835571289062
f 1348 1350 1262
f 1262 1347 1348
f 1350 1348 1349
f 1347 1262 1344
f 1340 1341 1342 1339
f 1335 1336 1337
f 1335 1338 1334
f 1334 1331 1332 1333
f 1344 1359 1343
f 1346 1347 1344 1345
f 1362 1359 1344
f 1355 1343 1359
f 1273 1360 1361
f 1358 1355 1359
f 1361 1362 1262
f 1356 1339 1342
f 1331 1334 1338
f 1339 1356 1338
f 1356 1342 1343
f 1338 1335 1337
f 1356 1343 1355
f 1357 1290 1356
f 1362 1344 1262
f 1361 1262 1263
f 1356 1290 1338
f 1328 1329 1330
f 1330 1331 1327
f 1326 1327 1295 1298
f 1327 1328 1330
f 1323 1354 1322
f 1324 1325 1323
f 1353 1325 1326
f 1326 1298 1353
f 1354 1323 1325
f 1325 1353 1354
f 1327 1331 1338
f 1295 1338 1294
f 1294 1291 1292 1293
f 1295 1327 1338
f 1298 1295 1296 1297
f 1298 1299 1353
f 1353 1304 1305
f 1304 1353 1299
f 1300 1304 1299
f 1305 1306 1353
f 1302 1300 1301
f 1352 1353 1306 1309
f 1303 1304 1300
f 1294 1338 1291
f 1338 1290 1291
f 1359 1360 1358
f 1274 1357 1358
f 1274 1358 1360
f 1275 1357 1274
f 1272 1273 1270 1271
f 1273 1264 1270
f 1274 1360 1273
f 1279 1357 1278
f 1275 1278 1357
f 1279 1286 1357
f 1279 1285 1286
f 1277 1278 1275 1276
f 1286 1287 1357
f 1264 1266 1269
f 1269 1266 1267
f 1270 1264 1269
f 1266 1264 1265
f 1264 1273 1361
f 1269 1267 1268
f 1285 1279 1280
f 1284 1281 1283
f 1281 1285 1280
f 1284 1285 1281
f 1264 1361 1263
f 1282 1283 1281
f 1289 1290 1287 1288
f 1302 1303 1300
f 1314 1315 1313
f 1311 1312 1313
f 1308 1309 1306 1307
f 1316 1313 1315
f 1313 1318 1311
f 1316 1318 1313
f 1318 1316 1317
f 1310 1351 1352
f 1352 1309 1310
f 1321 1322 1351
f 1351 1319 1321
f 1310 1311 1318
f 1319 1320 1321
f 1318 1319 1310
f 1310 1319 1351
f 1351 1322 1354
f 1290 1357 1287
g object_17
v 176.70730590820312 0 -333.37850952148438
v 176.70730590820312 0 -339.27871704101562
v 176.79536437988281 0 -339.27871704101562
v 176.79536437988281 0 -343.6524658203125
v 176.70730590820312 0 -343.6524658203125
v 176.70730590820312 0 -345.06253051757812
v 178.53681945800781 0 -345.06149291992188
v 178.53681945800781 0 -343.6524658203125
v 177.89103698730469 0 -343.6524658203125
v 177.89103698730469 0 -342.00863647460938
v 177.7442626953125 0 -342.00863647460938
v 177.7442626953125 0 -341.8912353515625
v 177.97909545898438 0 -341.8912353515625
v 177.97909545898438 0 -342.36090087890625
v 178.80101013183594 0 -342.36090087890625
v 178.80101013183594 0 -341.8912353515625
v 178.91842651367188 0 -341.8912353515625
v 178.91842651367188 0 -342.47830200195312
v 177.97909545898438 0 -342.47830200195312
v 177.97909545898438 0 -343.53506469726562
v 178.80101013183594 0 -343.53506469726562
v 178.80101013183594 0 -343.03604125976562
v 178.91842651367188 0 -343.03604125976562
v 178.91842651367188 0 -343.6524658203125
v 178.65423583984375 0 -343.6524658203125
v 178.65423583984375 0 -344.29827880859375
v 178.91842651367188 0 -344.29827880859375
v 178.91842651367188 0 -344.41567993164062
v 178.65423583984375 0 -344.41567993164062
v 178.65423583984375 0 -345.06149291992188
v 178.91842651367188 0 -345.06149291992188
v 178.91842651367188 0 -345.17889404296875
v 176.70730590820312 0 -345.17889404296875
v 176.70730590820312 0 -345.85614013671875
v 177.86001586914062 0 -345.85614013671875
v 177.86001586914062 0 -346.82760620117188
v 177.77195739746094 0 -346.82760620117188
v 177.77195739746094 0 -345.9442138671875
v 176.70730590820312 0 -345.9442138671875
v 176.70730590820312 0 -347.17498779296875
v 176.79536437988281 0 -347.17498779296875
v 176.79536437988281 0 -347.35110473632812
v 177.86167907714844 0 -347.35110473632812
v 177.86167907714844 0 -347.46853637695312
v 176.79536437988281 0 -347.46853637695312
v 176.79536437988281 0 -348.90689086914062
v 177.89103698730469 0 -348.90689086914062
v 177.89103698730469 0 -349.5233154296875
v 177.80296325683594 0 -349.5233154296875
v 177.80296325683594 0 -349.05364990234375
v 177.56813049316406 0 -349.05364990234375
v 177.56813049316406 0 -349.5233154296875
v 177.48007202148438 0 -349.5233154296875
v 177.48007202148438 0 -349.05364990234375
v 176.79536437988281 0 -349.05364990234375
v 176.79536437988281 0 -351.54876708984375
v 176.70730590820312 0 -351.54876708984375
v 176.70730590820312 0 -357.47830200195312
v 180.83537292480469 0 -357.47830200195312
v 180.83670043945312 0 -349.05364990234375
v 180.10284423828125 0 -349.05364990234375
v 180.10284423828125 0 -349.5233154296875
v 179.98542785644531 0 -349.5233154296875
v 179.98542785644531 0 -349.05364990234375
v 179.77993774414062 0 -349.05364990234375
v 179.77993774414062 0 -349.5233154296875
v 179.6331787109375 0 -349.5233154296875
v 179.6331787109375 0 -348.90689086914062
v 180.83670043945312 0 -348.90689086914062
v 180.83670043945312 0 -347.46853637695312
v 179.6331787109375 0 -347.46853637695312
v 179.6331787109375 0 -347.35110473632812
v 180.83670043945312 0 -347.35110473632812
v 180.83670043945312 0 -346.29437255859375
v 180.04412841796875 0 -346.29437255859375
v 180.04412841796875 0 -346.206298828125
v 180.83670043945312 0 -346.206298828125
v 180.83670043945312 0 -345.208251953125
v 180.04412841796875 0 -345.208251953125
v 180.04412841796875 0 -345.09085083007812
v 180.83670043945312 0 -345.09085083007812
v 180.83670043945312 0 -344.56246948242188
v 180.04412841796875 0 -344.56246948242188
v 180.04412841796875 0 -343.94601440429688
v 180.16154479980469 0 -343.94601440429688
v 180.16154479980469 0 -344.47439575195312
v 180.83670043945312 0 -344.47439575195312
v 180.83602905273438 0 -333.37850952148438
v 177.7442626953125 0 -341.03994750976562
v 179.74034118652344 0 -341.03994750976562
v 179.74034118652344 0 -341.12802124023438
v 177.7442626953125 0 -341.12802124023438
v 178.72254943847656 0 -353.8970947265625
v 178.81060791015625 0 -353.8970947265625
v 178.81060791015625 0 -355.65835571289062
v 178.72254943847656 0 -355.65835571289062
v 178.72254943847656 0 -352.09710693359375
v 178.72254943847656 0 -347.35110473632812
v 178.81060791015625 0 -347.35110473632812
v 178.81060791015625 0 -352.09710693359375
f 1418 1419 1420
f 1415 1418 1420
f 1416 1417 1415
f 1418 1415 1417
f 1415 1420 1414
f 1403 1401 1402
f 1406 1407 1408 1409
f 1403 1400 1401
f 1404 1399 1403
f 1412 1413 1414 1411
f 1411 1414 1420
f 1455 1459 1410
f 1410 1411 1455
f 1411 1458 1455
f 1460 1409 1410
f 1411 1420 1458
f 1403 1399 1400
f 1406 1460 1405
f 1460 1394 1397
f 1405 1398 1399
f 1460 1398 1405
f 1405 1399 1404
f 1409 1460 1406
f 1458 1420 1457
f 1394 1395 1396 1397
f 1368 1366 1367
f 1366 1368 1371
f 1373 1374 1366
f 1363 1364 1365
f 1451 1363 1365
f 1451 1365 1454
f 1454 1365 1366
f 1454 1375 1378
f 1366 1374 1454
f 1378 1379 1453
f 1368 1369 1371
f 1398 1460 1397
f 1371 1369 1370
f 1373 1371 1372
f 1390 1391 1392 1393
f 1376 1377 1378 1375
f 1454 1378 1453
f 1381 1382 1384
f 1374 1375 1454
f 1387 1388 1389 1386
f 1371 1373 1366
f 1410 1459 1460
f 1429 1456 1457
f 1462 1455 1456
f 1462 1456 1429
f 1428 1429 1457
f 1461 1462 1429
f 1428 1457 1421
f 1430 1461 1429
f 1433 1461 1430
f 1461 1433 1434
f 1461 1434 1394
f 1426 1427 1428 1425
f 1455 1462 1459
f 1421 1424 1425
f 1423 1424 1422
f 1421 1422 1424
f 1421 1425 1428
f 1435 1437 1434
f 1435 1436 1437
f 1437 1438 1434
f 1431 1432 1433 1430
f 1440 1441 1438 1439
f 1421 1457 1420
f 1434 1438 1441
f 1390 1434 1389
f 1434 1390 1393
f 1453 1386 1389
f 1394 1434 1393
f 1380 1381 1384
f 1384 1385 1380
f 1453 1380 1385
f 1453 1379 1380
f 1385 1386 1453
f 1382 1383 1384
f 1446 1434 1445
f 1434 1446 1389
f 1444 1445 1442
f 1444 1442 1443
f 1447 1452 1453
f 1446 1453 1389
f 1446 1447 1453
f 1447 1448 1449
f 1447 1449 1452
f 1450 1452 1449
f 1450 1363 1452
f 1434 1442 1445
f 1442 1434 1441
f 1452 1363 1451
f 1394 1460 1461
g object_18
v 189.40940856933594 0 -357.47830200195312
v 193.49919128417969 0 -357.47830200195312
v 193.49919128417969 0 -355.452880859375
v 193.49919128417969 0 -351.54876708984375
v 193.4111328125 0 -351.54876708984375
v 193.4111328125 0 -349.05364990234375
v 192.72642517089844 0 -349.05364990234375
v 192.72642517089844 0 -349.5233154296875
v 192.63836669921875 0 -349.5233154296875
v 192.63836669921875 0 -349.05364990234375
v 192.40353393554688 0 -349.05364990234375
v 192.40353393554688 0 -349.5233154296875
v 192.31547546386719 0 -349.5233154296875
v 192.31547546386719 0 -348.90689086914062
v 193.4111328125 0 -348.90689086914062
v 193.4111328125 0 -347.46853637695312
v 192.34483337402344 0 -347.46853637695312
v 192.34483337402344 0 -347.35110473632812
v 193.4111328125 0 -347.35110473632812
v 193.4111328125 0 -347.17498779296875
v 193.49919128417969 0 -347.17498779296875
v 193.49919128417969 0 -345.9442138671875
v 192.43453979492188 0 -345.9442138671875
v 192.43453979492188 0 -346.82760620117188
v 192.34648132324219 0 -346.82760620117188
v 192.34648132324219 0 -345.85614013671875
v 193.49919128417969 0 -345.85614013671875
v 193.49919128417969 0 -345.17889404296875
v 191.28807067871094 0 -345.17889404296875
v 191.28807067871094 0 -345.06149291992188
v 191.55226135253906 0 -345.06149291992188
v 191.55226135253906 0 -344.41567993164062
v 191.28807067871094 0 -344.41567993164062
v 191.28807067871094 0 -344.29827880859375
v 191.55226135253906 0 -344.29827880859375
v 191.55226135253906 0 -343.6524658203125
v 191.28807067871094 0 -343.6524658203125
v 191.28807067871094 0 -343.03604125976562
v 191.40548706054688 0 -343.03604125976562
v 191.40548706054688 0 -343.53506469726562
v 192.22740173339844 0 -343.53506469726562
v 192.22740173339844 0 -342.47830200195312
v 191.28807067871094 0 -342.47830200195312
v 191.28807067871094 0 -341.8912353515625
v 191.40548706054688 0 -341.8912353515625
v 191.40548706054688 0 -342.36090087890625
v 192.22740173339844 0 -342.36090087890625
v 192.22740173339844 0 -341.8912353515625
v 192.46224975585938 0 -341.8912353515625
v 192.46224975585938 0 -342.00863647460938
v 192.31547546386719 0 -342.00863647460938
v 192.31547546386719 0 -343.6524658203125
v 191.669677734375 0 -343.6524658203125
v 191.669677734375 0 -345.06149291992188
v 193.49919128417969 0 -345.06253051757812
v 193.49919128417969 0 -343.6524658203125
v 193.4111328125 0 -343.6524658203125
v 193.4111328125 0 -339.27871704101562
v 193.49919128417969 0 -339.27871704101562
v 193.49919128417969 0 -333.37850952148438
v 189.41004943847656 0 -333.37850952148438
v 189.40940856933594 0 -344.47439575195312
v 190.08454895019531 0 -344.47439575195312
v 190.08454895019531 0 -343.94601440429688
v 190.20196533203125 0 -343.94601440429688
v 190.20196533203125 0 -344.56246948242188
v 189.40940856933594 0 -344.56246948242188
v 189.40940856933594 0 -345.09085083007812
v 190.172607421875 0 -345.09085083007812
v 190.172607421875 0 -345.208251953125
v 189.40940856933594 0 -345.208251953125
v 189.40940856933594 0 -346.206298828125
v 190.172607421875 0 -346.206298828125
v 190.172607421875 0 -346.29437255859375
v 189.40940856933594 0 -346.29437255859375
v 189.40940856933594 0 -347.35110473632812
v 190.58357238769531 0 -347.35110473632812
v 190.58357238769531 0 -347.46853637695312
v 189.40940856933594 0 -347.46853637695312
v 189.40940856933594 0 -348.90689086914062
v 190.58357238769531 0 -348.90689086914062
v 190.58357238769531 0 -349.5233154296875
v 190.46615600585938 0 -349.5233154296875
v 190.46615600585938 0 -349.05364990234375
v 190.26068115234375 0 -349.05364990234375
v 190.26068115234375 0 -349.5233154296875
v 190.172607421875 0 -349.5233154296875
v 190.172607421875 0 -349.05364990234375
v 189.40940856933594 0 -349.05364990234375
v 192.4437255859375 0 -341.03994750976562
v 192.4437255859375 0 -341.12802124023438
v 190.44764709472656 0 -341.12802124023438
v 190.44764709472656 0 -341.03994750976562
v 191.40548706054688 0 -352.09710693359375
v 191.40548706054688 0 -347.35110473632812
v 191.49356079101562 0 -347.35110473632812
v 191.49356079101562 0 -352.09710693359375
v 191.40548706054688 0 -353.8970947265625
v 191.49356079101562 0 -353.8970947265625
v 191.49356079101562 0 -355.65835571289062
v 191.40548706054688 0 -355.65835571289062
f 1549 1551 1463
f 1463 1548 1549
f 1551 1549 1550
f 1548 1463 1545
f 1541 1542 1543 1540
f 1536 1537 1538
f 1536 1539 1535
f 1535 1532 1533 1534
f 1545 1560 1544
f 1547 1548 1545 1546
f 1563 1560 1545
f 1556 1544 1560
f 1474 1561 1562
f 1559 1556 1560
f 1562 1563 1463
f 1557 1540 1543
f 1532 1535 1539
f 1540 1557 1539
f 1557 1543 1544
f 1539 1536 1538
f 1557 1544 1556
f 1558 1491 1557
f 1563 1545 1463
f 1562 1463 1464
f 1557 1491 1539
f 1529 1530 1531
f 1531 1532 1528
f 1527 1528 1496 1499
f 1528 1529 1531
f 1524 1555 1523
f 1525 1526 1524
f 1554 1526 1527
f 1527 1499 1554
f 1555 1524 1526
f 1526 1554 1555
f 1528 1532 1539
f 1496 1539 1495
f 1495 1492 1493 1494
f 1496 1528 1539
f 1499 1496 1497 1498
f 1499 1500 1554
f 1554 1505 1506
f 1505 1554 1500
f 1501 1505 1500
f 1506 1507 1554
f 1503 1501 1502
f 1553 1554 1507 1510
f 1504 1505 1501
f 1495 1539 1492
f 1539 1491 1492
f 1560 1561 1559
f 1475 1558 1559
f 1475 1559 1561
f 1476 1558 1475
f 1473 1474 1471 1472
f 1474 1465 1471
f 1475 1561 1474
f 1480 1558 1479
f 1476 1479 1558
f 1480 1487 1558
f 1480 1486 1487
f 1478 1479 1476 1477
f 1487 1488 1558
f 1465 1467 1470
f 1470 1467 1468
f 1471 1465 1470
f 1467 1465 1466
f 1465 1474 1562
f 1470 1468 1469
f 1486 1480 1481
f 1485 1482 1484
f 1482 1486 1481
f 1485 1486 1482
f 1465 1562 1464
f 1483 1484 1482
f 1490 1491 1488 1489
f 1503 1504 1501
f 1515 1516 1514
f 1512 1513 1514
f 1509 1510 1507 1508
f 1517 1514 1516
f 1514 1519 1512
f 1517 1519 1514
f 1519 1517 1518
f 1511 1552 1553
f 1553 1510 1511
f 1522 1523 1552
f 1552 1520 1522
f 1511 1512 1519
f 1520 1521 1522
f 1519 1520 1511
f 1511 1520 1552
f 1552 1523 1555
f 1491 1558 1488
g object_19
v 138.62916564941406 0 -333.37850952148438
v 142.73580932617188 0 -333.37850952148438
v 142.74241638183594 0 -345.05902099609375
v 138.62255859375 0 -345.05679321289062
f 1567 1564 1565 1566
g object_20
v 185.16932678222656 0 -333.37850952148438
v 185.16932678222656 0 -339.27871704101562
v 185.25738525390625 0 -339.27871704101562
v 185.25738525390625 0 -343.6524658203125
v 185.16932678222656 0 -343.6524658203125
v 185.16932678222656 0 -345.06253051757812
v 186.99884033203125 0 -345.06149291992188
v 186.99884033203125 0 -343.6524658203125
v 186.35305786132812 0 -343.6524658203125
v 186.35305786132812 0 -342.00863647460938
v 186.20628356933594 0 -342.00863647460938
v 186.20628356933594 0 -341.8912353515625
v 186.44111633300781 0 -341.8912353515625
v 186.44111633300781 0 -342.36090087890625
v 187.26303100585938 0 -342.36090087890625
v 187.26303100585938 0 -341.8912353515625
v 187.38044738769531 0 -341.8912353515625
v 187.38044738769531 0 -342.47830200195312
v 186.44111633300781 0 -342.47830200195312
v 186.44111633300781 0 -343.53506469726562
v 187.26303100585938 0 -343.53506469726562
v 187.26303100585938 0 -343.03604125976562
v 187.38044738769531 0 -343.03604125976562
v 187.38044738769531 0 -343.6524658203125
v 187.11625671386719 0 -343.6524658203125
v 187.11625671386719 0 -344.29827880859375
v 187.38044738769531 0 -344.29827880859375
v 187.38044738769531 0 -344.41567993164062
v 187.11625671386719 0 -344.41567993164062
v 187.11625671386719 0 -345.06149291992188
v 187.38044738769531 0 -345.06149291992188
v 187.38044738769531 0 -345.17889404296875
v 185.16932678222656 0 -345.17889404296875
v 185.16932678222656 0 -345.85614013671875
v 186.32205200195312 0 -345.85614013671875
v 186.32205200195312 0 -346.82760620117188
v 186.23397827148438 0 -346.82760620117188
v 186.23397827148438 0 -345.9442138671875
v 185.16932678222656 0 -345.9442138671875
v 185.16932678222656 0 -347.17498779296875
v 185.25738525390625 0 -347.17498779296875
v 185.25738525390625 0 -347.35110473632812
v 186.32369995117188 0 -347.35110473632812
v 186.32369995117188 0 -347.46853637695312
v 185.25738525390625 0 -347.46853637695312
v 185.25738525390625 0 -348.90689086914062
v 186.35305786132812 0 -348.90689086914062
v 186.35305786132812 0 -349.5233154296875
v 186.26498413085938 0 -349.5233154296875
v 186.26498413085938 0 -349.05364990234375
v 186.0301513671875 0 -349.05364990234375
v 186.0301513671875 0 -349.5233154296875
v 185.94209289550781 0 -349.5233154296875
v 185.94209289550781 0 -349.05364990234375
v 185.25738525390625 0 -349.05364990234375
v 185.25738525390625 0 -351.54876708984375
v 185.16932678222656 0 -351.54876708984375
v 185.16932678222656 0 -357.47830200195312
v 189.29739379882812 0 -357.47830200195312
v 189.29872131347656 0 -349.05364990234375
v 188.56486511230469 0 -349.05364990234375
v 188.56486511230469 0 -349.5233154296875
v 188.44744873046875 0 -349.5233154296875
v 188.44744873046875 0 -349.05364990234375
v 188.24195861816406 0 -349.05364990234375
v 188.24195861816406 0 -349.5233154296875
v 188.09519958496094 0 -349.5233154296875
v 188.09519958496094 0 -348.90689086914062
v 189.29872131347656 0 -348.90689086914062
v 189.29872131347656 0 -347.46853637695312
v 188.09519958496094 0 -347.46853637695312
v 188.09519958496094 0 -347.35110473632812
v 189.29872131347656 0 -347.35110473632812
v 189.29872131347656 0 -346.29437255859375
v 188.50614929199219 0 -346.29437255859375
v 188.50614929199219 0 -346.206298828125
v 189.29872131347656 0 -346.206298828125
v 189.29872131347656 0 -345.208251953125
v 188.50614929199219 0 -345.208251953125
v 188.50614929199219 0 -345.09085083007812
v 189.29872131347656 0 -345.09085083007812
v 189.29872131347656 0 -344.56246948242188
v 188.50614929199219 0 -344.56246948242188
v 188.50614929199219 0 -343.94601440429688
v 188.62356567382812 0 -343.94601440429688
v 188.62356567382812 0 -344.47439575195312
v 189.29872131347656 0 -344.47439575195312
v 189.29804992675781 0 -333.37850952148438
v 186.20628356933594 0 -341.03994750976562
v 188.20236206054688 0 -341.03994750976562
v 188.20236206054688 0 -341.12802124023438
v 186.20628356933594 0 -341.12802124023438
v 187.1845703125 0 -353.8970947265625
v 187.27262878417969 0 -353.8970947265625
v 187.27262878417969 0 -355.65835571289062
v 187.1845703125 0 -355.65835571289062
v 187.1845703125 0 -352.09710693359375
v 187.1845703125 0 -347.35110473632812
v 187.27262878417969 0 -347.35110473632812
v 187.27262878417969 0 -352.09710693359375
f 1623 1624 1625
f 1620 1623 1625
f 1621 1622 1620
f 1623 1620 1622
f 1620 1625 1619
f 1608 1606 1607
f 1611 1612 1613 1614
f 1608 1605 1606
f 1609 1604 1608
f 1617 1618 1619 1616
f 1616 1619 1625
f 1660 1664 1615
f 1615 1616 1660
f 1616 1663 1660
f 1665 1614 1615
f 1616 1625 1663
f 1608 1604 1605
f 1611 1665 1610
f 1665 1599 1602
f 1610 1603 1604
f 1665 1603 1610
f 1610 1604 1609
f 1614 1665 1611
f 1663 1625 1662
f 1599 1600 1601 1602
f 1573 1571 1572
f 1571 1573 1576
f 1578 1579 1571
f 1568 1569 1570
f 1656 1568 1570
f 1656 1570 1659
f 1659 1570 1571
f 1659 1580 1583
f 1571 1579 1659
f 1583 1584 1658
f 1573 1574 1576
f 1603 1665 1602
f 1576 1574 1575
f 1578 1576 1577
f 1595 1596 1597 1598
f 1581 1582 1583 1580
f 1659 1583 1658
f 1586 1587 1589
f 1579 1580 1659
f 1592 1593 1594 1591
f 1576 1578 1571
f 1615 1664 1665
f 1634 1661 1662
f 1667 1660 1661
f 1667 1661 1634
f 1633 1634 1662
f 1666 1667 1634
f 1633 1662 1626
f 1635 1666 1634
f 1638 1666 1635
f 1666 1638 1639
f 1666 1639 1599
f 1631 1632 1633 1630
f 1660 1667 1664
f 1626 1629 1630
f 1628 1629 1627
f 1626 1627 1629
f 1626 1630 1633
f 1640 1642 1639
f 1640 1641 1642
f 1642 1643 1639
f 1636 1637 1638 1635
f 1645 1646 1643 1644
f 1626 1662 1625
f 1639 1643 1646
f 1595 1639 1594
f 1639 1595 1598
f 1658 1591 1594
f 1599 1639 1598
f 1585 1586 1589
f 1589 1590 1585
f 1658 1585 1590
f 1658 1584 1585
f 1590 1591 1658
f 1587 1588 1589
f 1651 1639 1650
f 1639 1651 1594
f 1649 1650 1647
f 1649 1647 1648
f 1652 1657 1658
f 1651 1658 1594
f 1651 1652 1658
f 1652 1653 1654
f 1652 1654 1657
f 1655 1657 1654
f 1655 1568 1657
f 1639 1647 1650
f 1647 1639 1646
f 1657 1568 1656
f 1599 1665 1666
g object_21
v 197.78115844726562 0 -350.79733276367188
v 197.78115844726562 0 -353.80926513671875
v 199.71774291992188 0 -350.79733276367188
v 199.71774291992188 0 -353.80926513671875
f 1671 1669 1668 1670
g object_22
v 197.78115844726562 0 -350.70950317382812
v 197.78115844726562 0 -347.69757080078125
v 199.71774291992188 0 -350.70950317382812
v 199.71774291992188 0 -347.69757080078125
f 1675 1673 1672 1674
g object_23
v 206.07778930664062 0 -350.70950317382812
v 206.08473205566406 0 -347.69757080078125
v 204.30918884277344 0 -347.69757080078125
v 204.30918884277344 0 -350.70950317382812
f 1678 1679 1676 1677
g object_24
v 204.30918884277344 0 -353.80926513671875
v 204.30918884277344 0 -350.79733276367188
v 206.09251403808594 0 -353.80926513671875
v 206.09251403808594 0 -350.79733276367188
f 1683 1681 1680 1682
g object_25
v 193.62094116210938 0 -333.37850952148438
v 193.61196899414062 0 -345.05825805664062
v 197.65292358398438 0 -345.05825805664062
v 197.65292358398438 0 -343.64923095703125
v 197.56486511230469 0 -343.64923095703125
v 197.56486511230469 0 -339.27545166015625
v 197.65292358398438 0 -339.27545166015625
v 197.65292358398438 0 -333.37527465820312
f 1688 1689 1690 1691 1684 1685 1686 1687
g object_26
v 197.78802490234375 0 -333.37527465820312
v 197.79014587402344 0 -339.27545166015625
v 197.87820434570312 0 -339.27545166015625
v 197.87820434570312 0 -343.64923095703125
v 197.78224182128906 0 -343.64923095703125
v 197.78115844726562 0 -345.05825805664062
v 206.09056091308594 0 -345.0582275390625
v 206.07400512695312 0 -333.37527465820312
v 201.99734497070312 0 -343.64923095703125
v 201.87992858886719 0 -343.64923095703125
v 201.87992858886719 0 -339.27545166015625
v 201.99734497070312 0 -339.27545166015625
v 202.0938720703125 0 -335.57763671875
v 201.78053283691406 0 -335.57763671875
v 201.78053283691406 0 -335.2642822265625
v 202.0938720703125 0 -335.2642822265625
f 1695 1696 1697
f 1694 1695 1701 1702
f 1705 1692 1694
f 1693 1694 1692
f 1692 1705 1706
f 1702 1705 1694
f 1699 1692 1706
f 1701 1695 1697
f 1701 1698 1700
f 1698 1701 1697
f 1698 1703 1700
f 1699 1704 1703
f 1706 1707 1699
f 1704 1699 1707
f 1699 1703 1698
f 1703 1704 1702
f 1702 1704 1705
g object_27
v 210.47802734375 0 -357.4766845703125
v 214.56782531738281 0 -357.4766845703125
v 214.56782531738281 0 -355.45126342773438
v 214.56782531738281 0 -351.54714965820312
v 214.47976684570312 0 -351.54714965820312
v 214.47976684570312 0 -349.05203247070312
v 213.79505920410156 0 -349.05203247070312
v 213.79505920410156 0 -349.52169799804688
v 213.70700073242188 0 -349.52169799804688
v 213.70700073242188 0 -349.05203247070312
v 213.47215270996094 0 -349.05203247070312
v 213.47215270996094 0 -349.52169799804688
v 213.38409423828125 0 -349.52169799804688
v 213.38409423828125 0 -348.9052734375
v 214.47976684570312 0 -348.9052734375
v 214.47976684570312 0 -347.4669189453125
v 213.4134521484375 0 -347.4669189453125
v 213.4134521484375 0 -347.3494873046875
v 214.47976684570312 0 -347.3494873046875
v 214.47976684570312 0 -347.17337036132812
v 214.56782531738281 0 -347.17337036132812
v 214.56782531738281 0 -345.94259643554688
v 213.503173828125 0 -345.94259643554688
v 213.503173828125 0 -346.82598876953125
v 213.41510009765625 0 -346.82598876953125
v 213.41510009765625 0 -345.85452270507812
v 214.56782531738281 0 -345.85452270507812
v 214.56782531738281 0 -345.17727661132812
v 212.35670471191406 0 -345.17727661132812
v 212.35670471191406 0 -345.05987548828125
v 212.62089538574219 0 -345.05987548828125
v 212.62089538574219 0 -344.4140625
v 212.35670471191406 0 -344.4140625
v 212.35670471191406 0 -344.29666137695312
v 212.62089538574219 0 -344.29666137695312
v 212.62089538574219 0 -343.65084838867188
v 212.35670471191406 0 -343.65084838867188
v 212.35670471191406 0 -343.034423828125
v 212.47412109375 0 -343.034423828125
v 212.47412109375 0 -343.533447265625
v 213.29603576660156 0 -343.533447265625
v 213.29603576660156 0 -342.4766845703125
v 212.35670471191406 0 -342.4766845703125
v 212.35670471191406 0 -341.88961791992188
v 212.47412109375 0 -341.88961791992188
v 212.47412109375 0 -342.35928344726562
v 213.29603576660156 0 -342.35928344726562
v 213.29603576660156 0 -341.88961791992188
v 213.53086853027344 0 -341.88961791992188
v 213.53086853027344 0 -342.00701904296875
v 213.38409423828125 0 -342.00701904296875
v 213.38409423828125 0 -343.65084838867188
v 212.73831176757812 0 -343.65084838867188
v 212.73831176757812 0 -345.05987548828125
v 214.56782531738281 0 -345.0609130859375
v 214.56782531738281 0 -343.65084838867188
v 214.47976684570312 0 -343.65084838867188
v 214.47976684570312 0 -339.277099609375
v 214.56782531738281 0 -339.277099609375
v 214.56782531738281 0 -333.37689208984375
v 210.47866821289062 0 -333.37689208984375
v 210.47802734375 0 -344.4727783203125
v 211.15318298339844 0 -344.4727783203125
v 211.15318298339844 0 -343.94439697265625
v 211.27059936523438 0 -343.94439697265625
v 211.27059936523438 0 -344.56085205078125
v 210.47802734375 0 -344.56085205078125
v 210.47802734375 0 -345.08920288085938
v 211.24124145507812 0 -345.08920288085938
v 211.24124145507812 0 -345.20663452148438
v 210.47802734375 0 -345.20663452148438
v 210.47802734375 0 -346.20468139648438
v 211.24124145507812 0 -346.20468139648438
v 211.24124145507812 0 -346.29275512695312
v 210.47802734375 0 -346.29275512695312
v 210.47802734375 0 -347.3494873046875
v 211.65220642089844 0 -347.3494873046875
v 211.65220642089844 0 -347.4669189453125
v 210.47802734375 0 -347.4669189453125
v 210.47802734375 0 -348.9052734375
v 211.65220642089844 0 -348.9052734375
v 211.65220642089844 0 -349.52169799804688
v 211.5347900390625 0 -349.52169799804688
v 211.5347900390625 0 -349.05203247070312
v 211.32929992675781 0 -349.05203247070312
v 211.32929992675781 0 -349.52169799804688
v 211.24124145507812 0 -349.52169799804688
v 211.24124145507812 0 -349.05203247070312
v 210.47802734375 0 -349.05203247070312
v 213.51235961914062 0 -341.038330078125
v 213.51235961914062 0 -341.12640380859375
v 211.51626586914062 0 -341.12640380859375
v 211.51626586914062 0 -341.038330078125
v 212.47412109375 0 -352.09548950195312
v 212.47412109375 0 -347.3494873046875
v 212.56217956542969 0 -347.3494873046875
v 212.56217956542969 0 -352.09548950195312
v 212.47412109375 0 -353.89547729492188
v 212.56217956542969 0 -353.89547729492188
v 212.56217956542969 0 -355.65673828125
v 212.47412109375 0 -355.65673828125
f 1794 1796 1708
f 1708 1793 1794
f 1796 1794 1795
f 1793 1708 1790
f 1786 1787 1788 1785
f 1781 1782 1783
f 1781 1784 1780
f 1780 1777 1778 1779
f 1790 1805 1789
f 1792 1793 1790 1791
f 1808 1805 1790
f 1801 1789 1805
f 1719 1806 1807
f 1804 1801 1805
f 1807 1808 1708
f 1802 1785 1788
f 1777 1780 1784
f 1785 1802 1784
f 1802 1788 1789
f 1784 1781 1783
f 1802 1789 1801
f 1803 1736 1802
f 1808 1790 1708
f 1807 1708 1709
f 1802 1736 1784
f 1774 1775 1776
f 1776 1777 1773
f 1772 1773 1741 1744
f 1773 1774 1776
f 1769 1800 1768
f 1770 1771 1769
f 1799 1771 1772
f 1772 1744 1799
f 1800 1769 1771
f 1771 1799 1800
f 1773 1777 1784
f 1741 1784 1740
f 1740 1737 1738 1739
f 1741 1773 1784
f 1744 1741 1742 1743
f 1744 1745 1799
f 1799 1750 1751
f 1750 1799 1745
f 1746 1750 1745
f 1751 1752 1799
f 1748 1746 1747
f 1798 1799 1752 1755
f 1749 1750 1746
f 1740 1784 1737
f 1784 1736 1737
f 1805 1806 1804
f 1720 1803 1804
f 1720 1804 1806
f 1721 1803 1720
f 1718 1719 1716 1717
f 1719 1710 1716
f 1720 1806 1719
f 1725 1803 1724
f 1721 1724 1803
f 1725 1732 1803
f 1725 1731 1732
f 1723 1724 1721 1722
f 1732 1733 1803
f 1710 1712 1715
f 1715 1712 1713
f 1716 1710 1715
f 1712 1710 1711
f 1710 1719 1807
f 1715 1713 1714
f 1731 1725 1726
f 1730 1727 1729
f 1727 1731 1726
f 1730 1731 1727
f 1710 1807 1709
f 1728 1729 1727
f 1735 1736 1733 1734
f 1748 1749 1746
f 1760 1761 1759
f 1757 1758 1759
f 1754 1755 1752 1753
f 1762 1759 1761
f 1759 1764 1757
f 1762 1764 1759
f 1764 1762 1763
f 1756 1797 1798
f 1798 1755 1756
f 1767 1768 1797
f 1797 1765 1767
f 1756 1757 1764
f 1765 1766 1767
f 1764 1765 1756
f 1756 1765 1797
f 1797 1768 1800
f 1736 1803 1733
g object_28
v 206.23796081542969 0 -333.37689208984375
v 206.23796081542969 0 -339.277099609375
v 206.32601928710938 0 -339.277099609375
v 206.32601928710938 0 -343.65084838867188
v 206.23796081542969 0 -343.65084838867188
v 206.23796081542969 0 -345.0609130859375
v 208.06747436523438 0 -345.05987548828125
v 208.06747436523438 0 -343.65084838867188
v 207.42167663574219 0 -343.65084838867188
v 207.42167663574219 0 -342.00701904296875
v 207.27490234375 0 -342.00701904296875
v 207.27490234375 0 -341.88961791992188
v 207.50973510742188 0 -341.88961791992188
v 207.50973510742188 0 -342.35928344726562
v 208.3316650390625 0 -342.35928344726562
v 208.3316650390625 0 -341.88961791992188
v 208.44908142089844 0 -341.88961791992188
v 208.44908142089844 0 -342.4766845703125
v 207.50973510742188 0 -342.4766845703125
v 207.50973510742188 0 -343.533447265625
v 208.3316650390625 0 -343.533447265625
v 208.3316650390625 0 -343.034423828125
v 208.44908142089844 0 -343.034423828125
v 208.44908142089844 0 -343.65084838867188
v 208.18489074707031 0 -343.65084838867188
v 208.18489074707031 0 -344.29666137695312
v 208.44908142089844 0 -344.29666137695312
v 208.44908142089844 0 -344.4140625
v 208.18489074707031 0 -344.4140625
v 208.18489074707031 0 -345.05987548828125
v 208.44908142089844 0 -345.05987548828125
v 208.44908142089844 0 -345.17727661132812
v 206.23796081542969 0 -345.17727661132812
v 206.23796081542969 0 -345.85452270507812
v 207.39067077636719 0 -345.85452270507812
v 207.39067077636719 0 -346.82598876953125
v 207.3026123046875 0 -346.82598876953125
v 207.3026123046875 0 -345.94259643554688
v 206.23796081542969 0 -345.94259643554688
v 206.23796081542969 0 -347.17337036132812
v 206.32601928710938 0 -347.17337036132812
v 206.32601928710938 0 -347.3494873046875
v 207.39231872558594 0 -347.3494873046875
v 207.39231872558594 0 -347.4669189453125
v 206.32601928710938 0 -347.4669189453125
v 206.32601928710938 0 -348.9052734375
v 207.42167663574219 0 -348.9052734375
v 207.42167663574219 0 -349.52169799804688
v 207.3336181640625 0 -349.52169799804688
v 207.3336181640625 0 -349.05203247070312
v 207.09878540039062 0 -349.05203247070312
v 207.09878540039062 0 -349.52169799804688
v 207.01072692871094 0 -349.52169799804688
v 207.01072692871094 0 -349.05203247070312
v 206.32601928710938 0 -349.05203247070312
v 206.32601928710938 0 -351.54714965820312
v 206.23796081542969 0 -351.54714965820312
v 206.23796081542969 0 -357.4766845703125
v 210.36601257324219 0 -357.4766845703125
v 210.36734008789062 0 -349.05203247070312
v 209.63348388671875 0 -349.05203247070312
v 209.63348388671875 0 -349.52169799804688
v 209.51606750488281 0 -349.52169799804688
v 209.51606750488281 0 -349.05203247070312
v 209.31059265136719 0 -349.05203247070312
v 209.31059265136719 0 -349.52169799804688
v 209.163818359375 0 -349.52169799804688
v 209.163818359375 0 -348.9052734375
v 210.36734008789062 0 -348.9052734375
v 210.36734008789062 0 -347.4669189453125
v 209.163818359375 0 -347.4669189453125
v 209.163818359375 0 -347.3494873046875
v 210.36734008789062 0 -347.3494873046875
v 210.36734008789062 0 -346.29275512695312
v 209.57478332519531 0 -346.29275512695312
v 209.57478332519531 0 -346.20468139648438
v 210.36734008789062 0 -346.20468139648438
v 210.36734008789062 0 -345.20663452148438
v 209.57478332519531 0 -345.20663452148438
v 209.57478332519531 0 -345.08920288085938
v 210.36734008789062 0 -345.08920288085938
v 210.36734008789062 0 -344.56085205078125
v 209.57478332519531 0 -344.56085205078125
v 209.57478332519531 0 -343.94439697265625
v 209.69219970703125 0 -343.94439697265625
v 209.69219970703125 0 -344.4727783203125
v 210.36734008789062 0 -344.4727783203125
v 210.36668395996094 0 -333.37689208984375
v 207.27490234375 0 -341.038330078125
v 209.27099609375 0 -341.038330078125
v 209.27099609375 0 -341.12640380859375
v 207.27490234375 0 -341.12640380859375
v 208.25320434570312 0 -353.89547729492188
v 208.34126281738281 0 -353.89547729492188
v 208.34126281738281 0 -355.65673828125
v 208.25320434570312 0 -355.65673828125
v 208.25320434570312 0 -352.09548950195312
v 208.25320434570312 0 -347.3494873046875
v 208.34126281738281 0 -347.3494873046875
v 208.34126281738281 0 -352.09548950195312
f 1864 1865 1866
f 1861 1864 1866
f 1862 1863 1861
f 1864 1861 1863
f 1861 1866 1860
f 1849 1847 1848
f 1852 1853 1854 1855
f 1849 1846 1847
f 1850 1845 1849
f 1858 1859 1860 1857
f 1857 1860 1866
f 1901 1905 1856
f 1856 1857 1901
f 1857 1904 1901
f 1906 1855 1856
f 1857 1866 1904
f 1849 1845 1846
f 1852 1906 1851
f 1906 1840 1843
f 1851 1844 1845
f 1906 1844 1851
f 1851 1845 1850
f 1855 1906 1852
f 1904 1866 1903
f 1840 1841 1842 1843
f 1814 1812 1813
f 1812 1814 1817
f 1819 1820 1812
f 1809 1810 1811
f 1897 1809 1811
f 1897 1811 1900
f 1900 1811 1812
f 1900 1821 1824
f 1812 1820 1900
f 1824 1825 1899
f 1814 1815 1817
f 1844 1906 1843
f 1817 1815 1816
f 1819 1817 1818
f 1836 1837 1838 1839
f 1822 1823 1824 1821
f 1900 1824 1899
f 1827 1828 1830
f 1820 1821 1900
f 1833 1834 1835 1832
f 1817 1819 1812
f 1856 1905 1906
f 1875 1902 1903
f 1908 1901 1902
f 1908 1902 1875
f 1874 1875 1903
f 1907 1908 1875
f 1874 1903 1867
f 1876 1907 1875
f 1879 1907 1876
f 1907 1879 1880
f 1907 1880 1840
f 1872 1873 1874 1871
f 1901 1908 1905
f 1867 1870 1871
f 1869 1870 1868
f 1867 1868 1870
f 1867 1871 1874
f 1881 1883 1880
f 1881 1882 1883
f 1883 1884 1880
f 1877 1878 1879 1876
f 1886 1887 1884 1885
f 1867 1903 1866
f 1880 1884 1887
f 1836 1880 1835
f 1880 1836 1839
f 1899 1832 1835
f 1840 1880 1839
f 1826 1827 1830
f 1830 1831 1826
f 1899 1826 1831
f 1899 1825 1826
f 1831 1832 1899
f 1828 1829 1830
f 1892 1880 1891
f 1880 1892 1835
f 1890 1891 1888
f 1890 1888 1889
f 1893 1898 1899
f 1892 1899 1835
f 1892 1893 1899
f 1893 1894 1895
f 1893 1895 1898
f 1896 1898 1895
f 1896 1809 1898
f 1880 1888 1891
f 1888 1880 1887
f 1898 1809 1897
f 1840 1906 1907
g object_29
v 218.94004821777344 0 -357.4766845703125
v 223.02984619140625 0 -357.4766845703125
v 223.02984619140625 0 -355.45126342773438
v 223.02984619140625 0 -351.54714965820312
v 222.94178771972656 0 -351.54714965820312
v 222.94178771972656 0 -349.05203247070312
v 222.257080078125 0 -349.05203247070312
v 222.257080078125 0 -349.52169799804688
v 222.16902160644531 0 -349.52169799804688
v 222.16902160644531 0 -349.05203247070312
v 221.93418884277344 0 -349.05203247070312
v 221.93418884277344 0 -349.52169799804688
v 221.84611511230469 0 -349.52169799804688
v 221.84611511230469 0 -348.9052734375
v 222.94178771972656 0 -348.9052734375
v 222.94178771972656 0 -347.4669189453125
v 221.87547302246094 0 -347.4669189453125
v 221.87547302246094 0 -347.3494873046875
v 222.94178771972656 0 -347.3494873046875
v 222.94178771972656 0 -347.17337036132812
v 223.02984619140625 0 -347.17337036132812
v 223.02984619140625 0 -345.94259643554688
v 221.96519470214844 0 -345.94259643554688
v 221.96519470214844 0 -346.82598876953125
v 221.87713623046875 0 -346.82598876953125
v 221.87713623046875 0 -345.85452270507812
v 223.02984619140625 0 -345.85452270507812
v 223.02984619140625 0 -345.17727661132812
v 220.8187255859375 0 -345.17727661132812
v 220.8187255859375 0 -345.05987548828125
v 221.08291625976562 0 -345.05987548828125
v 221.08291625976562 0 -344.4140625
v 220.8187255859375 0 -344.4140625
v 220.8187255859375 0 -344.29666137695312
v 221.08291625976562 0 -344.29666137695312
v 221.08291625976562 0 -343.65084838867188
v 220.8187255859375 0 -343.65084838867188
v 220.8187255859375 0 -343.034423828125
v 220.93614196777344 0 -343.034423828125
v 220.93614196777344 0 -343.533447265625
v 221.758056640625 0 -343.533447265625
v 221.758056640625 0 -342.4766845703125
v 220.8187255859375 0 -342.4766845703125
v 220.8187255859375 0 -341.88961791992188
v 220.93614196777344 0 -341.88961791992188
v 220.93614196777344 0 -342.35928344726562
v 221.758056640625 0 -342.35928344726562
v 221.758056640625 0 -341.88961791992188
v 221.99288940429688 0 -341.88961791992188
v 221.99288940429688 0 -342.00701904296875
v 221.84611511230469 0 -342.00701904296875
v 221.84611511230469 0 -343.65084838867188
v 221.20033264160156 0 -343.65084838867188
v 221.20033264160156 0 -345.05987548828125
v 223.02984619140625 0 -345.0609130859375
v 223.02984619140625 0 -343.65084838867188
v 222.94178771972656 0 -343.65084838867188
v 222.94178771972656 0 -339.277099609375
v 223.02984619140625 0 -339.277099609375
v 223.02984619140625 0 -333.37689208984375
v 218.94068908691406 0 -333.37689208984375
v 218.94004821777344 0 -344.4727783203125
v 219.61520385742188 0 -344.4727783203125
v 219.61520385742188 0 -343.94439697265625
v 219.73262023925781 0 -343.94439697265625
v 219.73262023925781 0 -344.56085205078125
v 218.94004821777344 0 -344.56085205078125
v 218.94004821777344 0 -345.08920288085938
v 219.70326232910156 0 -345.08920288085938
v 219.70326232910156 0 -345.20663452148438
v 218.94004821777344 0 -345.20663452148438
v 218.94004821777344 0 -346.20468139648438
v 219.70326232910156 0 -346.20468139648438
v 219.70326232910156 0 -346.29275512695312
v 218.94004821777344 0 -346.29275512695312
v 218.94004821777344 0 -347.3494873046875
v 220.11422729492188 0 -347.3494873046875
v 220.11422729492188 0 -347.4669189453125
v 218.94004821777344 0 -347.4669189453125
v 218.94004821777344 0 -348.9052734375
v 220.11422729492188 0 -348.9052734375
v 220.11422729492188 0 -349.52169799804688
v 219.99681091308594 0 -349.52169799804688
v 219.99681091308594 0 -349.05203247070312
v 219.79132080078125 0 -349.05203247070312
v 219.79132080078125 0 -349.52169799804688
v 219.70326232910156 0 -349.52169799804688
v 219.70326232910156 0 -349.05203247070312
v 218.94004821777344 0 -349.05203247070312
v 221.97438049316406 0 -341.038330078125
v 221.97438049316406 0 -341.12640380859375
v 219.97828674316406 0 -341.12640380859375
v 219.97828674316406 0 -341.038330078125
v 220.93614196777344 0 -352.09548950195312
v 220.93614196777344 0 -347.3494873046875
v 221.02420043945312 0 -347.3494873046875
v 221.02420043945312 0 -352.09548950195312
v 220.93614196777344 0 -353.89547729492188
v 221.02420043945312 0 -353.89547729492188
v 221.02420043945312 0 -355.65673828125
v 220.93614196777344 0 -355.65673828125
f 1995 1997 1909
f 1909 1994 1995
f 1997 1995 1996
f 1994 1909 1991
f 1987 1988 1989 1986
f 1982 1983 1984
f 1982 1985 1981
f 1981 1978 1979 1980
f 1991 2006 1990
f 1993 1994 1991 1992
f 2009 2006 1991
f 2002 1990 2006
f 1920 2007 2008
f 2005 2002 2006
f 2008 2009 1909
f 2003 1986 1989
f 1978 1981 1985
f 1986 2003 1985
f 2003 1989 1990
f 1985 1982 1984
f 2003 1990 2002
f 2004 1937 2003
f 2009 1991 1909
f 2008 1909 1910
f 2003 1937 1985
f 1975 1976 1977
f 1977 1978 1974
f 1973 1974 1942 1945
f 1974 1975 1977
f 1970 2001 1969
f 1971 1972 1970
f 2000 1972 1973
f 1973 1945 2000
f 2001 1970 1972
f 1972 2000 2001
f 1974 1978 1985
f 1942 1985 1941
f 1941 1938 1939 1940
f 1942 1974 1985
f 1945 1942 1943 1944
f 1945 1946 2000
f 2000 1951 1952
f 1951 2000 1946
f 1947 1951 1946
f 1952 1953 2000
f 1949 1947 1948
f 1999 2000 1953 1956
f 1950 1951 1947
f 1941 1985 1938
f 1985 1937 1938
f 2006 2007 2005
f 1921 2004 2005
f 1921 2005 2007
f 1922 2004 1921
f 1919 1920 1917 1918
f 1920 1911 1917
f 1921 2007 1920
f 1926 2004 1925
f 1922 1925 2004
f 1926 1933 2004
f 1926 1932 1933
f 1924 1925 1922 1923
f 1933 1934 2004
f 1911 1913 1916
f 1916 1913 1914
f 1917 1911 1916
f 1913 1911 1912
f 1911 1920 2008
f 1916 1914 1915
f 1932 1926 1927
f 1931 1928 1930
f 1928 1932 1927
f 1931 1932 1928
f 1911 2008 1910
f 1929 1930 1928
f 1936 1937 1934 1935
f 1949 1950 1947
f 1961 1962 1960
f 1958 1959 1960
f 1955 1956 1953 1954
f 1963 1960 1962
f 1960 1965 1958
f 1963 1965 1960
f 1965 1963 1964
f 1957 1998 1999
f 1999 1956 1957
f 1968 1969 1998
f 1998 1966 1968
f 1957 1958 1965
f 1966 1967 1968
f 1965 1966 1957
f 1957 1966 1998
f 1998 1969 2001
f 1937 2004 1934
g object_30
v 214.69998168945312 0 -333.37689208984375
v 214.69998168945312 0 -339.277099609375
v 214.78804016113281 0 -339.277099609375
v 214.78804016113281 0 -343.65084838867188
v 214.69998168945312 0 -343.65084838867188
v 214.69998168945312 0 -345.0609130859375
v 216.52949523925781 0 -345.05987548828125
v 216.52949523925781 0 -343.65084838867188
v 215.88369750976562 0 -343.65084838867188
v 215.88369750976562 0 -342.00701904296875
v 215.7369384765625 0 -342.00701904296875
v 215.7369384765625 0 -341.88961791992188
v 215.97177124023438 0 -341.88961791992188
v 215.97177124023438 0 -342.35928344726562
v 216.79368591308594 0 -342.35928344726562
v 216.79368591308594 0 -341.88961791992188
v 216.91110229492188 0 -341.88961791992188
v 216.91110229492188 0 -342.4766845703125
v 215.97177124023438 0 -342.4766845703125
v 215.97177124023438 0 -343.533447265625
v 216.79368591308594 0 -343.533447265625
v 216.79368591308594 0 -343.034423828125
v 216.91110229492188 0 -343.034423828125
v 216.91110229492188 0 -343.65084838867188
v 216.64691162109375 0 -343.65084838867188
v 216.64691162109375 0 -344.29666137695312
v 216.91110229492188 0 -344.29666137695312
v 216.91110229492188 0 -344.4140625
v 216.64691162109375 0 -344.4140625
v 216.64691162109375 0 -345.05987548828125
v 216.91110229492188 0 -345.05987548828125
v 216.91110229492188 0 -345.17727661132812
v 214.69998168945312 0 -345.17727661132812
v 214.69998168945312 0 -345.85452270507812
v 215.85269165039062 0 -345.85452270507812
v 215.85269165039062 0 -346.82598876953125
v 215.76463317871094 0 -346.82598876953125
v 215.76463317871094 0 -345.94259643554688
v 214.69998168945312 0 -345.94259643554688
v 214.69998168945312 0 -347.17337036132812
v 214.78804016113281 0 -347.17337036132812
v 214.78804016113281 0 -347.3494873046875
v 215.85435485839844 0 -347.3494873046875
v 215.85435485839844 0 -347.4669189453125
v 214.78804016113281 0 -347.4669189453125
v 214.78804016113281 0 -348.9052734375
v 215.88369750976562 0 -348.9052734375
v 215.88369750976562 0 -349.52169799804688
v 215.79563903808594 0 -349.52169799804688
v 215.79563903808594 0 -349.05203247070312
v 215.56080627441406 0 -349.05203247070312
v 215.56080627441406 0 -349.52169799804688
v 215.47274780273438 0 -349.52169799804688
v 215.47274780273438 0 -349.05203247070312
v 214.78804016113281 0 -349.05203247070312
v 214.78804016113281 0 -351.54714965820312
v 214.69998168945312 0 -351.54714965820312
v 214.69998168945312 0 -357.4766845703125
v 218.82803344726562 0 -357.4766845703125
v 218.82936096191406 0 -349.05203247070312
v 218.09550476074219 0 -349.05203247070312
v 218.09550476074219 0 -349.52169799804688
v 217.97808837890625 0 -349.52169799804688
v 217.97808837890625 0 -349.05203247070312
v 217.77261352539062 0 -349.05203247070312
v 217.77261352539062 0 -349.52169799804688
v 217.62583923339844 0 -349.52169799804688
v 217.62583923339844 0 -348.9052734375
v 218.82936096191406 0 -348.9052734375
v 218.82936096191406 0 -347.4669189453125
v 217.62583923339844 0 -347.4669189453125
v 217.62583923339844 0 -347.3494873046875
v 218.82936096191406 0 -347.3494873046875
v 218.82936096191406 0 -346.29275512695312
v 218.03680419921875 0 -346.29275512695312
v 218.03680419921875 0 -346.20468139648438
v 218.82936096191406 0 -346.20468139648438
v 218.82936096191406 0 -345.20663452148438
v 218.03680419921875 0 -345.20663452148438
v 218.03680419921875 0 -345.08920288085938
v 218.82936096191406 0 -345.08920288085938
v 218.82936096191406 0 -344.56085205078125
v 218.03680419921875 0 -344.56085205078125
v 218.03680419921875 0 -343.94439697265625
v 218.15422058105469 0 -343.94439697265625
v 218.15422058105469 0 -344.4727783203125
v 218.82936096191406 0 -344.4727783203125
v 218.82870483398438 0 -333.37689208984375
v 215.7369384765625 0 -341.038330078125
v 217.73301696777344 0 -341.038330078125
v 217.73301696777344 0 -341.12640380859375
v 215.7369384765625 0 -341.12640380859375
v 216.71522521972656 0 -353.89547729492188
v 216.80328369140625 0 -353.89547729492188
v 216.80328369140625 0 -355.65673828125
v 216.71522521972656 0 -355.65673828125
v 216.71522521972656 0 -352.09548950195312
v 216.71522521972656 0 -347.3494873046875
v 216.80328369140625 0 -347.3494873046875
v 216.80328369140625 0 -352.09548950195312
f 2065 2066 2067
f 2062 2065 2067
f 2063 2064 2062
f 2065 2062 2064
f 2062 2067 2061
f 2050 2048 2049
f 2053 2054 2055 2056
f 2050 2047 2048
f 2051 2046 2050
f 2059 2060 2061 2058
f 2058 2061 2067
f 2102 2106 2057
f 2057 2058 2102
f 2058 2105 2102
f 2107 2056 2057
f 2058 2067 2105
f 2050 2046 2047
f 2053 2107 2052
f 2107 2041 2044
f 2052 2045 2046
f 2107 2045 2052
f 2052 2046 2051
f 2056 2107 2053
f 2105 2067 2104
f 2041 2042 2043 2044
f 2015 2013 2014
f 2013 2015 2018
f 2020 2021 2013
f 2010 2011 2012
f 2098 2010 2012
f 2098 2012 2101
f 2101 2012 2013
f 2101 2022 2025
f 2013 2021 2101
f 2025 2026 2100
f 2015 2016 2018
f 2045 2107 2044
f 2018 2016 2017
f 2020 2018 2019
f 2037 2038 2039 2040
f 2023 2024 2025 2022
f 2101 2025 2100
f 2028 2029 2031
f 2021 2022 2101
f 2034 2035 2036 2033
f 2018 2020 2013
f 2057 2106 2107
f 2076 2103 2104
f 2109 2102 2103
f 2109 2103 2076
f 2075 2076 2104
f 2108 2109 2076
f 2075 2104 2068
f 2077 2108 2076
f 2080 2108 2077
f 2108 2080 2081
f 2108 2081 2041
f 2073 2074 2075 2072
f 2102 2109 2106
f 2068 2071 2072
f 2070 2071 2069
f 2068 2069 2071
f 2068 2072 2075
f 2082 2084 2081
f 2082 2083 2084
f 2084 2085 2081
f 2078 2079 2080 2077
f 2087 2088 2085 2086
f 2068 2104 2067
f 2081 2085 2088
f 2037 2081 2036
f 2081 2037 2040
f 2100 2033 2036
f 2041 2081 2040
f 2027 2028 2031
f 2031 2032 2027
f 2100 2027 2032
f 2100 2026 2027
f 2032 2033 2100
f 2029 2030 2031
f 2093 2081 2092
f 2081 2093 2036
f 2091 2092 2089
f 2091 2089 2090
f 2094 2099 2100
f 2093 2100 2036
f 2093 2094 2100
f 2094 2095 2096
f 2094 2096 2099
f 2097 2099 2096
f 2097 2010 2099
f 2081 2089 2092
f 2089 2081 2088
f 2099 2010 2098
f 2041 2107 2108
g object_31
v 227.40206909179688 0 -357.4766845703125
v 231.49186706542969 0 -357.4766845703125
v 231.49186706542969 0 -355.45126342773438
v 231.49186706542969 0 -351.54714965820312
v 231.40380859375 0 -351.54714965820312
v 231.40380859375 0 -349.05203247070312
v 230.71910095214844 0 -349.05203247070312
v 230.71910095214844 0 -349.52169799804688
v 230.63104248046875 0 -349.52169799804688
v 230.63104248046875 0 -349.05203247070312
v 230.39620971679688 0 -349.05203247070312
v 230.39620971679688 0 -349.52169799804688
v 230.30813598632812 0 -349.52169799804688
v 230.30813598632812 0 -348.9052734375
v 231.40380859375 0 -348.9052734375
v 231.40380859375 0 -347.4669189453125
v 230.33749389648438 0 -347.4669189453125
v 230.33749389648438 0 -347.3494873046875
v 231.40380859375 0 -347.3494873046875
v 231.40380859375 0 -347.17337036132812
v 231.49186706542969 0 -347.17337036132812
v 231.49186706542969 0 -345.94259643554688
v 230.42721557617188 0 -345.94259643554688
v 230.42721557617188 0 -346.82598876953125
v 230.33915710449219 0 -346.82598876953125
v 230.33915710449219 0 -345.85452270507812
v 231.49186706542969 0 -345.85452270507812
v 231.49186706542969 0 -345.17727661132812
v 229.28074645996094 0 -345.17727661132812
v 229.28074645996094 0 -345.05987548828125
v 229.54493713378906 0 -345.05987548828125
v 229.54493713378906 0 -344.4140625
v 229.28074645996094 0 -344.4140625
v 229.28074645996094 0 -344.29666137695312
v 229.54493713378906 0 -344.29666137695312
v 229.54493713378906 0 -343.65084838867188
v 229.28074645996094 0 -343.65084838867188
v 229.28074645996094 0 -343.034423828125
v 229.39816284179688 0 -343.034423828125
v 229.39816284179688 0 -343.533447265625
v 230.22007751464844 0 -343.533447265625
v 230.22007751464844 0 -342.4766845703125
v 229.28074645996094 0 -342.4766845703125
v 229.28074645996094 0 -341.88961791992188
v 229.39816284179688 0 -341.88961791992188
v 229.39816284179688 0 -342.35928344726562
v 230.22007751464844 0 -342.35928344726562
v 230.22007751464844 0 -341.88961791992188
v 230.45491027832031 0 -341.88961791992188
v 230.45491027832031 0 -342.00701904296875
v 230.30813598632812 0 -342.00701904296875
v 230.30813598632812 0 -343.65084838867188
v 229.662353515625 0 -343.65084838867188
v 229.662353515625 0 -345.05987548828125
v 231.49186706542969 0 -345.0609130859375
v 231.49186706542969 0 -343.65084838867188
v 231.40380859375 0 -343.65084838867188
v 231.40380859375 0 -339.277099609375
v 231.49186706542969 0 -339.277099609375
v 231.49186706542969 0 -333.37689208984375
v 227.40272521972656 0 -333.37689208984375
v 227.40206909179688 0 -344.4727783203125
v 228.07722473144531 0 -344.4727783203125
v 228.07722473144531 0 -343.94439697265625
v 228.19464111328125 0 -343.94439697265625
v 228.19464111328125 0 -344.56085205078125
v 227.40206909179688 0 -344.56085205078125
v 227.40206909179688 0 -345.08920288085938
v 228.165283203125 0 -345.08920288085938
v 228.165283203125 0 -345.20663452148438
v 227.40206909179688 0 -345.20663452148438
v 227.40206909179688 0 -346.20468139648438
v 228.165283203125 0 -346.20468139648438
v 228.165283203125 0 -346.29275512695312
v 227.40206909179688 0 -346.29275512695312
v 227.40206909179688 0 -347.3494873046875
v 228.57624816894531 0 -347.3494873046875
v 228.57624816894531 0 -347.4669189453125
v 227.40206909179688 0 -347.4669189453125
v 227.40206909179688 0 -348.9052734375
v 228.57624816894531 0 -348.9052734375
v 228.57624816894531 0 -349.52169799804688
v 228.45883178710938 0 -349.52169799804688
v 228.45883178710938 0 -349.05203247070312
v 228.25334167480469 0 -349.05203247070312
v 228.25334167480469 0 -349.52169799804688
v 228.165283203125 0 -349.52169799804688
v 228.165283203125 0 -349.05203247070312
v 227.40206909179688 0 -349.05203247070312
v 230.4364013671875 0 -341.038330078125
v 230.4364013671875 0 -341.12640380859375
v 228.4403076171875 0 -341.12640380859375
v 228.4403076171875 0 -341.038330078125
v 229.39816284179688 0 -352.09548950195312
v 229.39816284179688 0 -347.3494873046875
v 229.48622131347656 0 -347.3494873046875
v 229.48622131347656 0 -352.09548950195312
v 229.39816284179688 0 -353.89547729492188
v 229.48622131347656 0 -353.89547729492188
v 229.48622131347656 0 -355.65673828125
v 229.39816284179688 0 -355.65673828125
f 2196 2198 2110
f 2110 2195 2196
f 2198 2196 2197
f 2195 2110 2192
f 2188 2189 2190 2187
f 2183 2184 2185
f 2183 2186 2182
f 2182 2179 2180 2181
f 2192 2207 2191
f 2194 2195 2192 2193
f 2210 2207 2192
f 2203 2191 2207
f 2121 2208 2209
f 2206 2203 2207
f 2209 2210 2110
f 2204 2187 2190
f 2179 2182 2186
f 2187 2204 2186
f 2204 2190 2191
f 2186 2183 2185
f 2204 2191 2203
f 2205 2138 2204
f 2210 2192 2110
f 2209 2110 2111
f 2204 2138 2186
f 2176 2177 2178
f 2178 2179 2175
f 2174 2175 2143 2146
f 2175 2176 2178
f 2171 2202 2170
f 2172 2173 2171
f 2201 2173 2174
f 2174 2146 2201
f 2202 2171 2173
f 2173 2201 2202
f 2175 2179 2186
f 2143 2186 2142
f 2142 2139 2140 2141
f 2143 2175 2186
f 2146 2143 2144 2145
f 2146 2147 2201
f 2201 2152 2153
f 2152 2201 2147
f 2148 2152 2147
f 2153 2154 2201
f 2150 2148 2149
f 2200 2201 2154 2157
f 2151 2152 2148
f 2142 2186 2139
f 2186 2138 2139
f 2207 2208 2206
f 2122 2205 2206
f 2122 2206 2208
f 2123 2205 2122
f 2120 2121 2118 2119
f 2121 2112 2118
f 2122 2208 2121
f 2127 2205 2126
f 2123 2126 2205
f 2127 2134 2205
f 2127 2133 2134
f 2125 2126 2123 2124
f 2134 2135 2205
f 2112 2114 2117
f 2117 2114 2115
f 2118 2112 2117
f 2114 2112 2113
f 2112 2121 2209
f 2117 2115 2116
f 2133 2127 2128
f 2132 2129 2131
f 2129 2133 2128
f 2132 2133 2129
f 2112 2209 2111
f 2130 2131 2129
f 2137 2138 2135 2136
f 2150 2151 2148
f 2162 2163 2161
f 2159 2160 2161
f 2156 2157 2154 2155
f 2164 2161 2163
f 2161 2166 2159
f 2164 2166 2161
f 2166 2164 2165
f 2158 2199 2200
f 2200 2157 2158
f 2169 2170 2199
f 2199 2167 2169
f 2158 2159 2166
f 2167 2168 2169
f 2166 2167 2158
f 2158 2167 2199
f 2199 2170 2202
f 2138 2205 2135
g object_32
v 223.16200256347656 0 -333.37689208984375
v 223.16200256347656 0 -339.277099609375
v 223.25006103515625 0 -339.277099609375
v 223.25006103515625 0 -343.65084838867188
v 223.16200256347656 0 -343.65084838867188
v 223.16200256347656 0 -345.0609130859375
v 224.99151611328125 0 -345.05987548828125
v 224.99151611328125 0 -343.65084838867188
v 224.34571838378906 0 -343.65084838867188
v 224.34571838378906 0 -342.00701904296875
v 224.19895935058594 0 -342.00701904296875
v 224.19895935058594 0 -341.88961791992188
v 224.43379211425781 0 -341.88961791992188
v 224.43379211425781 0 -342.35928344726562
v 225.25570678710938 0 -342.35928344726562
v 225.25570678710938 0 -341.88961791992188
v 225.37312316894531 0 -341.88961791992188
v 225.37312316894531 0 -342.4766845703125
v 224.43379211425781 0 -342.4766845703125
v 224.43379211425781 0 -343.533447265625
v 225.25570678710938 0 -343.533447265625
v 225.25570678710938 0 -343.034423828125
v 225.37312316894531 0 -343.034423828125
v 225.37312316894531 0 -343.65084838867188
v 225.10893249511719 0 -343.65084838867188
v 225.10893249511719 0 -344.29666137695312
v 225.37312316894531 0 -344.29666137695312
v 225.37312316894531 0 -344.4140625
v 225.10893249511719 0 -344.4140625
v 225.10893249511719 0 -345.05987548828125
v 225.37312316894531 0 -345.05987548828125
v 225.37312316894531 0 -345.17727661132812
v 223.16200256347656 0 -345.17727661132812
v 223.16200256347656 0 -345.85452270507812
v 224.31471252441406 0 -345.85452270507812
v 224.31471252441406 0 -346.82598876953125
v 224.22665405273438 0 -346.82598876953125
v 224.22665405273438 0 -345.94259643554688
v 223.16200256347656 0 -345.94259643554688
v 223.16200256347656 0 -347.17337036132812
v 223.25006103515625 0 -347.17337036132812
v 223.25006103515625 0 -347.3494873046875
v 224.31637573242188 0 -347.3494873046875
v 224.31637573242188 0 -347.4669189453125
v 223.25006103515625 0 -347.4669189453125
v 223.25006103515625 0 -348.9052734375
v 224.34571838378906 0 -348.9052734375
v 224.34571838378906 0 -349.52169799804688
v 224.25765991210938 0 -349.52169799804688
v 224.25765991210938 0 -349.05203247070312
v 224.0228271484375 0 -349.05203247070312
v 224.0228271484375 0 -349.52169799804688
v 223.93476867675781 0 -349.52169799804688
v 223.93476867675781 0 -349.05203247070312
v 223.25006103515625 0 -349.05203247070312
v 223.25006103515625 0 -351.54714965820312
v 223.16200256347656 0 -351.54714965820312
v 223.16200256347656 0 -357.4766845703125
v 227.29005432128906 0 -357.4766845703125
v 227.2913818359375 0 -349.05203247070312
v 226.55752563476562 0 -349.05203247070312
v 226.55752563476562 0 -349.52169799804688
v 226.44010925292969 0 -349.52169799804688
v 226.44010925292969 0 -349.05203247070312
v 226.23463439941406 0 -349.05203247070312
v 226.23463439941406 0 -349.52169799804688
v 226.08786010742188 0 -349.52169799804688
v 226.08786010742188 0 -348.9052734375
v 227.2913818359375 0 -348.9052734375
v 227.2913818359375 0 -347.4669189453125
v 226.08786010742188 0 -347.4669189453125
v 226.08786010742188 0 -347.3494873046875
v 227.2913818359375 0 -347.3494873046875
v 227.2913818359375 0 -346.29275512695312
v 226.49882507324219 0 -346.29275512695312
v 226.49882507324219 0 -346.20468139648438
v 227.2913818359375 0 -346.20468139648438
v 227.2913818359375 0 -345.20663452148438
v 226.49882507324219 0 -345.20663452148438
v 226.49882507324219 0 -345.08920288085938
v 227.2913818359375 0 -345.08920288085938
v 227.2913818359375 0 -344.56085205078125
v 226.49882507324219 0 -344.56085205078125
v 226.49882507324219 0 -343.94439697265625
v 226.61624145507812 0 -343.94439697265625
v 226.61624145507812 0 -344.4727783203125
v 227.2913818359375 0 -344.4727783203125
v 227.29072570800781 0 -333.37689208984375
v 224.19895935058594 0 -341.038330078125
v 226.19503784179688 0 -341.038330078125
v 226.19503784179688 0 -341.12640380859375
v 224.19895935058594 0 -341.12640380859375
v 225.17724609375 0 -353.89547729492188
v 225.26530456542969 0 -353.89547729492188
v 225.26530456542969 0 -355.65673828125
v 225.17724609375 0 -355.65673828125
v 225.17724609375 0 -352.09548950195312
v 225.17724609375 0 -347.3494873046875
v 225.26530456542969 0 -347.3494873046875
v 225.26530456542969 0 -352.09548950195312
f 2266 2267 2268
f 2263 2266 2268
f 2264 2265 2263
f 2266 2263 2265
f 2263 2268 2262
f 2251 2249 2250
f 2254 2255 2256 2257
f 2251 2248 2249
f 2252 2247 2251
f 2260 2261 2262 2259
f 2259 2262 2268
f 2303 2307 2258
f 2258 2259 2303
f 2259 2306 2303
f 2308 2257 2258
f 2259 2268 2306
f 2251 2247 2248
f 2254 2308 2253
f 2308 2242 2245
f 2253 2246 2247
f 2308 2246 2253
f 2253 2247 2252
f 2257 2308 2254
f 2306 2268 2305
f 2242 2243 2244 2245
f 2216 2214 2215
f 2214 2216 2219
f 2221 2222 2214
f 2211 2212 2213
f 2299 2211 2213
f 2299 2213 2302
f 2302 2213 2214
f 2302 2223 2226
f 2214 2222 2302
f 2226 2227 2301
f 2216 2217 2219
f 2246 2308 2245
f 2219 2217 2218
f 2221 2219 2220
f 2238 2239 2240 2241
f 2224 2225 2226 2223
f 2302 2226 2301
f 2229 2230 2232
f 2222 2223 2302
f 2235 2236 2237 2234
f 2219 2221 2214
f 2258 2307 2308
f 2277 2304 2305
f 2310 2303 2304
f 2310 2304 2277
f 2276 2277 2305
f 2309 2310 2277
f 2276 2305 2269
f 2278 2309 2277
f 2281 2309 2278
f 2309 2281 2282
f 2309 2282 2242
f 2274 2275 2276 2273
f 2303 2310 2307
f 2269 2272 2273
f 2271 2272 2270
f 2269 2270 2272
f 2269 2273 2276
f 2283 2285 2282
f 2283 2284 2285
f 2285 2286 2282
f 2279 2280 2281 2278
f 2288 2289 2286 2287
f 2269 2305 2268
f 2282 2286 2289
f 2238 2282 2237
f 2282 2238 2241
f 2301 2234 2237
f 2242 2282 2241
f 2228 2229 2232
f 2232 2233 2228
f 2301 2228 2233
f 2301 2227 2228
f 2233 2234 2301
f 2230 2231 2232
f 2294 2282 2293
f 2282 2294 2237
f 2292 2293 2290
f 2292 2290 2291
f 2295 2300 2301
f 2294 2301 2237
f 2294 2295 2301
f 2295 2296 2297
f 2295 2297 2300
f 2298 2300 2297
f 2298 2211 2300
f 2282 2290 2293
f 2290 2282 2289
f 2300 2211 2299
f 2242 2308 2309
g object_33
v 235.86410522460938 0 -357.4766845703125
v 239.95388793945312 0 -357.4766845703125
v 239.95388793945312 0 -355.45126342773438
v 239.95388793945312 0 -351.54714965820312
v 239.86582946777344 0 -351.54714965820312
v 239.86582946777344 0 -349.05203247070312
v 239.18112182617188 0 -349.05203247070312
v 239.18112182617188 0 -349.52169799804688
v 239.09306335449219 0 -349.52169799804688
v 239.09306335449219 0 -349.05203247070312
v 238.85823059082031 0 -349.05203247070312
v 238.85823059082031 0 -349.52169799804688
v 238.77017211914062 0 -349.52169799804688
v 238.77017211914062 0 -348.9052734375
v 239.86582946777344 0 -348.9052734375
v 239.86582946777344 0 -347.4669189453125
v 238.79951477050781 0 -347.4669189453125
v 238.79951477050781 0 -347.3494873046875
v 239.86582946777344 0 -347.3494873046875
v 239.86582946777344 0 -347.17337036132812
v 239.95388793945312 0 -347.17337036132812
v 239.95388793945312 0 -345.94259643554688
v 238.88923645019531 0 -345.94259643554688
v 238.88923645019531 0 -346.82598876953125
v 238.80117797851562 0 -346.82598876953125
v 238.80117797851562 0 -345.85452270507812
v 239.95388793945312 0 -345.85452270507812
v 239.95388793945312 0 -345.17727661132812
v 237.74276733398438 0 -345.17727661132812
v 237.74276733398438 0 -345.05987548828125
v 238.0069580078125 0 -345.05987548828125
v 238.0069580078125 0 -344.4140625
v 237.74276733398438 0 -344.4140625
v 237.74276733398438 0 -344.29666137695312
v 238.0069580078125 0 -344.29666137695312
v 238.0069580078125 0 -343.65084838867188
v 237.74276733398438 0 -343.65084838867188
v 237.74276733398438 0 -343.034423828125
v 237.86018371582031 0 -343.034423828125
v 237.86018371582031 0 -343.533447265625
v 238.68209838867188 0 -343.533447265625
v 238.68209838867188 0 -342.4766845703125
v 237.74276733398438 0 -342.4766845703125
v 237.74276733398438 0 -341.88961791992188
v 237.86018371582031 0 -341.88961791992188
v 237.86018371582031 0 -342.35928344726562
v 238.68209838867188 0 -342.35928344726562
v 238.68209838867188 0 -341.88961791992188
v 238.91693115234375 0 -341.88961791992188
v 238.91693115234375 0 -342.00701904296875
v 238.77017211914062 0 -342.00701904296875
v 238.77017211914062 0 -343.65084838867188
v 238.12437438964844 0 -343.65084838867188
v 238.12437438964844 0 -345.05987548828125
v 239.95388793945312 0 -345.0609130859375
v 239.95388793945312 0 -343.65084838867188
v 239.86582946777344 0 -343.65084838867188
v 239.86582946777344 0 -339.277099609375
v 239.95388793945312 0 -339.277099609375
v 239.95388793945312 0 -333.37689208984375
v 235.86474609375 0 -333.37689208984375
v 235.86410522460938 0 -344.4727783203125
v 236.53924560546875 0 -344.4727783203125
v 236.53924560546875 0 -343.94439697265625
v 236.65666198730469 0 -343.94439697265625
v 236.65666198730469 0 -344.56085205078125
v 235.86410522460938 0 -344.56085205078125
v 235.86410522460938 0 -345.08920288085938
v 236.62730407714844 0 -345.08920288085938
v 236.62730407714844 0 -345.20663452148438
v 235.86410522460938 0 -345.20663452148438
v 235.86410522460938 0 -346.20468139648438
v 236.62730407714844 0 -346.20468139648438
v 236.62730407714844 0 -346.29275512695312
v 235.86410522460938 0 -346.29275512695312
v 235.86410522460938 0 -347.3494873046875
v 237.03826904296875 0 -347.3494873046875
v 237.03826904296875 0 -347.4669189453125
v 235.86410522460938 0 -347.4669189453125
v 235.86410522460938 0 -348.9052734375
v 237.03826904296875 0 -348.9052734375
v 237.03826904296875 0 -349.52169799804688
v 236.92085266113281 0 -349.52169799804688
v 236.92085266113281 0 -349.05203247070312
v 236.71537780761719 0 -349.05203247070312
v 236.71537780761719 0 -349.52169799804688
v 236.62730407714844 0 -349.52169799804688
v 236.62730407714844 0 -349.05203247070312
v 235.86410522460938 0 -349.05203247070312
v 238.89842224121094 0 -341.038330078125
v 238.89842224121094 0 -341.12640380859375
v 236.90232849121094 0 -341.12640380859375
v 236.90232849121094 0 -341.038330078125
v 237.86018371582031 0 -352.09548950195312
v 237.86018371582031 0 -347.3494873046875
v 237.9482421875 0 -347.3494873046875
v 237.9482421875 0 -352.09548950195312
v 237.86018371582031 0 -353.89547729492188
v 237.9482421875 0 -353.89547729492188
v 237.9482421875 0 -355.65673828125
v 237.86018371582031 0 -355.65673828125
f 2397 2399 2311
f 2311 2396 2397
f 2399 2397 2398
f 2396 2311 2393
f 2389 2390 2391 2388
f 2384 2385 2386
f 2384 2387 2383
f 2383 2380 2381 2382
f 2393 2408 2392
f 2395 2396 2393 2394
f 2411 2408 2393
f 2404 2392 2408
f 2322 2409 2410
f 2407 2404 2408
f 2410 2411 2311
f 2405 2388 2391
f 2380 2383 2387
f 2388 2405 2387
f 2405 2391 2392
f 2387 2384 2386
f 2405 2392 2404
f 2406 2339 2405
f 2411 2393 2311
f 2410 2311 2312
f 2405 2339 2387
f 2377 2378 2379
f 2379 2380 2376
f 2375 2376 2344 2347
f 2376 2377 2379
f 2372 2403 2371
f 2373 2374 2372
f 2402 2374 2375
f 2375 2347 2402
f 2403 2372 2374
f 2374 2402 2403
f 2376 2380 2387
f 2344 2387 2343
f 2343 2340 2341 2342
f 2344 2376 2387
f 2347 2344 2345 2346
f 2347 2348 2402
f 2402 2353 2354
f 2353 2402 2348
f 2349 2353 2348
f 2354 2355 2402
f 2351 2349 2350
f 2401 2402 2355 2358
f 2352 2353 2349
f 2343 2387 2340
f 2387 2339 2340
f 2408 2409 2407
f 2323 2406 2407
f 2323 2407 2409
f 2324 2406 2323
f 2321 2322 2319 2320
f 2322 2313 2319
f 2323 2409 2322
f 2328 2406 2327
f 2324 2327 2406
f 2328 2335 2406
f 2328 2334 2335
f 2326 2327 2324 2325
f 2335 2336 2406
f 2313 2315 2318
f 2318 2315 2316
f 2319 2313 2318
f 2315 2313 2314
f 2313 2322 2410
f 2318 2316 2317
f 2334 2328 2329
f 2333 2330 2332
f 2330 2334 2329
f 2333 2334 2330
f 2313 2410 2312
f 2331 2332 2330
f 2338 2339 2336 2337
f 2351 2352 2349
f 2363 2364 2362
f 2360 2361 2362
f 2357 2358 2355 2356
f 2365 2362 2364
f 2362 2367 2360
f 2365 2367 2362
f 2367 2365 2366
f 2359 2400 2401
f 2401 2358 2359
f 2370 2371 2400
f 2400 2368 2370
f 2359 2360 2367
f 2368 2369 2370
f 2367 2368 2359
f 2359 2368 2400
f 2400 2371 2403
f 2339 2406 2336
g object_34
v 231.6240234375 0 -333.37689208984375
v 231.6240234375 0 -339.277099609375
v 231.71208190917969 0 -339.277099609375
v 231.71208190917969 0 -343.65084838867188
v 231.6240234375 0 -343.65084838867188
v 231.6240234375 0 -345.0609130859375
v 233.45353698730469 0 -345.05987548828125
v 233.45353698730469 0 -343.65084838867188
v 232.80775451660156 0 -343.65084838867188
v 232.80775451660156 0 -342.00701904296875
v 232.66098022460938 0 -342.00701904296875
v 232.66098022460938 0 -341.88961791992188
v 232.89581298828125 0 -341.88961791992188
v 232.89581298828125 0 -342.35928344726562
v 233.71772766113281 0 -342.35928344726562
v 233.71772766113281 0 -341.88961791992188
v 233.83514404296875 0 -341.88961791992188
v 233.83514404296875 0 -342.4766845703125
v 232.89581298828125 0 -342.4766845703125
v 232.89581298828125 0 -343.533447265625
v 233.71772766113281 0 -343.533447265625
v 233.71772766113281 0 -343.034423828125
v 233.83514404296875 0 -343.034423828125
v 233.83514404296875 0 -343.65084838867188
v 233.57095336914062 0 -343.65084838867188
v 233.57095336914062 0 -344.29666137695312
v 233.83514404296875 0 -344.29666137695312
v 233.83514404296875 0 -344.4140625
v 233.57095336914062 0 -344.4140625
v 233.57095336914062 0 -345.05987548828125
v 233.83514404296875 0 -345.05987548828125
v 233.83514404296875 0 -345.17727661132812
v 231.6240234375 0 -345.17727661132812
v 231.6240234375 0 -345.85452270507812
v 232.7767333984375 0 -345.85452270507812
v 232.7767333984375 0 -346.82598876953125
v 232.68867492675781 0 -346.82598876953125
v 232.68867492675781 0 -345.94259643554688
v 231.6240234375 0 -345.94259643554688
v 231.6240234375 0 -347.17337036132812
v 231.71208190917969 0 -347.17337036132812
v 231.71208190917969 0 -347.3494873046875
v 232.77839660644531 0 -347.3494873046875
v 232.77839660644531 0 -347.4669189453125
v 231.71208190917969 0 -347.4669189453125
v 231.71208190917969 0 -348.9052734375
v 232.80775451660156 0 -348.9052734375
v 232.80775451660156 0 -349.52169799804688
v 232.71968078613281 0 -349.52169799804688
v 232.71968078613281 0 -349.05203247070312
v 232.48484802246094 0 -349.05203247070312
v 232.48484802246094 0 -349.52169799804688
v 232.39678955078125 0 -349.52169799804688
v 232.39678955078125 0 -349.05203247070312
v 231.71208190917969 0 -349.05203247070312
v 231.71208190917969 0 -351.54714965820312
v 231.6240234375 0 -351.54714965820312
v 231.6240234375 0 -357.4766845703125
v 235.7520751953125 0 -357.4766845703125
v 235.75340270996094 0 -349.05203247070312
v 235.01956176757812 0 -349.05203247070312
v 235.01956176757812 0 -349.52169799804688
v 234.90213012695312 0 -349.52169799804688
v 234.90213012695312 0 -349.05203247070312
v 234.6966552734375 0 -349.05203247070312
v 234.6966552734375 0 -349.52169799804688
v 234.54988098144531 0 -349.52169799804688
v 234.54988098144531 0 -348.9052734375
v 235.75340270996094 0 -348.9052734375
v 235.75340270996094 0 -347.4669189453125
v 234.54988098144531 0 -347.4669189453125
v 234.54988098144531 0 -347.3494873046875
v 235.75340270996094 0 -347.3494873046875
v 235.75340270996094 0 -346.29275512695312
v 234.96084594726562 0 -346.29275512695312
v 234.96084594726562 0 -346.20468139648438
v 235.75340270996094 0 -346.20468139648438
v 235.75340270996094 0 -345.20663452148438
v 234.96084594726562 0 -345.20663452148438
v 234.96084594726562 0 -345.08920288085938
v 235.75340270996094 0 -345.08920288085938
v 235.75340270996094 0 -344.56085205078125
v 234.96084594726562 0 -344.56085205078125
v 234.96084594726562 0 -343.94439697265625
v 235.07826232910156 0 -343.94439697265625
v 235.07826232910156 0 -344.4727783203125
v 235.75340270996094 0 -344.4727783203125
v 235.75274658203125 0 -333.37689208984375
v 232.66098022460938 0 -341.038330078125
v 234.65705871582031 0 -341.038330078125
v 234.65705871582031 0 -341.12640380859375
v 232.66098022460938 0 -341.12640380859375
v 233.63926696777344 0 -353.89547729492188
v 233.72732543945312 0 -353.89547729492188
v 233.72732543945312 0 -355.65673828125
v 233.63926696777344 0 -355.65673828125
v 233.63926696777344 0 -352.09548950195312
v 233.63926696777344 0 -347.3494873046875
v 233.72732543945312 0 -347.3494873046875
v 233.72732543945312 0 -352.09548950195312
f 2467 2468 2469
f 2464 2467 2469
f 2465 2466 2464
f 2467 2464 2466
f 2464 2469 2463
f 2452 2450 2451
f 2455 2456 2457 2458
f 2452 2449 2450
f 2453 2448 2452
f 2461 2462 2463 2460
f 2460 2463 2469
f 2504 2508 2459
f 2459 2460 2504
f 2460 2507 2504
f 2509 2458 2459
f 2460 2469 2507
f 2452 2448 2449
f 2455 2509 2454
f 2509 2443 2446
f 2454 2447 2448
f 2509 2447 2454
f 2454 2448 2453
f 2458 2509 2455
f 2507 2469 2506
f 2443 2444 2445 2446
f 2417 2415 2416
f 2415 2417 2420
f 2422 2423 2415
f 2412 2413 2414
f 2500 2412 2414
f 2500 2414 2503
f 2503 2414 2415
f 2503 2424 2427
f 2415 2423 2503
f 2427 2428 2502
f 2417 2418 2420
f 2447 2509 2446
f 2420 2418 2419
f 2422 2420 2421
f 2439 2440 2441 2442
f 2425 2426 2427 2424
f 2503 2427 2502
f 2430 2431 2433
f 2423 2424 2503
f 2436 2437 2438 2435
f 2420 2422 2415
f 2459 2508 2509
f 2478 2505 2506
f 2511 2504 2505
f 2511 2505 2478
f 2477 2478 2506
f 2510 2511 2478
f 2477 2506 2470
f 2479 2510 2478
f 2482 2510 2479
f 2510 2482 2483
f 2510 2483 2443
f 2475 2476 2477 2474
f 2504 2511 2508
f 2470 2473 2474
f 2472 2473 2471
f 2470 2471 2473
f 2470 2474 2477
f 2484 2486 2483
f 2484 2485 2486
f 2486 2487 2483
f 2480 2481 2482 2479
f 2489 2490 2487 2488
f 2470 2506 2469
f 2483 2487 2490
f 2439 2483 2438
f 2483 2439 2442
f 2502 2435 2438
f 2443 2483 2442
f 2429 2430 2433
f 2433 2434 2429
f 2502 2429 2434
f 2502 2428 2429
f 2434 2435 2502
f 2431 2432 2433
f 2495 2483 2494
f 2483 2495 2438
f 2493 2494 2491
f 2493 2491 2492
f 2496 2501 2502
f 2495 2502 2438
f 2495 2496 2502
f 2496 2497 2498
f 2496 2498 2501
f 2499 2501 2498
f 2499 2412 2501
f 2483 2491 2494
f 2491 2483 2490
f 2501 2412 2500
f 2443 2509 2510
g object_35
v 244.13233947753906 0 -333.37527465820312
v 240.05091857910156 0 -333.37527465820312
v 240.04864501953125 0 -339.27545166015625
v 240.13897705078125 0 -339.27545166015625
v 240.13897705078125 0 -343.64923095703125
v 240.04696655273438 0 -343.64923095703125
v 240.04083251953125 0 -345.9351806640625
v 244.13240051269531 0 -345.9351806640625
f 2516 2517 2518 2519 2512 2513 2514 2515
g object_36
v 259.00982666015625 0 -343.34561157226562
v 260.77127075195312 0 -343.34561157226562
v 260.7784423828125 0 -335.26931762695312
v 259.01699829101562 0 -335.26931762695312
v 259.01699829101562 0 -335.814208984375
v 258.89700317382812 0 -335.814208984375
v 258.89700317382812 0 -335.26931762695312
v 254.87825012207031 0 -335.26931762695312
v 254.87825012207031 0 -335.35739135742188
v 250.50447082519531 0 -335.35739135742188
v 250.50447082519531 0 -335.26931762695312
v 247.56954956054688 0 -335.26931762695312
v 247.5633544921875 0 -343.34561157226562
v 248.63493347167969 0 -343.34561157226562
v 250.49729919433594 0 -343.34561157226562
v 250.49729919433594 0 -343.257568359375
v 254.87107849121094 0 -343.257568359375
v 254.87107849121094 0 -343.34561157226562
v 258.88983154296875 0 -343.34561157226562
v 258.88983154296875 0 -342.80072021484375
v 259.00982666015625 0 -342.80072021484375
v 254.87107849121094 0 -339.19732666015625
v 254.87107849121094 0 -339.51068115234375
v 250.49729919433594 0 -339.51068115234375
v 250.49729919433594 0 -339.19732666015625
f 2533 2543 2532
f 2534 2535 2533
f 2535 2536 2542 2543
f 2533 2535 2543
f 2544 2532 2543
f 2529 2530 2531
f 2532 2544 2531
f 2544 2529 2531
f 2544 2541 2528 2529
f 2540 2541 2542
f 2542 2536 2539
f 2536 2538 2539
f 2540 2542 2539
f 2540 2520 2521
f 2524 2540 2521
f 2540 2524 2541
f 2526 2527 2528
f 2525 2528 2541
f 2525 2526 2528
f 2524 2522 2523
f 2522 2524 2521
f 2525 2541 2524
f 2536 2537 2538
g object_37
v 259.00982666015625 0 -346.86093139648438
v 259.00982666015625 0 -347.40719604492188
v 260.77127075195312 0 -347.40582275390625
v 260.77127075195312 0 -343.48281860351562
v 259.00982666015625 0 -343.48147583007812
v 259.00982666015625 0 -344.02774047851562
v 258.88983154296875 0 -344.02774047851562
v 258.88983154296875 0 -343.48138427734375
v 254.87107849121094 0 -343.47830200195312
v 254.87107849121094 0 -343.57089233398438
v 250.49729919433594 0 -343.57089233398438
v 250.49729919433594 0 -343.47494506835938
v 248.63487243652344 0 -343.4735107421875
v 247.56324768066406 0 -343.48281860351562
v 247.56085205078125 0 -347.40582275390625
v 250.49729919433594 0 -347.40582275390625
v 250.49729919433594 0 -347.31777954101562
v 254.87107849121094 0 -347.31777954101562
v 254.87107849121094 0 -347.41036987304688
v 258.88983154296875 0 -347.40728759765625
v 258.88983154296875 0 -346.86093139648438
f 2559 2560 2561 2562 2563 2564 2565 2545 2546 2547 2548 2549 2550 2551 2552 2553 2554 2555 2556 2557 2558
g object_38
v 258.88983154296875 0 -347.54306030273438
v 254.87107849121094 0 -347.54306030273438
v 254.87107849121094 0 -347.631103515625
v 250.49729919433594 0 -347.631103515625
v 250.49729919433594 0 -347.54306030273438
v 247.56085205078125 0 -347.54306030273438
v 247.56085205078125 0 -355.52627563476562
v 250.49729919433594 0 -355.52627563476562
v 250.49729919433594 0 -355.43820190429688
v 254.87107849121094 0 -355.43820190429688
v 254.87107849121094 0 -355.52627563476562
v 258.88983154296875 0 -355.52627563476562
v 258.88983154296875 0 -354.98135375976562
v 259.00982666015625 0 -354.98135375976562
v 259.00982666015625 0 -355.52627563476562
v 260.77127075195312 0 -355.52627563476562
v 260.77127075195312 0 -347.54306030273438
v 259.00982666015625 0 -347.54306030273438
v 259.00982666015625 0 -348.08795166015625
v 258.88983154296875 0 -348.08795166015625
v 254.87107849121094 0 -351.4912109375
v 250.49729919433594 0 -351.4912109375
v 250.49729919433594 0 -351.1778564453125
v 254.87107849121094 0 -351.1778564453125
f 2574 2572 2573
f 2587 2572 2574
f 2574 2575 2586 2587
f 2578 2586 2575
f 2571 2572 2587
f 2570 2571 2569
f 2588 2569 2571
f 2588 2589 2568 2569
f 2588 2571 2587
f 2577 2575 2576
f 2586 2578 2579
f 2577 2578 2575
f 2586 2579 2584
f 2579 2580 2581
f 2589 2586 2584
f 2581 2582 2579
f 2567 2568 2566
f 2566 2568 2585
f 2583 2584 2582
f 2579 2582 2584
f 2584 2585 2589
f 2589 2585 2568
g object_39
v 204.15750122070312 0 -347.60952758789062
v 204.15750122070312 0 -354.21676635742188
v 204.23695373535156 0 -354.21676635742188
v 204.23695373535156 0 -353.89385986328125
v 206.09251403808594 0 -353.89385986328125
v 206.09251403808594 0 -355.44961547851562
v 193.60398864746094 0 -355.441162109375
v 193.60993957519531 0 -347.69613647460938
v 195.01980590820312 0 -347.6966552734375
v 195.01983642578125 0 -347.60858154296875
v 193.60997009277344 0 -347.60809326171875
v 193.61187744140625 0 -345.17242431640625
v 197.62968444824219 0 -345.17239379882812
v 197.62965393066406 0 -347.60952758789062
v 196.2198486328125 0 -347.6090087890625
v 196.21980285644531 0 -347.69708251953125
v 197.62968444824219 0 -347.69757080078125
v 197.63471984863281 0 -354.21676635742188
v 197.86709594726562 0 -354.21676635742188
v 197.86709594726562 0 -353.89385986328125
v 199.86317443847656 0 -353.89385986328125
v 199.86943054199219 0 -347.60952758789062
v 197.78115844726562 0 -347.60952758789062
v 197.78115844726562 0 -345.17239379882812
v 206.09056091308594 0 -345.17239379882812
v 206.08494567871094 0 -347.60952758789062
v 197.52885437011719 0 -350.76373291015625
v 195.72933959960938 0 -350.76373291015625
v 195.72933959960938 0 -353.84719848632812
v 197.52885437011719 0 -353.84719848632812
f 2601 2599 2600
f 2599 2601 2604
f 2602 2604 2601
f 2598 2599 2604
f 2602 2603 2604
f 2597 2617 2596
f 2605 2617 2598
f 2618 2607 2596
f 2617 2618 2596
f 2598 2617 2597
f 2616 2605 2606
f 2604 2605 2598
f 2607 2616 2606
f 2605 2616 2617
f 2619 2607 2618
f 2613 2611 2612
f 2607 2619 2616
f 2590 2611 2613 2614
f 2590 2610 2611
f 2614 2615 2590
f 2610 2608 2609
f 2591 2595 2610
f 2608 2610 2595
f 2610 2590 2591
f 2596 2608 2595
f 2592 2593 2594
f 2591 2592 2595
f 2594 2595 2592
f 2607 2608 2596
g object_40
v 240.05227661132812 8 -344.9151611328125
v 244.14385986328125 8 -344.9151611328125
v 244.14198303222656 8 -357.46923828125
v 240.06056213378906 8 -357.46923828125
v 240.06010437011719 8 -351.57489013671875
v 240.15043640136719 8 -351.57489013671875
v 240.15043640136719 8 -347.20111083984375
v 240.05842590332031 8 -347.20111083984375
v 240.17710876464844 8 -350.48373413085938
v 240.17710876464844 8 -353.84860229492188
v 242.07070922851562 8 -353.84860229492188
v 242.07070922851562 8 -350.48373413085938
f 2627 2620 2626
f 2631 2626 2620
f 2629 2623 2624
f 2625 2629 2624
f 2628 2625 2626
f 2628 2626 2631
f 2621 2631 2620
f 2622 2631 2621
f 2623 2630 2622
f 2629 2625 2628
f 2631 2622 2630
f 2629 2630 2623
g object_41
v 197.79261779785156 8 -350.79733276367188
v 197.79261779785156 8 -353.80926513671875
v 199.72920227050781 8 -350.79733276367188
v 199.72920227050781 8 -353.80926513671875
f 2635 2633 2632 2634
g object_42
v 197.79261779785156 8 -350.70950317382812
v 197.79261779785156 8 -347.69757080078125
v 199.72920227050781 8 -350.70950317382812
v 199.72920227050781 8 -347.69757080078125
f 2639 2637 2636 2638
g object_43
v 260.77426147460938 4 -339.422607421875
v 259.01229858398438 4 -339.4212646484375
v 259.01229858398438 4 -339.96749877929688
v 258.89230346679688 4 -339.96749877929688
v 258.89230346679688 4 -339.42117309570312
v 254.87356567382812 4 -339.4180908203125
v 254.87356567382812 4 -339.51068115234375
v 250.49978637695312 4 -339.51068115234375
v 250.49978637695312 4 -339.41473388671875
v 247.5660400390625 4 -339.422607421875
v 247.56517028808594 4 -340.7843017578125
v 247.27095031738281 4 -340.78411865234375
v 247.27268981933594 4 -337.830810546875
v 247.56768798828125 4 -337.83099365234375
v 247.56614685058594 4 -339.285400390625
v 250.49978637695312 4 -339.285400390625
v 250.49978637695312 4 -339.19732666015625
v 254.87356567382812 4 -339.19732666015625
v 254.87356567382812 4 -339.285400390625
v 255.67192077636719 4 -339.285400390625
v 255.67192077636719 4 -335.26931762695312
v 254.87825012207031 4 -335.26931762695312
v 254.87825012207031 4 -335.35739135742188
v 250.50447082519531 4 -335.35739135742188
v 250.50447082519531 4 -335.26931762695312
v 247.56954956054688 4 -335.26931762695312
v 247.56855773925781 4 -336.6309814453125
v 247.27268981933594 4 -336.63082885742188
v 247.26954650878906 4 -335.26931762695312
v 244.26374816894531 4 -335.26931762695312
v 244.2593994140625 4 -344.03854370117188
v 242.69175720214844 4 -344.03854370117188
v 242.69175720214844 4 -343.92239379882812
v 244.13716125488281 4 -343.92239379882812
v 244.13978576660156 4 -338.35726928710938
v 240.0361328125 4 -338.35635375976562
v 240.03695678710938 4 -339.25006103515625
v 240.12045288085938 4 -339.25006103515625
v 240.12043762207031 4 -343.92239379882812
v 241.49176025390625 4 -343.92239379882812
v 241.49176025390625 4 -344.03854370117188
v 237.70257568359375 4 -344.03854370117188
v 237.70257568359375 4 -343.921142578125
v 237.76864624023438 4 -343.921142578125
v 237.76864624023438 4 -342.6304931640625
v 237.883056640625 4 -342.6304931640625
v 237.883056640625 4 -343.92108154296875
v 239.82563781738281 4 -343.921142578125
v 239.82563781738281 4 -339.25006103515625
v 239.9136962890625 4 -339.25006103515625
v 239.9136962890625 4 -338.35726928710938
v 235.82391357421875 4 -338.35635375976562
v 235.82391357421875 4 -342.37307739257812
v 236.99642944335938 4 -342.37307739257812
v 236.99642944335938 4 -342.91650390625
v 236.91062927246094 4 -342.91650390625
v 236.91062927246094 4 -342.45889282226562
v 235.82391357421875 4 -342.45889282226562
v 235.82391357421875 4 -343.921142578125
v 236.99807739257812 4 -343.921142578125
v 236.99807739257812 4 -344.03854370117188
v 234.52320861816406 4 -344.03854370117188
v 234.53099060058594 4 -343.921142578125
v 235.70515441894531 4 -343.921142578125
v 235.70515441894531 4 -342.45889282226562
v 234.61843872070312 4 -342.45889282226562
v 234.61843872070312 4 -342.91650390625
v 234.53263854980469 4 -342.91650390625
v 234.53263854980469 4 -342.37307739257812
v 235.70515441894531 4 -342.37307739257812
v 235.70515441894531 4 -338.35635375976562
v 231.57615661621094 4 -338.35684204101562
v 231.57684326171875 4 -339.25006103515625
v 231.66035461425781 4 -339.25006103515625
v 231.66032409667969 4 -343.92111206054688
v 233.64601135253906 4 -343.92108154296875
v 233.64601135253906 4 -342.6304931640625
v 233.76042175292969 4 -342.6304931640625
v 233.76042175292969 4 -343.921142578125
v 233.82649230957031 4 -343.921142578125
v 233.82649230957031 4 -344.03854370117188
v 229.20901489257812 4 -344.03854370117188
v 229.20901489257812 4 -343.921142578125
v 229.27508544921875 4 -343.921142578125
v 229.27508544921875 4 -342.6304931640625
v 229.38949584960938 4 -342.6304931640625
v 229.38949584960938 4 -343.92108154296875
v 231.37275695800781 4 -343.92111206054688
v 231.37034606933594 4 -339.25006103515625
v 231.45840454101562 4 -339.25006103515625
v 231.45840454101562 4 -338.35726928710938
v 227.36856079101562 4 -338.35726928710938
v 227.36856079101562 4 -342.37307739257812
v 228.54109191894531 4 -342.37307739257812
v 228.54109191894531 4 -342.91650390625
v 228.45529174804688 4 -342.91650390625
v 228.45529174804688 4 -342.45889282226562
v 227.36856079101562 4 -342.45889282226562
v 227.36856079101562 4 -343.921142578125
v 228.54273986816406 4 -343.921142578125
v 228.54273986816406 4 -344.03854370117188
v 226.06787109375 4 -344.03854370117188
v 226.07565307617188 4 -343.921142578125
v 227.24981689453125 4 -343.921142578125
v 227.24981689453125 4 -342.45889282226562
v 226.16310119628906 4 -342.45889282226562
v 226.16310119628906 4 -342.91650390625
v 226.07730102539062 4 -342.91650390625
v 226.07730102539062 4 -342.37307739257812
v 227.24981689453125 4 -342.37307739257812
v 227.24981689453125 4 -338.35726928710938
v 223.12081909179688 4 -338.35726928710938
v 223.12150573730469 4 -339.25006103515625
v 223.20501708984375 4 -339.25006103515625
v 223.20498657226562 4 -343.92111206054688
v 225.190673828125 4 -343.92108154296875
v 225.190673828125 4 -342.6304931640625
v 225.30508422851562 4 -342.6304931640625
v 225.30508422851562 4 -343.921142578125
v 225.37115478515625 4 -343.921142578125
v 225.37115478515625 4 -344.03854370117188
v 220.75367736816406 4 -344.03854370117188
v 220.75367736816406 4 -343.921142578125
v 220.81974792480469 4 -343.921142578125
v 220.81974792480469 4 -342.6304931640625
v 220.93414306640625 4 -342.6304931640625
v 220.93414306640625 4 -343.92108154296875
v 222.91741943359375 4 -343.92111206054688
v 222.91499328613281 4 -339.25006103515625
v 223.00306701660156 4 -339.25006103515625
v 223.00306701660156 4 -338.35726928710938
v 218.91322326660156 4 -338.35726928710938
v 218.91322326660156 4 -342.37307739257812
v 220.08575439453125 4 -342.37307739257812
v 220.08575439453125 4 -342.91650390625
v 219.99993896484375 4 -342.91650390625
v 219.99993896484375 4 -342.45889282226562
v 218.91322326660156 4 -342.45889282226562
v 218.91322326660156 4 -343.921142578125
v 220.08738708496094 4 -343.921142578125
v 220.08738708496094 4 -344.03854370117188
v 217.61251831054688 4 -344.03854370117188
v 217.62031555175781 4 -343.921142578125
v 218.79447937011719 4 -343.921142578125
v 218.79447937011719 4 -342.45889282226562
v 217.707763671875 4 -342.45889282226562
v 217.707763671875 4 -342.91650390625
v 217.62196350097656 4 -342.91650390625
v 217.62196350097656 4 -342.37307739257812
v 218.79447937011719 4 -342.37307739257812
v 218.79447937011719 4 -338.35726928710938
v 214.66548156738281 4 -338.35726928710938
v 214.66616821289062 4 -339.25006103515625
v 214.74966430664062 4 -339.25006103515625
v 214.74964904785156 4 -343.92111206054688
v 216.73533630371094 4 -343.92108154296875
v 216.73533630371094 4 -342.6304931640625
v 216.84974670410156 4 -342.6304931640625
v 216.84974670410156 4 -343.921142578125
v 216.91581726074219 4 -343.921142578125
v 216.91581726074219 4 -344.03854370117188
v 212.29833984375 4 -344.03854370117188
v 212.29833984375 4 -343.921142578125
v 212.36441040039062 4 -343.921142578125
v 212.36441040039062 4 -342.6304931640625
v 212.47880554199219 4 -342.6304931640625
v 212.47880554199219 4 -343.92108154296875
v 214.46208190917969 4 -343.92111206054688
v 214.45965576171875 4 -339.25006103515625
v 214.5477294921875 4 -339.25006103515625
v 214.5477294921875 4 -338.35726928710938
v 210.4578857421875 4 -338.35726928710938
v 210.4578857421875 4 -342.37307739257812
v 211.63040161132812 4 -342.37307739257812
v 211.63040161132812 4 -342.91650390625
v 211.54460144042969 4 -342.91650390625
v 211.54460144042969 4 -342.45889282226562
v 210.4578857421875 4 -342.45889282226562
v 210.4578857421875 4 -343.921142578125
v 211.63204956054688 4 -343.921142578125
v 211.63204956054688 4 -344.03854370117188
v 209.15718078613281 4 -344.03854370117188
v 209.16497802734375 4 -343.921142578125
v 210.33914184570312 4 -343.921142578125
v 210.33914184570312 4 -342.45889282226562
v 209.25242614746094 4 -342.45889282226562
v 209.25242614746094 4 -342.91650390625
v 209.16661071777344 4 -342.91650390625
v 209.16661071777344 4 -342.37307739257812
v 210.33914184570312 4 -342.37307739257812
v 210.33914184570312 4 -338.35726928710938
v 206.21122741699219 4 -338.35687255859375
v 206.21122741699219 4 -339.27545166015625
v 206.29928588867188 4 -339.27545166015625
v 206.29928588867188 4 -343.92111206054688
v 208.27999877929688 4 -343.92108154296875
v 208.27999877929688 4 -342.6304931640625
v 208.39439392089844 4 -342.6304931640625
v 208.39439392089844 4 -343.921142578125
v 208.46046447753906 4 -343.921142578125
v 208.46046447753906 4 -344.03854370117188
v 203.83779907226562 4 -344.03854370117188
v 203.83779907226562 4 -343.921142578125
v 206.08894348144531 4 -343.921142578125
v 206.0810546875 4 -338.35150146484375
v 201.99734497070312 4 -338.35726928710938
v 201.99734497070312 4 -343.921142578125
v 203.17152404785156 4 -343.921142578125
v 203.17152404785156 4 -344.03854370117188
v 200.6966552734375 4 -344.03854370117188
v 200.70443725585938 4 -343.921142578125
v 201.8792724609375 4 -343.921142578125
v 201.87992858886719 4 -338.35726928710938
v 201.87992858886719 4 -333.37527465820312
v 197.78802490234375 4 -333.37527465820312
v 197.79014587402344 4 -339.27545166015625
v 197.87820434570312 4 -339.27545166015625
v 197.87820434570312 4 -343.64923095703125
v 197.78224182128906 4 -343.64923095703125
v 197.78204345703125 4 -343.92111206054688
v 199.99993896484375 4 -343.921142578125
v 199.99993896484375 4 -344.03854370117188
v 195.44219970703125 4 -344.03854370117188
v 195.44219970703125 4 -343.921142578125
v 195.50827026367188 4 -343.921142578125
v 195.50827026367188 4 -342.6304931640625
v 195.62266540527344 4 -342.6304931640625
v 195.62266540527344 4 -343.92108154296875
v 197.65292358398438 4 -343.921142578125
v 197.65292358398438 4 -343.64923095703125
v 197.56486511230469 4 -343.64923095703125
v 197.56486511230469 4 -339.27545166015625
v 197.65292358398438 4 -339.27545166015625
v 197.65312194824219 4 -338.35726928710938
v 193.56352233886719 4 -338.35635375976562
v 193.56352233886719 4 -342.37307739257812
v 194.73605346679688 4 -342.37307739257812
v 194.73605346679688 4 -342.91650390625
v 194.65023803710938 4 -342.91650390625
v 194.65023803710938 4 -342.45889282226562
v 193.56352233886719 4 -342.45889282226562
v 193.56352233886719 4 -343.921142578125
v 194.73768615722656 4 -343.921142578125
v 194.73768615722656 4 -344.03854370117188
v 192.2628173828125 4 -344.03854370117188
v 192.27061462402344 4 -343.921142578125
v 193.44477844238281 4 -343.921142578125
v 193.44477844238281 4 -342.45889282226562
v 192.35806274414062 4 -342.45889282226562
v 192.35806274414062 4 -342.91650390625
v 192.27226257324219 4 -342.91650390625
v 192.27226257324219 4 -342.37307739257812
v 193.44477844238281 4 -342.37307739257812
v 193.44477844238281 4 -338.35635375976562
v 189.31578063964844 4 -338.35684204101562
v 189.31646728515625 4 -339.25006103515625
v 189.39996337890625 4 -339.25006103515625
v 189.39994812011719 4 -343.92111206054688
v 191.38563537597656 4 -343.92108154296875
v 191.38563537597656 4 -342.6304931640625
v 191.50004577636719 4 -342.6304931640625
v 191.50004577636719 4 -343.921142578125
v 191.56611633300781 4 -343.921142578125
v 191.56611633300781 4 -344.03854370117188
v 186.94863891601562 4 -344.03854370117188
v 186.94863891601562 4 -343.921142578125
v 187.01470947265625 4 -343.921142578125
v 187.01470947265625 4 -342.6304931640625
v 187.12910461425781 4 -342.6304931640625
v 187.12910461425781 4 -343.92108154296875
v 189.11238098144531 4 -343.92111206054688
v 189.10995483398438 4 -339.25006103515625
v 189.19802856445312 4 -339.25006103515625
v 189.19802856445312 4 -338.35726928710938
v 185.10818481445312 4 -338.35726928710938
v 185.10818481445312 4 -342.37307739257812
v 186.28070068359375 4 -342.37307739257812
v 186.28070068359375 4 -342.91650390625
v 186.19490051269531 4 -342.91650390625
v 186.19490051269531 4 -342.45889282226562
v 185.10818481445312 4 -342.45889282226562
v 185.10818481445312 4 -343.921142578125
v 186.2823486328125 4 -343.921142578125
v 186.2823486328125 4 -344.03854370117188
v 183.80747985839844 4 -344.03854370117188
v 183.81527709960938 4 -343.921142578125
v 184.98944091796875 4 -343.921142578125
v 184.98944091796875 4 -342.45889282226562
v 183.90272521972656 4 -342.45889282226562
v 183.90272521972656 4 -342.91650390625
v 183.81690979003906 4 -342.91650390625
v 183.81690979003906 4 -342.37307739257812
v 184.98944091796875 4 -342.37307739257812
v 184.98944091796875 4 -338.35726928710938
v 180.86042785644531 4 -338.35726928710938
v 180.86111450195312 4 -339.25006103515625
v 180.94462585449219 4 -339.25006103515625
v 180.94461059570312 4 -343.92111206054688
v 182.9302978515625 4 -343.92108154296875
v 182.9302978515625 4 -342.6304931640625
v 183.04469299316406 4 -342.6304931640625
v 183.04469299316406 4 -343.921142578125
v 183.11076354980469 4 -343.921142578125
v 183.11076354980469 4 -344.03854370117188
v 178.4932861328125 4 -344.03854370117188
v 178.4932861328125 4 -343.921142578125
v 178.55935668945312 4 -343.921142578125
v 178.55935668945312 4 -342.6304931640625
v 178.67376708984375 4 -342.6304931640625
v 178.67376708984375 4 -343.92108154296875
v 180.65704345703125 4 -343.92111206054688
v 180.65461730957031 4 -339.25006103515625
v 180.74267578125 4 -339.25006103515625
v 180.74267578125 4 -338.35726928710938
v 176.65284729003906 4 -338.35726928710938
v 176.65284729003906 4 -342.37307739257812
v 177.82536315917969 4 -342.37307739257812
v 177.82536315917969 4 -342.91650390625
v 177.73956298828125 4 -342.91650390625
v 177.73956298828125 4 -342.45889282226562
v 176.65284729003906 4 -342.45889282226562
v 176.65284729003906 4 -343.921142578125
v 177.82701110839844 4 -343.921142578125
v 177.82701110839844 4 -344.03854370117188
v 175.35214233398438 4 -344.03854370117188
v 175.35992431640625 4 -343.921142578125
v 176.53410339355469 4 -343.921142578125
v 176.53410339355469 4 -342.45889282226562
v 175.44737243652344 4 -342.45889282226562
v 175.44737243652344 4 -342.91650390625
v 175.361572265625 4 -342.91650390625
v 175.361572265625 4 -342.37307739257812
v 176.53410339355469 4 -342.37307739257812
v 176.53410339355469 4 -338.35726928710938
v 172.40509033203125 4 -338.35726928710938
v 172.40577697753906 4 -339.25006103515625
v 172.48928833007812 4 -339.25006103515625
v 172.48927307128906 4 -343.92111206054688
v 174.47496032714844 4 -343.92108154296875
v 174.47496032714844 4 -342.6304931640625
v 174.58935546875 4 -342.6304931640625
v 174.58935546875 4 -343.921142578125
v 174.65542602539062 4 -343.921142578125
v 174.65542602539062 4 -344.03854370117188
v 170.03794860839844 4 -344.03854370117188
v 170.03794860839844 4 -343.921142578125
v 170.10401916503906 4 -343.921142578125
v 170.10401916503906 4 -342.6304931640625
v 170.21842956542969 4 -342.6304931640625
v 170.21842956542969 4 -343.92108154296875
v 172.20169067382812 4 -343.92111206054688
v 172.19927978515625 4 -339.25006103515625
v 172.28733825683594 4 -339.25006103515625
v 172.28733825683594 4 -338.35726928710938
v 168.197509765625 4 -338.35726928710938
v 168.197509765625 4 -342.37307739257812
v 169.37002563476562 4 -342.37307739257812
v 169.37002563476562 4 -342.91650390625
v 169.28422546386719 4 -342.91650390625
v 169.28422546386719 4 -342.45889282226562
v 168.197509765625 4 -342.45889282226562
v 168.197509765625 4 -343.921142578125
v 169.37167358398438 4 -343.921142578125
v 169.37167358398438 4 -344.03854370117188
v 166.89680480957031 4 -344.03854370117188
v 166.90458679199219 4 -343.921142578125
v 168.07875061035156 4 -343.921142578125
v 168.07875061035156 4 -342.45889282226562
v 166.99203491210938 4 -342.45889282226562
v 166.99203491210938 4 -342.91650390625
v 166.90623474121094 4 -342.91650390625
v 166.90623474121094 4 -342.37307739257812
v 168.07875061035156 4 -342.37307739257812
v 168.07888793945312 4 -338.35821533203125
v 163.94975280761719 4 -338.35916137695312
v 163.950439453125 4 -339.25006103515625
v 164.03395080566406 4 -339.25006103515625
v 164.03392028808594 4 -343.92111206054688
v 166.01960754394531 4 -343.92108154296875
v 166.01960754394531 4 -342.6304931640625
v 166.13401794433594 4 -342.6304931640625
v 166.13401794433594 4 -343.921142578125
v 166.20008850097656 4 -343.921142578125
v 166.20008850097656 4 -344.03854370117188
v 161.58261108398438 4 -344.03854370117188
v 161.58261108398438 4 -343.921142578125
v 161.648681640625 4 -343.921142578125
v 161.648681640625 4 -342.6304931640625
v 161.76309204101562 4 -342.6304931640625
v 161.76309204101562 4 -343.92108154296875
v 163.74635314941406 4 -343.92111206054688
v 163.74394226074219 4 -339.25006103515625
v 163.83200073242188 4 -339.25006103515625
v 163.83200073242188 4 -338.35726928710938
v 159.74215698242188 4 -338.35726928710938
v 159.74215698242188 4 -342.37307739257812
v 160.91468811035156 4 -342.37307739257812
v 160.91468811035156 4 -342.91650390625
v 160.82888793945312 4 -342.91650390625
v 160.82888793945312 4 -342.45889282226562
v 159.74215698242188 4 -342.45889282226562
v 159.74215698242188 4 -343.921142578125
v 160.91633605957031 4 -343.921142578125
v 160.91633605957031 4 -344.03854370117188
v 158.44146728515625 4 -344.03854370117188
v 158.44924926757812 4 -343.921142578125
v 159.6234130859375 4 -343.921142578125
v 159.6234130859375 4 -342.45889282226562
v 158.53669738769531 4 -342.45889282226562
v 158.53669738769531 4 -342.91650390625
v 158.45089721679688 4 -342.91650390625
v 158.45089721679688 4 -342.37307739257812
v 159.6234130859375 4 -342.37307739257812
v 159.6234130859375 4 -338.35726928710938
v 155.49441528320312 4 -338.35726928710938
v 155.49510192871094 4 -339.25006103515625
v 155.57859802246094 4 -339.25006103515625
v 155.57858276367188 4 -343.92111206054688
v 157.56427001953125 4 -343.92108154296875
v 157.56427001953125 4 -342.6304931640625
v 157.67868041992188 4 -342.6304931640625
v 157.67868041992188 4 -343.921142578125
v 157.7447509765625 4 -343.921142578125
v 157.7447509765625 4 -344.03854370117188
v 153.12727355957031 4 -344.03854370117188
v 153.12727355957031 4 -343.921142578125
v 153.19334411621094 4 -343.921142578125
v 153.19334411621094 4 -342.6304931640625
v 153.3077392578125 4 -342.6304931640625
v 153.3077392578125 4 -343.92108154296875
v 155.291015625 4 -343.92111206054688
v 155.28858947753906 4 -339.25006103515625
v 155.37666320800781 4 -339.25006103515625
v 155.37666320800781 4 -338.35726928710938
v 151.28681945800781 4 -338.35726928710938
v 151.28681945800781 4 -342.37307739257812
v 152.4593505859375 4 -342.37307739257812
v 152.4593505859375 4 -342.91650390625
v 152.37353515625 4 -342.91650390625
v 152.37353515625 4 -342.45889282226562
v 151.28681945800781 4 -342.45889282226562
v 151.28681945800781 4 -343.921142578125
v 152.46098327636719 4 -343.921142578125
v 152.46098327636719 4 -344.03854370117188
v 149.98611450195312 4 -344.03854370117188
v 149.99391174316406 4 -343.921142578125
v 151.16807556152344 4 -343.921142578125
v 151.16807556152344 4 -342.45889282226562
v 150.08135986328125 4 -342.45889282226562
v 150.08135986328125 4 -342.91650390625
v 149.99555969238281 4 -342.91650390625
v 149.99555969238281 4 -342.37307739257812
v 151.16807556152344 4 -342.37307739257812
v 151.16807556152344 4 -338.35726928710938
v 147.03907775878906 4 -338.35726928710938
v 147.03976440429688 4 -339.25006103515625
v 147.12326049804688 4 -339.25006103515625
v 147.12324523925781 4 -343.92111206054688
v 149.10893249511719 4 -343.92108154296875
v 149.10893249511719 4 -342.6304931640625
v 149.22332763671875 4 -342.6304931640625
v 149.22332763671875 4 -343.921142578125
v 149.28939819335938 4 -343.921142578125
v 149.28939819335938 4 -344.03854370117188
v 144.67193603515625 4 -344.03854370117188
v 144.67193603515625 4 -343.921142578125
v 144.73800659179688 4 -343.921142578125
v 144.73800659179688 4 -342.6304931640625
v 144.85240173339844 4 -342.6304931640625
v 144.85240173339844 4 -343.92108154296875
v 146.83567810058594 4 -343.92111206054688
v 146.833251953125 4 -339.25006103515625
v 146.92131042480469 4 -339.25006103515625
v 146.92131042480469 4 -338.35726928710938
v 142.83148193359375 4 -338.35726928710938
v 142.83148193359375 4 -342.37307739257812
v 144.00399780273438 4 -342.37307739257812
v 144.00399780273438 4 -342.91650390625
v 143.91819763183594 4 -342.91650390625
v 143.91819763183594 4 -342.45889282226562
v 142.83148193359375 4 -342.45889282226562
v 142.83148193359375 4 -343.921142578125
v 144.00564575195312 4 -343.921142578125
v 144.00564575195312 4 -344.03854370117188
v 141.53077697753906 4 -344.03854370117188
v 141.53855895996094 4 -343.921142578125
v 142.71273803710938 4 -343.921142578125
v 142.71273803710938 4 -342.45889282226562
v 141.62600708007812 4 -342.45889282226562
v 141.62600708007812 4 -342.91650390625
v 141.54020690917969 4 -342.91650390625
v 141.54020690917969 4 -342.37307739257812
v 142.71273803710938 4 -342.37307739257812
v 142.71287536621094 4 -338.35821533203125
v 138.58372497558594 4 -338.35916137695312
v 138.58441162109375 4 -339.25006103515625
v 138.66792297363281 4 -339.25006103515625
v 138.66790771484375 4 -343.92111206054688
v 140.65359497070312 4 -343.92108154296875
v 140.65359497070312 4 -342.6304931640625
v 140.76799011230469 4 -342.6304931640625
v 140.76799011230469 4 -343.921142578125
v 140.83406066894531 4 -343.921142578125
v 140.83406066894531 4 -344.03854370117188
v 136.21658325195312 4 -344.03854370117188
v 136.21658325195312 4 -343.921142578125
v 136.28265380859375 4 -343.921142578125
v 136.28265380859375 4 -342.6304931640625
v 136.39706420898438 4 -342.6304931640625
v 136.39706420898438 4 -343.92108154296875
v 138.38032531738281 4 -343.92111206054688
v 138.37791442871094 4 -339.25006103515625
v 138.46597290039062 4 -339.25006103515625
v 138.46597290039062 4 -338.35726928710938
v 134.37614440917969 4 -338.35726928710938
v 134.37614440917969 4 -342.37307739257812
v 135.54866027832031 4 -342.37307739257812
v 135.54866027832031 4 -342.91650390625
v 135.46286010742188 4 -342.91650390625
v 135.46286010742188 4 -342.45889282226562
v 134.37614440917969 4 -342.45889282226562
v 134.37614440917969 4 -343.921142578125
v 135.55030822753906 4 -343.921142578125
v 135.55030822753906 4 -344.03854370117188
v 133.075439453125 4 -344.03854370117188
v 133.08322143554688 4 -343.921142578125
v 134.25740051269531 4 -343.921142578125
v 134.25740051269531 4 -342.45889282226562
v 133.17066955566406 4 -342.45889282226562
v 133.17066955566406 4 -342.91650390625
v 133.08486938476562 4 -342.91650390625
v 133.08486938476562 4 -342.37307739257812
v 134.25740051269531 4 -342.37307739257812
v 134.25740051269531 4 -338.35726928710938
v 130.12838745117188 4 -338.35726928710938
v 130.12907409667969 4 -339.25006103515625
v 130.21258544921875 4 -339.25006103515625
v 130.21257019042969 4 -343.92111206054688
v 132.19825744628906 4 -343.92108154296875
v 132.19825744628906 4 -342.6304931640625
v 132.31265258789062 4 -342.6304931640625
v 132.31265258789062 4 -343.921142578125
v 132.37872314453125 4 -343.921142578125
v 132.37872314453125 4 -344.03854370117188
v 127.76124572753906 4 -344.03854370117188
v 127.76124572753906 4 -343.921142578125
v 127.82731628417969 4 -343.921142578125
v 127.82731628417969 4 -342.6304931640625
v 127.94171905517578 4 -342.6304931640625
v 127.94171905517578 4 -343.92108154296875
v 129.92498779296875 4 -343.92111206054688
v 129.92257690429688 4 -339.25006103515625
v 130.01063537597656 4 -339.25006103515625
v 130.01063537597656 4 -338.35726928710938
v 125.92079925537109 4 -338.35726928710938
v 125.92079925537109 4 -342.37307739257812
v 127.09332275390625 4 -342.37307739257812
v 127.09332275390625 4 -342.91650390625
v 127.00751495361328 4 -342.91650390625
v 127.00751495361328 4 -342.45889282226562
v 125.92079925537109 4 -342.45889282226562
v 125.92079925537109 4 -343.921142578125
v 127.09496307373047 4 -343.921142578125
v 127.09496307373047 4 -344.03854370117188
v 124.62788391113281 4 -344.03854370117188
v 124.62788391113281 4 -343.921142578125
v 125.80205535888672 4 -343.921142578125
v 125.80205535888672 4 -342.45889282226562
v 124.71533203125 4 -342.45889282226562
v 124.71533203125 4 -342.91650390625
v 124.62953186035156 4 -342.91650390625
v 124.62953186035156 4 -342.37307739257812
v 125.80205535888672 4 -342.37307739257812
v 125.80205535888672 4 -338.35726928710938
v 121.67304992675781 4 -338.35726928710938
v 121.67373657226562 4 -339.25006103515625
v 121.75724029541016 4 -339.25006103515625
v 121.75722503662109 4 -343.92111206054688
v 123.74291229248047 4 -343.92108154296875
v 123.74291229248047 4 -342.6304931640625
v 123.85731506347656 4 -342.6304931640625
v 123.85731506347656 4 -343.921142578125
v 123.92338562011719 4 -343.921142578125
v 123.92338562011719 4 -344.03854370117188
v 121.75722503662109 4 -344.03854370117188
v 121.75722503662109 4 -346.75515747070312
v 123.92366027832031 4 -346.75515747070312
v 123.92366027832031 4 -346.87255859375
v 123.85758972167969 4 -346.87255859375
v 123.85758972167969 4 -348.7493896484375
v 123.74318695068359 4 -348.7493896484375
v 123.74318695068359 4 -346.87261962890625
v 121.75722503662109 4 -346.87289428710938
v 121.75724029541016 4 -351.5455322265625
v 121.67373657226562 4 -351.5455322265625
v 121.67124176025391 4 -357.47421264648438
v 125.80205535888672 4 -357.47506713867188
v 125.80205535888672 4 -349.0086669921875
v 124.62953186035156 4 -349.0086669921875
v 124.62953186035156 4 -348.46527099609375
v 124.71533203125 4 -348.46527099609375
v 124.71533203125 4 -348.92288208007812
v 125.80205535888672 4 -348.92288208007812
v 125.80205535888672 4 -346.87445068359375
v 124.62788391113281 4 -346.87445068359375
v 124.62009429931641 4 -346.75701904296875
v 127.09496307373047 4 -346.75701904296875
v 127.09496307373047 4 -346.87445068359375
v 125.92079925537109 4 -346.87445068359375
v 125.92079925537109 4 -348.92288208007812
v 127.00751495361328 4 -348.92288208007812
v 127.00751495361328 4 -348.46527099609375
v 127.09332275390625 4 -348.46527099609375
v 127.09332275390625 4 -349.0086669921875
v 125.92079925537109 4 -349.0086669921875
v 125.92079925537109 4 -357.47506713867188
v 130.01036071777344 4 -357.47320556640625
v 130.01036071777344 4 -351.54367065429688
v 129.92230224609375 4 -351.54367065429688
v 129.92485046386719 4 -346.87258911132812
v 127.94144439697266 4 -346.87261962890625
v 127.94144439697266 4 -348.7493896484375
v 127.82704162597656 4 -348.7493896484375
v 127.82704162597656 4 -346.87255859375
v 127.76097106933594 4 -346.87255859375
v 127.76097106933594 4 -346.75515747070312
v 132.37899780273438 4 -346.75515747070312
v 132.37899780273438 4 -346.87255859375
v 132.31292724609375 4 -346.87255859375
v 132.31292724609375 4 -348.7493896484375
v 132.19853210449219 4 -348.7493896484375
v 132.19853210449219 4 -346.87261962890625
v 130.21257019042969 4 -346.87289428710938
v 130.21258544921875 4 -351.5455322265625
v 130.12907409667969 4 -351.5455322265625
v 130.1265869140625 4 -357.47421264648438
v 134.25740051269531 4 -357.47506713867188
v 134.25740051269531 4 -349.0086669921875
v 133.08486938476562 4 -349.0086669921875
v 133.08486938476562 4 -348.46527099609375
v 133.17066955566406 4 -348.46527099609375
v 133.17066955566406 4 -348.92288208007812
v 134.25740051269531 4 -348.92288208007812
v 134.25740051269531 4 -346.87445068359375
v 133.08322143554688 4 -346.87445068359375
v 133.075439453125 4 -346.75701904296875
v 135.55030822753906 4 -346.75701904296875
v 135.55030822753906 4 -346.87445068359375
v 134.37614440917969 4 -346.87445068359375
v 134.37614440917969 4 -348.92288208007812
v 135.46286010742188 4 -348.92288208007812
v 135.46286010742188 4 -348.46527099609375
v 135.54866027832031 4 -348.46527099609375
v 135.54866027832031 4 -349.0086669921875
v 134.37614440917969 4 -349.0086669921875
v 134.37614440917969 4 -357.47506713867188
v 138.4656982421875 4 -357.47320556640625
v 138.4656982421875 4 -351.54367065429688
v 138.37763977050781 4 -351.54367065429688
v 138.38018798828125 4 -346.87258911132812
v 136.39678955078125 4 -346.87261962890625
v 136.39678955078125 4 -348.7493896484375
v 136.28237915039062 4 -348.7493896484375
v 136.28237915039062 4 -346.87255859375
v 136.21630859375 4 -346.87255859375
v 136.21630859375 4 -346.75515747070312
v 140.31973266601562 4 -346.75515747070312
v 140.31973266601562 4 -346.87258911132812
v 138.66790771484375 4 -346.87289428710938
v 138.66792297363281 4 -351.5455322265625
v 138.58441162109375 4 -351.5455322265625
v 138.58192443847656 4 -357.4755859375
v 142.63453674316406 4 -357.47509765625
v 142.63453674316406 4 -349.05038452148438
v 141.02006530761719 4 -349.05038452148438
v 141.02006530761719 4 -348.82305908203125
v 141.10812377929688 4 -348.82305908203125
v 141.10812377929688 4 -348.96234130859375
v 142.63453674316406 4 -348.96234130859375
v 142.63453674316406 4 -347.52398681640625
v 141.10812377929688 4 -347.52398681640625
v 141.10812377929688 4 -347.66326904296875
v 141.02006530761719 4 -347.66326904296875
v 141.02006530761719 4 -347.4359130859375
v 142.65608215332031 4 -347.4359130859375
v 142.65608215332031 4 -346.87445068359375
v 141.02006530761719 4 -346.87445068359375
v 141.01617431640625 4 -346.75701904296875
v 144.00564575195312 4 -346.75701904296875
v 144.00564575195312 4 -346.87445068359375
v 142.83148193359375 4 -346.87445068359375
v 142.83148193359375 4 -348.92288208007812
v 143.91819763183594 4 -348.92288208007812
v 143.91819763183594 4 -348.46527099609375
v 144.00399780273438 4 -348.46527099609375
v 144.00399780273438 4 -349.0086669921875
v 142.83148193359375 4 -349.0086669921875
v 142.83148193359375 4 -357.47506713867188
v 146.92103576660156 4 -357.47320556640625
v 146.92103576660156 4 -351.54367065429688
v 146.83297729492188 4 -351.54367065429688
v 146.83554077148438 4 -346.87258911132812
v 144.85212707519531 4 -346.87261962890625
v 144.85212707519531 4 -348.7493896484375
v 144.73771667480469 4 -348.7493896484375
v 144.73771667480469 4 -346.87255859375
v 144.67164611816406 4 -346.87255859375
v 144.67164611816406 4 -346.75515747070312
v 149.28968811035156 4 -346.75515747070312
v 149.28968811035156 4 -346.87255859375
v 149.22361755371094 4 -346.87255859375
v 149.22361755371094 4 -348.7493896484375
v 149.10920715332031 4 -348.7493896484375
v 149.10920715332031 4 -346.87261962890625
v 147.12324523925781 4 -346.87289428710938
v 147.12326049804688 4 -351.5455322265625
v 147.03976440429688 4 -351.5455322265625
v 147.03726196289062 4 -357.47421264648438
v 151.16807556152344 4 -357.47506713867188
v 151.16807556152344 4 -349.0086669921875
v 149.99555969238281 4 -349.0086669921875
v 149.99555969238281 4 -348.46527099609375
v 150.08135986328125 4 -348.46527099609375
v 150.08135986328125 4 -348.92288208007812
v 151.16807556152344 4 -348.92288208007812
v 151.16807556152344 4 -346.87445068359375
v 149.99391174316406 4 -346.87445068359375
v 149.98611450195312 4 -346.75701904296875
v 152.46098327636719 4 -346.75701904296875
v 152.46098327636719 4 -346.87445068359375
v 151.28681945800781 4 -346.87445068359375
v 151.28681945800781 4 -348.92288208007812
v 152.37353515625 4 -348.92288208007812
v 152.37353515625 4 -348.46527099609375
v 152.4593505859375 4 -348.46527099609375
v 152.4593505859375 4 -349.0086669921875
v 151.28681945800781 4 -349.0086669921875
v 151.28681945800781 4 -357.47506713867188
v 155.37638854980469 4 -357.47320556640625
v 155.37638854980469 4 -351.54367065429688
v 155.28831481933594 4 -351.54367065429688
v 155.29087829589844 4 -346.87258911132812
v 153.30746459960938 4 -346.87261962890625
v 153.30746459960938 4 -348.7493896484375
v 153.19306945800781 4 -348.7493896484375
v 153.19306945800781 4 -346.87255859375
v 153.12699890136719 4 -346.87255859375
v 153.12699890136719 4 -346.75515747070312
v 157.74502563476562 4 -346.75515747070312
v 157.74502563476562 4 -346.87255859375
v 157.678955078125 4 -346.87255859375
v 157.678955078125 4 -348.7493896484375
v 157.56454467773438 4 -348.7493896484375
v 157.56454467773438 4 -346.87261962890625
v 155.57858276367188 4 -346.87289428710938
v 155.57859802246094 4 -351.5455322265625
v 155.49510192871094 4 -351.5455322265625
v 155.49261474609375 4 -357.47421264648438
v 159.6234130859375 4 -357.47506713867188
v 159.6234130859375 4 -349.0086669921875
v 158.45089721679688 4 -349.0086669921875
v 158.45089721679688 4 -348.46527099609375
v 158.53669738769531 4 -348.46527099609375
v 158.53669738769531 4 -348.92288208007812
v 159.6234130859375 4 -348.92288208007812
v 159.6234130859375 4 -346.87445068359375
v 158.44924926757812 4 -346.87445068359375
v 158.44146728515625 4 -346.75701904296875
v 160.91633605957031 4 -346.75701904296875
v 160.91633605957031 4 -346.87445068359375
v 159.74215698242188 4 -346.87445068359375
v 159.74215698242188 4 -348.92288208007812
v 160.82888793945312 4 -348.92288208007812
v 160.82888793945312 4 -348.46527099609375
v 160.91468811035156 4 -348.46527099609375
v 160.91468811035156 4 -349.0086669921875
v 159.74215698242188 4 -349.0086669921875
v 159.74215698242188 4 -357.47506713867188
v 163.83172607421875 4 -357.47320556640625
v 163.83172607421875 4 -351.54367065429688
v 163.74365234375 4 -351.54367065429688
v 163.7462158203125 4 -346.87258911132812
v 161.76280212402344 4 -346.87261962890625
v 161.76280212402344 4 -348.7493896484375
v 161.64840698242188 4 -348.7493896484375
v 161.64840698242188 4 -346.87255859375
v 161.58233642578125 4 -346.87255859375
v 161.58233642578125 4 -346.75515747070312
v 166.20036315917969 4 -346.75515747070312
v 166.20036315917969 4 -346.87255859375
v 166.13429260253906 4 -346.87255859375
v 166.13429260253906 4 -348.7493896484375
v 166.0198974609375 4 -348.7493896484375
v 166.0198974609375 4 -346.87261962890625
v 164.03392028808594 4 -346.87289428710938
v 164.03395080566406 4 -351.5455322265625
v 163.950439453125 4 -351.5455322265625
v 163.94795227050781 4 -357.4755859375
v 168.07875061035156 4 -357.47506713867188
v 168.07875061035156 4 -349.0086669921875
v 166.90623474121094 4 -349.0086669921875
v 166.90623474121094 4 -348.46527099609375
v 166.99203491210938 4 -348.46527099609375
v 166.99203491210938 4 -348.92288208007812
v 168.07875061035156 4 -348.92288208007812
v 168.07875061035156 4 -346.87445068359375
v 166.90458679199219 4 -346.87445068359375
v 166.89680480957031 4 -346.75701904296875
v 169.37167358398438 4 -346.75701904296875
v 169.37167358398438 4 -346.87445068359375
v 168.197509765625 4 -346.87445068359375
v 168.197509765625 4 -348.92288208007812
v 169.28422546386719 4 -348.92288208007812
v 169.28422546386719 4 -348.46527099609375
v 169.37002563476562 4 -348.46527099609375
v 169.37002563476562 4 -349.0086669921875
v 168.197509765625 4 -349.0086669921875
v 168.197509765625 4 -357.47506713867188
v 172.28706359863281 4 -357.47320556640625
v 172.28706359863281 4 -351.54367065429688
v 172.19900512695312 4 -351.54367065429688
v 172.20155334472656 4 -346.87258911132812
v 170.21815490722656 4 -346.87261962890625
v 170.21815490722656 4 -348.7493896484375
v 170.10374450683594 4 -348.7493896484375
v 170.10374450683594 4 -346.87255859375
v 170.03767395019531 4 -346.87255859375
v 170.03767395019531 4 -346.75515747070312
v 174.65570068359375 4 -346.75515747070312
v 174.65570068359375 4 -346.87255859375
v 174.58963012695312 4 -346.87255859375
v 174.58963012695312 4 -348.7493896484375
v 174.47523498535156 4 -348.7493896484375
v 174.47523498535156 4 -346.87261962890625
v 172.48927307128906 4 -346.87289428710938
v 172.48928833007812 4 -351.5455322265625
v 172.40577697753906 4 -351.5455322265625
v 172.40328979492188 4 -357.47421264648438
v 176.53410339355469 4 -357.47506713867188
v 176.53410339355469 4 -349.0086669921875
v 175.361572265625 4 -349.0086669921875
v 175.361572265625 4 -348.46527099609375
v 175.44737243652344 4 -348.46527099609375
v 175.44737243652344 4 -348.92288208007812
v 176.53410339355469 4 -348.92288208007812
v 176.53410339355469 4 -346.87445068359375
v 175.35992431640625 4 -346.87445068359375
v 175.35214233398438 4 -346.75701904296875
v 177.82701110839844 4 -346.75701904296875
v 177.82701110839844 4 -346.87445068359375
v 176.65284729003906 4 -346.87445068359375
v 176.65284729003906 4 -348.92288208007812
v 177.73956298828125 4 -348.92288208007812
v 177.73956298828125 4 -348.46527099609375
v 177.82536315917969 4 -348.46527099609375
v 177.82536315917969 4 -349.0086669921875
v 176.65284729003906 4 -349.0086669921875
v 176.65284729003906 4 -357.47506713867188
v 180.74240112304688 4 -357.47320556640625
v 180.74240112304688 4 -351.54367065429688
v 180.65434265136719 4 -351.54367065429688
v 180.65689086914062 4 -346.87258911132812
v 178.67349243164062 4 -346.87261962890625
v 178.67349243164062 4 -348.7493896484375
v 178.55908203125 4 -348.7493896484375
v 178.55908203125 4 -346.87255859375
v 178.49301147460938 4 -346.87255859375
v 178.49301147460938 4 -346.75515747070312
v 183.11105346679688 4 -346.75515747070312
v 183.11105346679688 4 -346.87255859375
v 183.04496765136719 4 -346.87255859375
v 183.04496765136719 4 -348.7493896484375
v 182.93057250976562 4 -348.7493896484375
v 182.93057250976562 4 -346.87261962890625
v 180.94461059570312 4 -346.87289428710938
v 180.94462585449219 4 -351.5455322265625
v 180.86111450195312 4 -351.5455322265625
v 180.85862731933594 4 -357.47421264648438
v 184.98944091796875 4 -357.47506713867188
v 184.98944091796875 4 -349.0086669921875
v 183.81690979003906 4 -349.0086669921875
v 183.81690979003906 4 -348.46527099609375
v 183.90272521972656 4 -348.46527099609375
v 183.90272521972656 4 -348.92288208007812
v 184.98944091796875 4 -348.92288208007812
v 184.98944091796875 4 -346.87445068359375
v 183.81527709960938 4 -346.87445068359375
v 183.80747985839844 4 -346.75701904296875
v 186.2823486328125 4 -346.75701904296875
v 186.2823486328125 4 -346.87445068359375
v 185.10818481445312 4 -346.87445068359375
v 185.10818481445312 4 -348.92288208007812
v 186.19490051269531 4 -348.92288208007812
v 186.19490051269531 4 -348.46527099609375
v 186.28070068359375 4 -348.46527099609375
v 186.28070068359375 4 -349.0086669921875
v 185.10818481445312 4 -349.0086669921875
v 185.10818481445312 4 -357.47506713867188
v 189.19773864746094 4 -357.47320556640625
v 189.19773864746094 4 -351.54367065429688
v 189.10968017578125 4 -351.54367065429688
v 189.11224365234375 4 -346.87258911132812
v 187.12882995605469 4 -346.87261962890625
v 187.12882995605469 4 -348.7493896484375
v 187.01441955566406 4 -348.7493896484375
v 187.01441955566406 4 -346.87255859375
v 186.94834899902344 4 -346.87255859375
v 186.94834899902344 4 -346.75515747070312
v 191.56639099121094 4 -346.75515747070312
v 191.56639099121094 4 -346.87255859375
v 191.50032043457031 4 -346.87255859375
v 191.50032043457031 4 -348.7493896484375
v 191.38591003417969 4 -348.7493896484375
v 191.38591003417969 4 -346.87261962890625
v 189.39994812011719 4 -346.87289428710938
v 189.39996337890625 4 -351.5455322265625
v 189.31646728515625 4 -351.5455322265625
v 189.31396484375 4 -357.47421264648438
v 193.44477844238281 4 -357.47506713867188
v 193.44477844238281 4 -349.0086669921875
v 192.27226257324219 4 -349.0086669921875
v 192.27226257324219 4 -348.46527099609375
v 192.35806274414062 4 -348.46527099609375
v 192.35806274414062 4 -348.92288208007812
v 193.44477844238281 4 -348.92288208007812
v 193.44477844238281 4 -346.87445068359375
v 192.27061462402344 4 -346.87445068359375
v 192.2628173828125 4 -346.75701904296875
v 193.56352233886719 4 -346.75701904296875
v 193.56352233886719 4 -355.44400024414062
v 206.09251403808594 4 -355.44964599609375
v 206.09251403808594 4 -353.89385986328125
v 204.23695373535156 4 -353.89385986328125
v 204.23695373535156 4 -354.21676635742188
v 204.15750122070312 4 -354.21676635742188
v 204.15750122070312 4 -352.90328979492188
v 204.30918884277344 4 -352.90328979492188
v 204.30918884277344 4 -353.80926513671875
v 206.09251403808594 4 -353.80926513671875
v 206.09251403808594 4 -350.79733276367188
v 204.30918884277344 4 -350.79733276367188
v 204.30918884277344 4 -351.70327758789062
v 204.15750122070312 4 -351.70327758789062
v 204.15750122070312 4 -349.80352783203125
v 204.30918884277344 4 -349.80352783203125
v 204.30918884277344 4 -350.70950317382812
v 206.07778930664062 4 -350.70950317382812
v 206.08473205566406 4 -347.69757080078125
v 204.30918884277344 4 -347.69757080078125
v 204.30918884277344 4 -348.60354614257812
v 204.15750122070312 4 -348.60354614257812
v 204.15750122070312 4 -347.60952758789062
v 206.08494567871094 4 -347.60952758789062
v 206.08494567871094 4 -346.75515747070312
v 208.4656982421875 4 -346.75515747070312
v 208.4656982421875 4 -346.87258911132812
v 208.39962768554688 4 -346.87258911132812
v 208.39962768554688 4 -348.74942016601562
v 208.28523254394531 4 -348.74942016601562
v 208.28523254394531 4 -346.87261962890625
v 206.29928588867188 4 -346.87261962890625
v 206.29928588867188 4 -351.5455322265625
v 206.21577453613281 4 -351.5455322265625
v 206.21200561523438 4 -357.47506713867188
v 210.33914184570312 4 -357.47506713867188
v 210.33914184570312 4 -349.0086669921875
v 209.16661071777344 4 -349.0086669921875
v 209.16661071777344 4 -348.46527099609375
v 209.25242614746094 4 -348.46527099609375
v 209.25242614746094 4 -348.92288208007812
v 210.33914184570312 4 -348.92288208007812
v 210.33914184570312 4 -346.87445068359375
v 209.16497802734375 4 -346.87445068359375
v 209.15718078613281 4 -346.75701904296875
v 211.63204956054688 4 -346.75701904296875
v 211.63204956054688 4 -346.87445068359375
v 210.4578857421875 4 -346.87445068359375
v 210.4578857421875 4 -348.92288208007812
v 211.54460144042969 4 -348.92288208007812
v 211.54460144042969 4 -348.46527099609375
v 211.63040161132812 4 -348.46527099609375
v 211.63040161132812 4 -349.0086669921875
v 210.4578857421875 4 -349.0086669921875
v 210.4578857421875 4 -357.47506713867188
v 214.54743957519531 4 -357.47320556640625
v 214.54743957519531 4 -351.54367065429688
v 214.45938110351562 4 -351.54367065429688
v 214.46194458007812 4 -346.87258911132812
v 212.47853088378906 4 -346.87261962890625
v 212.47853088378906 4 -348.7493896484375
v 212.36412048339844 4 -348.7493896484375
v 212.36412048339844 4 -346.87255859375
v 212.29804992675781 4 -346.87255859375
v 212.29804992675781 4 -346.75515747070312
v 216.91609191894531 4 -346.75515747070312
v 216.91609191894531 4 -346.87255859375
v 216.85002136230469 4 -346.87255859375
v 216.85002136230469 4 -348.7493896484375
v 216.73561096191406 4 -348.7493896484375
v 216.73561096191406 4 -346.87261962890625
v 214.74964904785156 4 -346.87289428710938
v 214.74966430664062 4 -351.5455322265625
v 214.66616821289062 4 -351.5455322265625
v 214.66366577148438 4 -357.47421264648438
v 218.79447937011719 4 -357.47506713867188
v 218.79447937011719 4 -349.0086669921875
v 217.62196350097656 4 -349.0086669921875
v 217.62196350097656 4 -348.46527099609375
v 217.707763671875 4 -348.46527099609375
v 217.707763671875 4 -348.92288208007812
v 218.79447937011719 4 -348.92288208007812
v 218.79447937011719 4 -346.87445068359375
v 217.62031555175781 4 -346.87445068359375
v 217.61251831054688 4 -346.75701904296875
v 220.08738708496094 4 -346.75701904296875
v 220.08738708496094 4 -346.87445068359375
v 218.91322326660156 4 -346.87445068359375
v 218.91322326660156 4 -348.92288208007812
v 219.99993896484375 4 -348.92288208007812
v 219.99993896484375 4 -348.46527099609375
v 220.08575439453125 4 -348.46527099609375
v 220.08575439453125 4 -349.0086669921875
v 218.91322326660156 4 -349.0086669921875
v 218.91322326660156 4 -357.47506713867188
v 223.00279235839844 4 -357.47320556640625
v 223.00279235839844 4 -351.54367065429688
v 222.91471862792969 4 -351.54367065429688
v 222.91728210449219 4 -346.87258911132812
v 220.93386840820312 4 -346.87261962890625
v 220.93386840820312 4 -348.7493896484375
v 220.81947326660156 4 -348.7493896484375
v 220.81947326660156 4 -346.87255859375
v 220.75340270996094 4 -346.87255859375
v 220.75340270996094 4 -346.75515747070312
v 225.37142944335938 4 -346.75515747070312
v 225.37142944335938 4 -346.87255859375
v 225.30535888671875 4 -346.87255859375
v 225.30535888671875 4 -348.7493896484375
v 225.19094848632812 4 -348.7493896484375
v 225.19094848632812 4 -346.87261962890625
v 223.20498657226562 4 -346.87289428710938
v 223.20501708984375 4 -351.5455322265625
v 223.12150573730469 4 -351.5455322265625
v 223.1190185546875 4 -357.47421264648438
v 227.24981689453125 4 -357.47506713867188
v 227.24981689453125 4 -349.0086669921875
v 226.07730102539062 4 -349.0086669921875
v 226.07730102539062 4 -348.46527099609375
v 226.16310119628906 4 -348.46527099609375
v 226.16310119628906 4 -348.92288208007812
v 227.24981689453125 4 -348.92288208007812
v 227.24981689453125 4 -346.87445068359375
v 226.07565307617188 4 -346.87445068359375
v 226.06787109375 4 -346.75701904296875
v 228.54273986816406 4 -346.75701904296875
v 228.54273986816406 4 -346.87445068359375
v 227.36856079101562 4 -346.87445068359375
v 227.36856079101562 4 -348.92288208007812
v 228.45529174804688 4 -348.92288208007812
v 228.45529174804688 4 -348.46527099609375
v 228.54109191894531 4 -348.46527099609375
v 228.54109191894531 4 -349.0086669921875
v 227.36856079101562 4 -349.0086669921875
v 227.36856079101562 4 -357.47506713867188
v 231.4581298828125 4 -357.47320556640625
v 231.4581298828125 4 -351.54367065429688
v 231.37007141113281 4 -351.54367065429688
v 231.37261962890625 4 -346.87258911132812
v 229.38920593261719 4 -346.87261962890625
v 229.38920593261719 4 -348.7493896484375
v 229.27481079101562 4 -348.7493896484375
v 229.27481079101562 4 -346.87255859375
v 229.208740234375 4 -346.87255859375
v 229.208740234375 4 -346.75515747070312
v 233.82676696777344 4 -346.75515747070312
v 233.82676696777344 4 -346.87255859375
v 233.76069641113281 4 -346.87255859375
v 233.76069641113281 4 -348.7493896484375
v 233.64630126953125 4 -348.7493896484375
v 233.64630126953125 4 -346.87261962890625
v 231.66032409667969 4 -346.87289428710938
v 231.66035461425781 4 -351.5455322265625
v 231.57684326171875 4 -351.5455322265625
v 231.57435607910156 4 -357.47421264648438
v 235.70515441894531 4 -357.47506713867188
v 235.70515441894531 4 -349.0086669921875
v 234.53263854980469 4 -349.0086669921875
v 234.53263854980469 4 -348.46527099609375
v 234.61843872070312 4 -348.46527099609375
v 234.61843872070312 4 -348.92288208007812
v 235.70515441894531 4 -348.92288208007812
v 235.70515441894531 4 -346.87445068359375
v 234.53099060058594 4 -346.87445068359375
v 234.52320861816406 4 -346.75701904296875
v 236.99807739257812 4 -346.75701904296875
v 236.99807739257812 4 -346.87445068359375
v 235.82391357421875 4 -346.87445068359375
v 235.82391357421875 4 -348.92288208007812
v 236.91062927246094 4 -348.92288208007812
v 236.91062927246094 4 -348.46527099609375
v 236.99642944335938 4 -348.46527099609375
v 236.99642944335938 4 -349.0086669921875
v 235.82391357421875 4 -349.0086669921875
v 235.82391357421875 4 -357.47506713867188
v 239.91342163085938 4 -357.47320556640625
v 239.91342163085938 4 -351.54367065429688
v 239.82536315917969 4 -351.54367065429688
v 239.82536315917969 4 -346.87255859375
v 237.88276672363281 4 -346.87261962890625
v 237.88276672363281 4 -348.7493896484375
v 237.76837158203125 4 -348.7493896484375
v 237.76837158203125 4 -346.87255859375
v 237.70230102539062 4 -346.87255859375
v 237.70230102539062 4 -346.75515747070312
v 241.49176025390625 4 -346.75701904296875
v 241.49176025390625 4 -346.8731689453125
v 240.12043762207031 4 -346.8731689453125
v 240.12045288085938 4 -351.5455322265625
v 240.03695678710938 4 -351.5455322265625
v 240.03446960449219 4 -357.47415161132812
v 244.14198303222656 4 -357.47506713867188
v 244.13716125488281 4 -346.87319946289062
v 242.69175720214844 4 -346.8731689453125
v 242.69175720214844 4 -346.75701904296875
v 244.2593994140625 4 -346.75701904296875
v 244.2593994140625 4 -355.52627563476562
v 247.26954650878906 4 -355.52627563476562
v 247.26776123046875 4 -354.16476440429688
v 247.55928039550781 4 -354.16494750976562
v 247.56085205078125 4 -355.52627563476562
v 250.49729919433594 4 -355.52627563476562
v 250.49729919433594 4 -355.43820190429688
v 254.87107849121094 4 -355.43820190429688
v 254.87107849121094 4 -355.52627563476562
v 260.77008056640625 4 -355.52627563476562
v 260.77008056640625 4 -351.603271484375
v 254.86869812011719 4 -351.603271484375
v 254.86869812011719 4 -351.69131469726562
v 250.49491882324219 4 -351.69131469726562
v 250.49491882324219 4 -351.603271484375
v 247.55966186523438 4 -351.603271484375
v 247.55946350097656 4 -352.96493530273438
v 247.26776123046875 4 -352.96475219726562
v 247.26835632324219 4 -350.10455322265625
v 247.5596923828125 4 -350.104736328125
v 247.55966186523438 4 -351.46603393554688
v 250.49491882324219 4 -351.46603393554688
v 250.49491882324219 4 -351.37799072265625
v 254.86869812011719 4 -351.37799072265625
v 254.86869812011719 4 -351.4705810546875
v 255.66880798339844 4 -351.469970703125
v 255.66880798339844 4 -347.54696655273438
v 254.87107849121094 4 -347.54306030273438
v 254.87107849121094 4 -347.631103515625
v 250.49729919433594 4 -347.631103515625
v 250.49729919433594 4 -347.54306030273438
v 247.56085205078125 4 -347.54306030273438
v 247.56024169921875 4 -348.90472412109375
v 247.26835632324219 4 -348.904541015625
v 247.26954650878906 4 -346.04434204101562
v 247.56169128417969 4 -346.04449462890625
v 247.56085205078125 4 -347.40582275390625
v 250.49729919433594 4 -347.40582275390625
v 250.49729919433594 4 -347.31777954101562
v 254.87107849121094 4 -347.31777954101562
v 254.87107849121094 4 -347.41036987304688
v 258.88983154296875 4 -347.40728759765625
v 258.88983154296875 4 -346.86093139648438
v 259.00982666015625 4 -346.86093139648438
v 259.00982666015625 4 -347.40719604492188
v 260.77127075195312 4 -347.40582275390625
v 260.77127075195312 4 -343.48281860351562
v 259.00982666015625 4 -343.48147583007812
v 259.00982666015625 4 -344.02774047851562
v 258.88983154296875 4 -344.02774047851562
v 258.88983154296875 4 -343.48138427734375
v 254.87107849121094 4 -343.47830200195312
v 254.87107849121094 4 -343.57089233398438
v 250.49729919433594 4 -343.57089233398438
v 250.49729919433594 4 -343.47494506835938
v 247.56324768066406 4 -343.48281860351562
v 247.56240844726562 4 -344.84451293945312
v 247.26954650878906 4 -344.84432983398438
v 247.27095031738281 4 -341.984130859375
v 247.56439208984375 4 -341.98428344726562
v 247.5633544921875 4 -343.34561157226562
v 250.49729919433594 4 -343.34561157226562
v 250.49729919433594 4 -343.257568359375
v 254.87107849121094 4 -343.257568359375
v 254.87107849121094 4 -343.34561157226562
v 258.88983154296875 4 -343.34561157226562
v 258.88983154296875 4 -342.80072021484375
v 259.00982666015625 4 -342.80072021484375
v 259.00982666015625 4 -343.34561157226562
v 260.77127075195312 4 -343.34561157226562
v 244.07978820800781 4 -339.24575805664062
v 244.07978820800781 4 -342.32925415039062
v 243.13298034667969 4 -342.32925415039062
v 243.13298034667969 4 -339.24575805664062
v 235.87594604492188 4 -339.24575805664062
v 236.82273864746094 4 -339.24575805664062
v 236.82273864746094 4 -342.32925415039062
v 235.87594604492188 4 -342.32925415039062
v 235.65312194824219 4 -339.24575805664062
v 235.65312194824219 4 -342.32925415039062
v 234.70632934570312 4 -342.32925415039062
v 234.70632934570312 4 -339.24575805664062
v 227.42059326171875 4 -339.24575805664062
v 228.36740112304688 4 -339.24575805664062
v 228.36740112304688 4 -342.32925415039062
v 227.42059326171875 4 -342.32925415039062
v 227.19778442382812 4 -339.24575805664062
v 227.19778442382812 4 -342.32925415039062
v 226.25099182128906 4 -342.32925415039062
v 226.25099182128906 4 -339.24575805664062
v 218.96525573730469 4 -339.24575805664062
v 219.91206359863281 4 -339.24575805664062
v 219.91206359863281 4 -342.32925415039062
v 218.96525573730469 4 -342.32925415039062
v 218.74244689941406 4 -339.24575805664062
v 218.74244689941406 4 -342.32925415039062
v 217.79563903808594 4 -342.32925415039062
v 217.79563903808594 4 -339.24575805664062
v 210.50991821289062 4 -339.24575805664062
v 211.45671081542969 4 -339.24575805664062
v 211.45671081542969 4 -342.32925415039062
v 210.50991821289062 4 -342.32925415039062
v 210.287109375 4 -339.24575805664062
v 210.287109375 4 -342.32925415039062
v 209.34030151367188 4 -342.32925415039062
v 209.34030151367188 4 -339.24575805664062
v 168.24954223632812 4 -339.24575805664062
v 169.19633483886719 4 -339.24575805664062
v 169.19633483886719 4 -342.32925415039062
v 168.24954223632812 4 -342.32925415039062
v 176.48207092285156 4 -339.24575805664062
v 176.48207092285156 4 -342.32925415039062
v 175.53526306152344 4 -342.32925415039062
v 175.53526306152344 4 -339.24575805664062
v 176.70487976074219 4 -339.24575805664062
v 177.65167236328125 4 -339.24575805664062
v 177.65167236328125 4 -342.32925415039062
v 176.70487976074219 4 -342.32925415039062
v 184.93740844726562 4 -339.24575805664062
v 184.93740844726562 4 -342.32925415039062
v 183.9906005859375 4 -342.32925415039062
v 183.9906005859375 4 -339.24575805664062
v 185.16021728515625 4 -339.24575805664062
v 186.10700988769531 4 -339.24575805664062
v 186.10700988769531 4 -342.32925415039062
v 185.16021728515625 4 -342.32925415039062
v 193.39274597167969 4 -339.24575805664062
v 193.39274597167969 4 -342.32925415039062
v 192.44595336914062 4 -342.32925415039062
v 192.44595336914062 4 -339.24575805664062
v 193.61555480957031 4 -339.24575805664062
v 194.56236267089844 4 -339.24575805664062
v 194.56236267089844 4 -342.32925415039062
v 193.61555480957031 4 -342.32925415039062
v 168.02671813964844 4 -339.24575805664062
v 168.02671813964844 4 -342.32925415039062
v 167.07992553710938 4 -342.32925415039062
v 167.07992553710938 4 -339.24575805664062
v 151.11604309082031 4 -339.24575805664062
v 151.11604309082031 4 -342.32925415039062
v 150.16923522949219 4 -342.32925415039062
v 150.16923522949219 4 -339.24575805664062
v 151.33885192871094 4 -339.24575805664062
v 152.28565979003906 4 -339.24575805664062
v 152.28565979003906 4 -342.32925415039062
v 151.33885192871094 4 -342.32925415039062
v 159.57138061523438 4 -339.24575805664062
v 159.57138061523438 4 -342.32925415039062
v 158.62458801269531 4 -342.32925415039062
v 158.62458801269531 4 -339.24575805664062
v 159.794189453125 4 -339.24575805664062
v 160.74099731445312 4 -339.24575805664062
v 160.74099731445312 4 -342.32925415039062
v 159.794189453125 4 -342.32925415039062
v 142.88351440429688 4 -339.24575805664062
v 143.83030700683594 4 -339.24575805664062
v 143.83030700683594 4 -342.32925415039062
v 142.88351440429688 4 -342.32925415039062
v 142.66070556640625 4 -339.24575805664062
v 142.66070556640625 4 -342.32925415039062
v 141.71389770507812 4 -342.32925415039062
v 141.71389770507812 4 -339.24575805664062
v 125.75002288818359 4 -339.24575805664062
v 125.75002288818359 4 -342.32925415039062
v 124.80322265625 4 -342.32925415039062
v 124.80322265625 4 -339.24575805664062
v 125.97283172607422 4 -339.24575805664062
v 126.91963195800781 4 -339.24575805664062
v 126.91963195800781 4 -342.32925415039062
v 125.97283172607422 4 -342.32925415039062
v 134.20535278320312 4 -339.24575805664062
v 134.20535278320312 4 -342.32925415039062
v 133.25856018066406 4 -342.32925415039062
v 133.25856018066406 4 -339.24575805664062
v 134.42817687988281 4 -339.24575805664062
v 135.37496948242188 4 -339.24575805664062
v 135.37496948242188 4 -342.32925415039062
v 134.42817687988281 4 -342.32925415039062
v 142.55879211425781 4 -350.48516845703125
v 142.55879211425781 4 -353.85003662109375
v 140.66519165039062 4 -353.85003662109375
v 140.66519165039062 4 -350.48516845703125
v 240.17710876464844 4 -350.48373413085938
v 242.07070922851562 4 -350.48373413085938
v 242.07070922851562 4 -353.84860229492188
v 240.17710876464844 4 -353.84860229492188
v 251.271240234375 4 -339.14529418945312
v 251.271240234375 4 -338.19851684570312
v 254.35472106933594 4 -338.19851684570312
v 254.35472106933594 4 -339.14529418945312
v 251.271240234375 4 -343.6229248046875
v 254.35472106933594 4 -343.6229248046875
v 254.35472106933594 4 -344.56973266601562
v 251.271240234375 4 -344.56973266601562
v 251.26637268066406 4 -351.32595825195312
v 251.26637268066406 4 -350.379150390625
v 254.349853515625 4 -350.379150390625
v 254.349853515625 4 -351.32595825195312
v 197.78115844726562 4 -346.75521850585938
v 197.78115844726562 4 -347.60952758789062
v 199.86943054199219 4 -347.60952758789062
v 199.86843872070312 4 -348.60354614257812
v 199.71774291992188 4 -348.60354614257812
v 199.71774291992188 4 -347.69757080078125
v 197.78115844726562 4 -347.69757080078125
v 197.78115844726562 4 -350.70950317382812
v 199.71774291992188 4 -350.70950317382812
v 199.71774291992188 4 -349.80352783203125
v 199.86724853515625 4 -349.80352783203125
v 199.8653564453125 4 -351.70327758789062
v 199.71774291992188 4 -351.70327758789062
v 199.71774291992188 4 -350.79733276367188
v 197.78115844726562 4 -350.79733276367188
v 197.78115844726562 4 -353.80926513671875
v 199.71774291992188 4 -353.80926513671875
v 199.71774291992188 4 -352.90328979492188
v 199.86416625976562 4 -352.90328979492188
v 199.86317443847656 4 -353.89385986328125
v 197.86709594726562 4 -353.89385986328125
v 197.86709594726562 4 -354.21676635742188
v 197.63471984863281 4 -354.21676635742188
v 197.62968444824219 4 -346.84323120117188
v 195.68887329101562 4 -346.84271240234375
v 195.68890380859375 4 -346.75466918945312
v 197.52885437011719 4 -350.76657104492188
v 197.52885437011719 4 -353.85006713867188
v 195.72933959960938 4 -353.85006713867188
v 195.72933959960938 4 -350.76657104492188
v 202.04937744140625 4 -339.24575805664062
v 202.99618530273438 4 -339.24575805664062
v 202.99618530273438 4 -342.32925415039062
v 202.04937744140625 4 -342.32925415039062
f 3233 3234 3235
f 3254 3255 3258
f 3235 3236 3233
f 3233 3238 3230
f 3237 3238 3233
f 3253 3254 3258
f 3233 3236 3237
f 3258 3255 3256
f 3233 3230 3232
f 3274 3275 3273
f 3276 3273 3275
f 3295 3298 3294
f 3256 3257 3258
f 3273 3278 3270
f 3278 3273 3277
f 3272 3273 3270
f 3298 3293 3294
f 3301 3293 3298
f 3277 3273 3276
f 3229 3230 3238
f 3251 3248 3249
f 3242 3240 3241
f 3250 3251 3249
f 3229 3239 3228
f 3239 3229 3238
f 3247 3251 3252
f 3244 3239 3240
f 3252 3253 3262
f 3258 3261 3253
f 3280 3281 3282
f 3253 3261 3262
f 3269 3270 3278
f 3268 3269 3279
f 3290 3291 3289
f 3278 3279 3269
f 3302 3292 3293
f 3291 3288 3289
f 3261 3258 3259
f 3293 3301 3302
f 3295 3296 3298
f 3310 3311 3945
f 3945 3309 3310
f 3308 3309 3314
f 3945 3312 3944
f 3312 3945 3311
f 3298 3296 3297
f 3315 3308 3314
f 3945 3946 3309
f 3946 3943 3314
f 3314 3309 3946
f 3315 3322 3308
f 3944 3312 3313
f 3377 3378 3380
f 3338 3340 3337
f 3354 3355 3352
f 3360 3352 3355
f 3338 3339 3340
f 3337 3340 3336
f 3313 3314 3943
f 3358 3359 3355
f 3377 3380 3376
f 3335 3336 3340
f 3944 3313 3943
f 3316 3317 3318
f 3318 3319 3321 3316
f 3344 3334 3335
f 3331 3333 3330
f 3298 3299 3301
f 3335 3343 3344
f 3359 3360 3355
f 3335 3340 3343
f 3352 3360 3351
f 3343 3340 3341
f 3373 3370 3371
f 3364 3362 3363
f 3372 3373 3371
f 3375 3376 3380
f 3331 3332 3333
f 3395 3397 3398
f 3361 3350 3351
f 3231 3232 3230
f 3244 3227 3239
f 3243 3240 3242
f 3247 3248 3251
f 3244 3240 3243
f 3227 3228 3239
f 3262 3263 3252
f 3264 3252 3263
f 3247 3252 3264
f 3283 3284 3280
f 3268 3279 3267
f 3282 3283 3280
f 3292 3287 3291
f 3267 3279 3284
f 3270 3271 3272
f 3291 3287 3288
f 3287 3292 3304
f 3303 3304 3292
f 3292 3302 3303
f 3260 3261 3259
f 3284 3279 3280
f 3244 3245 3227
f 3264 3265 3246 3247
f 3245 3226 3227
f 3245 3246 3203 3204
f 3204 3223 3226
f 3225 3226 3223
f 3245 3204 3226
f 3184 3203 3265
f 3246 3265 3203
f 3204 3205 3222 3223
f 3224 3225 3223
f 3265 3266 3183 3184
f 3285 3266 3267
f 3284 3285 3267
f 3304 3305 3286 3287
f 3164 3266 3285
f 3286 3163 3164 3285
f 3164 3183 3266
f 3183 3164 3165 3182
f 3144 3163 3305
f 3144 3145 3162 3163
f 3305 3163 3286
f 3305 3306 3143 3144
f 3184 3185 3202 3203
f 3320 3321 3319
f 3316 3321 3322 3315
f 3323 3326 3307
f 3323 3307 3308
f 3325 3326 3323 3324
f 3366 3361 3362
f 3360 3361 3351
f 3342 3343 3341
f 3329 3330 3333
f 3361 3366 3349
f 3362 3364 3365
f 3362 3365 3366
f 3369 3370 3373
f 3329 3333 3334
f 3299 3300 3301
f 3307 3326 3327
f 3328 3329 3346 3347
f 3307 3327 3306
f 3306 3327 3143
f 3143 3327 3124
f 3143 3124 3125 3142
f 3123 3328 3347
f 3104 3123 3347
f 3123 3124 3327 3328
f 3334 3346 3329
f 3345 3334 3344
f 3354 3352 3353
f 3103 3104 3347 3348
f 3084 3348 3367
f 3349 3367 3348
f 3084 3367 3368 3083
f 3103 3348 3084
f 3367 3349 3366
f 3103 3084 3085 3102
f 3350 3361 3349
f 3346 3334 3345
f 3104 3105 3122 3123
f 3374 3369 3373
f 3308 3322 3323
f 3375 3383 3384
f 3356 3357 3355
f 3355 3357 3358
f 3416 3417 3420
f 3394 3395 3392
f 3380 3378 3379
f 3400 3395 3399
f 3398 3399 3395
f 3400 3392 3395
f 3437 3438 3435
f 3436 3437 3435
f 3456 3457 3460
f 3415 3416 3420
f 3432 3435 3440
f 3419 3420 3418
f 3438 3439 3435
f 3434 3435 3432
f 3439 3440 3435
f 3418 3420 3417
f 3375 3384 3374
f 3410 3411 3413
f 3404 3402 3403
f 3375 3380 3383
f 3391 3400 3401
f 3406 3401 3402
f 3391 3401 3390
f 3392 3400 3391
f 3380 3381 3383
f 3414 3415 3424
f 3415 3420 3423
f 3423 3424 3415
f 3444 3442 3443
f 3423 3420 3421
f 3409 3413 3414
f 3431 3440 3441
f 3446 3441 3442
f 3431 3441 3430
f 3432 3440 3431
f 3451 3453 3450
f 3412 3413 3411
f 3477 3478 3475
f 3476 3477 3475
f 3496 3497 3500
f 3460 3455 3456
f 3472 3475 3480
f 3459 3460 3458
f 3478 3479 3475
f 3475 3479 3480
f 3458 3460 3457
f 3516 3517 3515
f 3518 3515 3517
f 3977 3980 3975
f 3500 3495 3496
f 3500 3498 3499
f 3515 3518 3519
f 3515 3520 3512
f 3515 3519 3520
f 3498 3500 3497
f 3475 3472 3474
f 3463 3464 3455
f 3452 3453 3451
f 3454 3455 3464
f 3480 3471 3472
f 3460 3463 3455
f 3483 3484 3482
f 3463 3460 3461
f 3471 3481 3470
f 3515 3512 3514
f 3503 3504 3495
f 3491 3492 3493
f 3494 3495 3504
f 3503 3495 3500
f 3523 3524 3522
f 3511 3512 3520
f 3530 3531 3533
f 3503 3500 3501
f 3490 3491 3493
f 3521 3510 3511
f 3382 3383 3381
f 3394 3392 3393
f 3405 3406 3402
f 3405 3402 3404
f 3406 3389 3401
f 3386 3369 3374
f 3385 3374 3384
f 3401 3389 3390
f 3374 3385 3386
f 3434 3432 3433
f 3409 3414 3426
f 3442 3444 3445
f 3442 3445 3446
f 3450 3453 3449
f 3409 3410 3413
f 3429 3441 3446
f 3425 3414 3424
f 3421 3422 3423
f 3449 3454 3466
f 3454 3449 3453
f 3426 3414 3425
f 3386 3387 3368 3369
f 3407 3389 3406
f 3407 3388 3389
f 3083 3368 3387
f 3064 3065 3082 3083
f 3064 3083 3387
f 3044 3063 3388
f 3063 3064 3387 3388
f 3407 3044 3388
f 3063 3044 3045 3062
f 3044 3407 3408 3043
f 3426 3427 3408 3409
f 3429 3430 3441
f 3446 3447 3429
f 3429 3447 3428
f 3024 3043 3427
f 3408 3427 3043
f 3427 3428 3023 3024
f 3024 3025 3042 3043
f 3004 3023 3428
f 3447 3004 3428
f 3023 3004 3005 3022
f 3004 3447 3448 3003
f 3482 3486 3481
f 3474 3472 3473
f 3482 3484 3485
f 3486 3482 3485
f 3481 3471 3480
f 3486 3469 3481
f 3461 3462 3463
f 3490 3493 3489
f 3464 3465 3454
f 3493 3494 3489
f 3489 3494 3506
f 3522 3526 3521
f 3520 3521 3511
f 3525 3526 3522
f 3513 3514 3512
f 3501 3502 3503
f 3505 3494 3504
f 3524 3525 3522
f 3509 3521 3526
f 3466 3467 3448 3449
f 3469 3470 3481
f 3466 3454 3465
f 2984 3003 3467
f 3448 3467 3003
f 3467 3468 2983 2984
f 2984 2985 3002 3003
f 3468 2964 2983
f 3487 2964 3468
f 3468 3469 3487
f 3469 3486 3487
f 3506 3507 3488 3489
f 3521 3509 3510
f 3488 2963 2964 3487
f 3507 2963 3488
f 2944 2963 3507
f 2943 2944 3507 3508
f 3508 3527 2924
f 3508 3509 3527
f 2944 2945 2962 2963
f 3527 3509 3526
f 3494 3505 3506
f 2983 2964 2965 2982
f 2924 3527 3528 2923
f 3396 3397 3395
f 3205 3210 3222
f 3206 3209 3205
f 3222 3210 3221
f 3201 3202 3198
f 3210 3220 3221
f 3202 3185 3197
f 3182 3170 3181
f 3166 3169 3165
f 3165 3170 3182
f 3197 3185 3186
f 3145 3157 3162
f 3158 3161 3162
f 3146 3157 3145
f 3209 3210 3205
f 3198 3202 3197
f 3198 3200 3201
f 3187 3197 3186
f 3196 3197 3187
f 3211 3220 3210
f 3209 3206 3207
f 3209 3207 3208
f 3189 3190 3188
f 3218 3219 3217
f 3176 3177 3179
f 3180 3181 3170
f 3169 3170 3165
f 3160 3161 3158
f 3156 3157 3147
f 3158 3162 3157
f 3171 3180 3170
f 3169 3166 3167
f 3187 3188 3196
f 3147 3157 3146
f 3178 3179 3177
f 3168 3169 3167
f 3217 3219 3216
f 3142 3130 3141
f 3126 3129 3125
f 3125 3130 3142
f 3130 3140 3141
f 3138 3139 3137
f 3122 3118 3121
f 3085 3090 3102
f 3086 3089 3085
f 3102 3090 3101
f 3117 3105 3106
f 3082 3078 3081
f 3065 3077 3082
f 3117 3122 3105
f 3139 3136 3137
f 3120 3121 3118
f 3117 3118 3122
f 3130 3125 3129
f 3107 3116 3117
f 3131 3140 3130
f 3129 3126 3127
f 3117 3106 3107
f 3147 3148 3156
f 3097 3098 3099
f 3090 3100 3101
f 3089 3090 3085
f 3078 3080 3081
f 3096 3097 3099
f 3091 3100 3090
f 3089 3086 3087
f 3107 3108 3116
f 3078 3082 3077
f 3109 3110 3108
f 3088 3089 3087
f 3067 3076 3077
f 3150 3148 3149
f 3128 3129 3127
f 3211 3219 3220
f 3195 3934 3931
f 3929 3211 3212
f 3929 3216 3211
f 3195 3933 3934
f 3194 3195 3931
f 3928 3929 3212
f 3195 3196 3933
f 3211 3216 3219
f 3176 3171 3937
f 3176 3179 3171
f 3158 3159 3160
f 3198 3199 3200
f 3156 3941 3155
f 3936 3937 3172
f 3172 3937 3171
f 3191 3196 3188
f 3942 3155 3941
f 3154 3155 3939
f 3942 3939 3155
f 3156 3151 3941
f 3190 3191 3188
f 3171 3179 3180
f 3214 3216 3930
f 3930 3216 3929
f 3927 3928 3212 3213
f 3932 3933 3191
f 3213 3930 3927
f 3213 3214 3930
f 3193 3194 3932
f 3191 3193 3932
f 3931 3932 3194
f 3193 3191 3192
f 3215 3216 3214
f 3191 3933 3196
f 3938 3176 3937
f 3941 3151 3940
f 3174 3175 3176
f 3176 3938 3174
f 3174 3938 3173
f 3935 3173 3938
f 3940 3154 3939
f 3172 3173 3935 3936
f 3940 3153 3154
f 3153 3940 3151
f 3151 3148 3150
f 3131 3136 3139
f 3115 3922 3919
f 3925 3131 3132
f 3156 3148 3151
f 3115 3921 3922
f 3114 3115 3919
f 3924 3925 3132
f 3115 3116 3921
f 3096 3091 3905
f 3096 3099 3091
f 3079 3080 3078
f 3118 3119 3120
f 3076 3909 3075
f 3904 3905 3092
f 3092 3905 3091
f 3111 3116 3108
f 3910 3075 3909
f 3074 3075 3907
f 3910 3907 3075
f 3908 3909 3071
f 3110 3111 3108
f 3091 3099 3100
f 3136 3134 3135
f 3136 3925 3926
f 3923 3924 3132
f 3133 3926 3923
f 3920 3921 3111
f 3926 3134 3136
f 3151 3152 3153
f 3133 3134 3926
f 3920 3114 3919
f 3132 3133 3923
f 3920 3113 3114
f 3113 3920 3111
f 3111 3921 3116
f 3096 3905 3906
f 3093 3906 3903
f 3094 3095 3096
f 3096 3906 3094
f 3094 3906 3093
f 3908 3074 3907
f 3092 3093 3903 3904
f 3073 3074 3908
f 3111 3112 3113
f 3070 3071 3068
f 3925 3136 3131
f 3131 3139 3140
f 3065 3066 3077
f 3061 3062 3050
f 3062 3045 3050
f 3049 3045 3046
f 3050 3060 3061
f 3058 3059 3057
f 3068 3069 3070
f 3025 3037 3042
f 3022 3010 3021
f 3005 3010 3022
f 3028 3029 3030
f 3037 3025 3026
f 3009 3005 3006
f 3038 3041 3042
f 3077 3066 3067
f 3056 3057 3059
f 3040 3041 3038
f 3037 3038 3042
f 3050 3045 3049
f 3056 3059 3051
f 3047 3049 3046
f 3060 3050 3051
f 3036 3037 3027
f 3047 3048 3049
f 3016 3017 3019
f 3020 3021 3010
f 3009 3010 3005
f 3000 3001 2998
f 2997 2998 3002
f 3027 3028 3036
f 3027 3037 3026
f 3007 3009 3006
f 3020 3010 3011
f 2996 2997 2987
f 3019 3017 3018
f 3008 3009 3007
f 3002 2998 3001
f 2997 2985 2986
f 2982 2970 2981
f 2965 2970 2982
f 2969 2965 2966
f 2979 2977 2978
f 2945 2957 2962
f 2943 2924 2925 2942
f 3508 2924 2943
f 2957 2945 2946
f 2925 2930 2942
f 2926 2929 2925
f 2930 2941 2942
f 2962 2958 2961
f 2977 2979 2976
f 2970 2980 2981
f 2958 2960 2961
f 2970 2965 2969
f 2987 2988 2996
f 2987 2997 2986
f 2967 2969 2966
f 2980 2970 2971
f 2989 2990 2988
f 2949 2950 2948
f 2962 2957 2958
f 2940 2941 2930
f 2939 2937 2938
f 2937 2939 2936
f 2947 2948 2956
f 2947 2957 2946
f 2929 2930 2925
f 2940 2930 2931
f 2929 2926 2927
f 2957 2947 2956
f 2928 2929 2927
f 3002 2985 2997
f 2968 2969 2967
f 3056 3051 3913
f 3052 3912 3913
f 3052 3913 3051
f 3915 3035 3918
f 3068 3071 3076
f 3054 3055 3056
f 3035 3917 3918
f 3915 3034 3035
f 3914 3056 3913
f 3031 3028 3030
f 3038 3039 3040
f 3011 3016 3019
f 3016 3011 3901
f 3019 3020 3011
f 3012 3901 3011
f 3031 3036 3028
f 3900 3901 3012
f 3874 2995 3873
f 2994 2995 3871
f 3874 3871 2995
f 3036 3917 3035
f 3072 3073 3071
f 3076 3071 3909
f 3053 3914 3911
f 3914 3054 3056
f 3911 3912 3052 3053
f 3914 3053 3054
f 3033 3034 3916
f 3916 3034 3915
f 3071 3073 3908
f 3917 3036 3031
f 3016 3901 3902
f 3013 3902 3899
f 3031 3916 3917
f 3016 3902 3014
f 3033 3031 3032
f 3013 3014 3902
f 3872 2994 3871
f 3012 3013 3899
f 3012 3899 3900
f 2993 2994 3872
f 3916 3031 3033
f 3014 3015 3016
f 3872 3873 2991
f 3059 3060 3051
f 2991 2988 2990
f 2998 2999 3000
f 2971 2976 2979
f 2976 2971 3877
f 2979 2980 2971
f 2972 3877 2971
f 2996 2988 2991
f 2972 3876 3877
f 3881 3882 2955
f 3882 3879 2955
f 3879 2954 2955
f 2955 2956 3881
f 2958 2959 2960
f 2931 2936 2939
f 2940 2931 2939
f 2936 2931 3885
f 2948 2950 2951
f 2932 3884 3885
f 2951 2956 2948
f 2915 3890 3887
f 2915 3889 3890
f 2931 2932 3885
f 2914 2915 3887
f 2992 2993 2991
f 2996 2991 3873
f 2976 3877 3878
f 3875 3876 2972 2973
f 2973 3878 3875
f 2975 2976 2974
f 2976 3878 2974
f 2974 3878 2973
f 3880 2954 3879
f 2953 2954 3880
f 2991 2993 3872
f 2952 2953 2951
f 3881 2956 2951
f 2936 2934 2935
f 3886 2936 3885
f 2951 3880 3881
f 2934 2936 3886
f 2933 3886 3883
f 2934 3886 2933
f 2932 2933 3883 3884
f 3888 2914 3887
f 3880 2951 2953
f 2996 3873 2995
f 2921 2918 2920
f 3067 3068 3076
f 3540 3537 3538
f 3558 3555 3557
f 3985 3569 3984
f 3984 3570 3574
f 3991 3569 3985
f 3991 3992 3569
f 3537 3540 3536
f 3985 3989 3990
f 3990 3991 3985
f 3982 3983 3984
f 3977 3978 3980
f 3984 3569 3570
f 3982 3574 3575
f 3574 3570 3573
f 3574 3982 3984
f 3980 3981 3974 3975
f 3578 3576 3577
f 3575 3974 3981
f 3981 3982 3575
f 3582 3575 3576 3581
f 3571 3572 3573
f 3978 3979 3980
f 3569 3992 3568
f 3555 3560 3552
f 3539 3540 3538
f 3557 3555 3556
f 3558 3559 3555
f 3559 3560 3555
f 3544 3535 3543
f 3552 3554 3555
f 3563 3564 3562
f 3540 3535 3536
f 3973 3974 3582
f 3975 3976 3977
f 3575 3582 3974
f 3972 3970 3971
f 3969 3970 3972 3967
f 3972 3973 3966 3967
f 3973 3582 3583
f 3985 3986 3989
f 3973 3583 3590 3966
f 3571 3573 3570
f 3581 3576 3578
f 3601 3602 3603
f 3580 3581 3579
f 3584 3585 3586
f 3601 3603 3604
f 3581 3578 3579
f 3623 3624 3626
f 3662 3663 3666
f 3643 3641 3642
f 3604 3605 3601
f 3624 3625 3626
f 3641 3643 3644
f 3626 3621 3622
f 3644 3645 3641
f 3623 3626 3622
f 3638 3641 3646
f 3587 3584 3586
f 3600 3601 3598
f 3606 3598 3601
f 3607 3596 3597
f 3598 3606 3597
f 3617 3619 3616
f 3609 3610 3608
f 3606 3601 3605
f 3584 3589 3590 3583
f 3629 3621 3626
f 3645 3646 3641
f 3641 3638 3640
f 3630 3620 3621
f 3659 3656 3657
f 3650 3648 3649
f 3658 3659 3657
f 3630 3621 3629
f 3661 3662 3666
f 3617 3618 3619
f 3666 3663 3664
f 3533 3531 3532
f 3543 3535 3540
f 3552 3560 3551
f 3543 3540 3541
f 3535 3544 3534
f 3561 3550 3551
f 3533 3534 3529
f 3534 3546 3529
f 3562 3566 3561
f 3560 3561 3551
f 3565 3566 3562
f 3566 3549 3561
f 3969 3967 3968
f 3966 3590 3591 3965
f 3987 3992 3989
f 3565 3562 3564
f 3987 3568 3992
f 3965 3591 3593
f 3963 3964 3965
f 3965 3593 3963
f 3588 3589 3587
f 3534 3545 3546
f 3541 3542 3543
f 3546 3547 3528 3529
f 3553 3554 3552
f 3547 2923 3528
f 3550 3561 3549
f 3545 3534 3544
f 3567 3568 2884
f 3567 3549 3566
f 3988 3568 3987
f 3567 3548 3549
f 2884 3548 3567
f 3568 3988 2883
f 3963 2862 3988
f 3547 3548 2903 2904
f 2849 2861 3963
f 3593 2848 2849
f 2841 2842 2847 2848
f 2841 2848 3593
f 2861 2849 2850 2860
f 3963 3593 2849
f 3986 3987 3989
f 2862 3963 2861
f 3608 3612 3607
f 3587 3589 3584
f 3610 3611 3608
f 3619 3615 3616
f 3595 3596 3607
f 3612 3595 3607
f 3608 3611 3612
f 3615 3619 3620
f 3636 3637 3647
f 3637 3638 3646
f 3652 3647 3648
f 3646 3647 3637
f 3615 3620 3632
f 3629 3627 3628
f 3652 3635 3647
f 3648 3651 3652
f 3650 3651 3648
f 3606 3607 3597
f 3631 3620 3630
f 3595 3612 3613
f 3598 3599 3600
f 3614 3615 3632 3633
f 3595 3613 3594
f 2840 3593 3594
f 2821 2840 3594
f 2841 3593 2840
f 3614 2820 2821 3613
f 3613 2821 3594
f 3614 3633 2820
f 2840 2821 2822 2839
f 3593 3591 3592
f 3631 3632 3620
f 3638 3639 3640
f 3635 3636 3647
f 2800 2801 3633 3634
f 2820 3633 2801
f 2781 3634 3653
f 2781 3653 3654 2780
f 2800 3634 2781
f 3634 3635 3653
f 2800 2781 2782 2799
f 3653 3635 3652
f 2801 2802 2819 2820
f 3655 3656 3659
f 3627 3629 3626
f 3661 3669 3670
f 3529 3530 3533
f 3684 3681 3683
f 3682 3683 3681
f 3702 3703 3706
f 3680 3681 3678
f 3666 3664 3665
f 3686 3681 3685
f 3684 3685 3681
f 3686 3678 3681
f 3722 3723 3721
f 3724 3721 3723
f 3743 3744 3746
f 3706 3701 3702
f 3706 3704 3705
f 3746 3741 3742
f 3721 3725 3726
f 3721 3726 3718
f 3725 3721 3724
f 3704 3706 3703
f 3700 3701 3710
f 3699 3696 3697
f 3661 3670 3660
f 3676 3677 3687
f 3677 3678 3686
f 3688 3689 3690
f 3698 3699 3697
f 3666 3669 3661
f 3666 3667 3669
f 3701 3709 3710
f 3741 3749 3750
f 3706 3707 3709
f 3701 3706 3709
f 3718 3726 3717
f 3716 3717 3727
f 3739 3737 3738
f 3740 3741 3750
f 3739 3736 3737
f 3728 3729 3730
f 3749 3741 3746
f 3718 3720 3721
f 3949 3759 3760
f 3767 3765 3766
f 3782 3765 3767
f 3743 3746 3742
f 3761 3949 3760
f 3759 3949 3950
f 3767 3781 3782
f 3768 3781 3767
f 3948 3949 3761
f 3771 3769 3770
f 3774 3772 3773
f 3771 3772 3768
f 3780 3781 3778
f 3777 3778 3781
f 3779 3780 3778
f 3772 3777 3781
f 3772 3775 3777
f 3781 3768 3772
f 3775 3772 3774
f 3769 3771 3768
f 3783 3765 3782
f 3745 3746 3744
f 3756 3757 3947
f 3757 3758 3950
f 3783 3798 3764
f 3755 3756 3947 3948
f 3950 3947 3757
f 3765 3783 3764
f 3797 3783 3784
f 3784 3960 3797
f 3798 3783 3797
f 3960 3784 3785
f 3776 3777 3775
f 3790 3788 3789
f 3960 3787 3959
f 3785 3787 3960
f 3961 3962 3788
f 3959 3787 3788
f 3790 3961 3788
f 3962 3959 3788
f 3797 3960 3961
f 3797 3961 3793
f 3785 3786 3787
f 3759 3950 3758
f 3655 3660 3672
f 3688 3692 3687
f 3687 3675 3676
f 3669 3667 3668
f 3670 3671 3660
f 3679 3680 3678
f 3692 3675 3687
f 3671 3672 3660
f 3692 3688 3691
f 3691 3688 3690
f 3699 3695 3696
f 3700 3695 3699
f 3712 3695 3700
f 3700 3710 3711
f 3709 3707 3708
f 3720 3718 3719
f 3687 3677 3686
f 3711 3712 3700
f 3672 3673 3654 3655
f 3693 3675 3692
f 3693 3674 3675
f 2780 3654 3673
f 2761 2762 2779 2780
f 2761 2780 3673
f 2741 2760 3674
f 2760 2761 3673 3674
f 3693 2741 3674
f 2760 2741 2742 2759
f 2741 3693 3694 2740
f 3712 3713 3694 3695
f 3716 3727 3715
f 3715 3732 3733
f 3715 3733 3714
f 2721 2740 3713
f 3694 3713 2740
f 3713 3714 2720 2721
f 2721 2722 2739 2740
f 2701 2720 3714
f 3733 2701 3714
f 2720 2701 2702 2719
f 2701 3733 3734 2700
f 3655 3659 3660
f 3728 3732 3727
f 3726 3727 3717
f 3739 3735 3736
f 3796 3797 3794
f 3746 3747 3749
f 3731 3732 3728
f 3730 3731 3728
f 3735 3739 3740
f 3795 3796 3794
f 3715 3727 3732
f 3793 3791 3792
f 3961 3791 3793
f 3803 3800 3801
f 3801 3802 3803
f 3961 3790 3791
f 3807 3804 3806
f 3805 3806 3804
f 3804 3800 3803
f 3794 3797 3793
f 3809 3810 3808
f 3740 3751 3752
f 3740 3750 3751
f 3747 3748 3749
f 3755 3948 3762
f 3763 3754 3755 3762
f 3752 3753 3734 3735
f 3753 2700 3734
f 3752 3735 3740
f 3754 2680 3753
f 3807 3800 3804
f 3808 3957 3807
f 3799 3763 3764
f 3799 3821 3822
f 3799 3822 3754
f 3798 3799 3764
f 3800 3821 3799
f 3821 3800 3958
f 3957 3958 3800
f 3958 3820 3821
f 3957 3800 3807
f 3754 3822 2680
f 3813 3957 3808
f 3763 3799 3754
f 3761 3762 3948
f 3811 3808 3810
f 2921 2922 2918
f 2922 2923 2904 2905
f 2884 2903 3548
f 2923 3547 2904
f 2903 2884 2885 2902
f 2905 2917 2922
f 2901 2902 2890
f 2902 2885 2890
f 2905 2906 2917
f 2862 2863 2882 2883
f 2862 2883 3988
f 2857 2859 2860
f 2882 2878 2881
f 2863 2864 2877
f 2889 2885 2886
f 2857 2860 2850
f 2884 3568 2883
f 2917 2918 2922
f 2908 2909 2910
f 2899 2897 2898
f 2917 2907 2916
f 2907 2917 2906
f 2899 2896 2897
f 2891 2900 2890
f 2916 2907 2908
f 2877 2882 2863
f 2870 2867 2868
f 2868 2869 2870
f 2858 2859 2857
f 2900 2901 2890
f 2880 2881 2878
f 2877 2864 2865
f 2876 2865 2866
f 2877 2865 2876
f 2878 2882 2877
f 2890 2885 2889
f 2867 2870 2866
f 2851 2857 2850
f 2845 2846 3996 3993
f 2847 2842 3995
f 3995 2846 2847
f 2822 2827 2839
f 2823 2826 2822
f 2839 2827 2838
f 2802 2814 2819
f 2787 2798 2799
f 2787 2799 2782
f 2782 2783 2786
f 2803 2814 2802
f 2762 2774 2779
f 2778 2779 2775
f 2815 2818 2819
f 2763 2774 2762
f 2827 2837 2838
f 2815 2817 2818
f 2815 2819 2814
f 2836 2833 2834
f 2828 2837 2827
f 2823 2824 2826
f 2804 2814 2803
f 2813 2814 2804
f 2826 2827 2822
f 2834 2835 2836
f 2797 2798 2787
f 2794 2795 2796
f 2796 2793 2794
f 2813 2804 2805
f 2786 2787 2782
f 2777 2778 2775
f 2775 2779 2774
f 2807 2805 2806
f 2788 2797 2787
f 2764 2773 2774
f 2826 2824 2825
f 2915 2916 3889
f 2918 2919 2920
f 2900 2891 2899
f 2887 2889 2886
f 2891 2896 2899
f 2888 2889 2887
f 2896 2891 3893
f 2910 2911 2908
f 3892 3893 2892
f 2891 2892 3893
f 2916 2908 2911
f 3995 3996 2846
f 3897 2875 2876
f 2851 2856 2857
f 2875 3897 3898
f 3897 2876 2871
f 2875 3895 2874
f 2856 2852 2855
f 2866 2870 2871
f 2873 2871 2872
f 3898 3895 2875
f 2880 2878 2879
f 2871 3896 3897
f 2911 2913 3888
f 3889 2911 3888
f 2911 3889 2916
f 2913 2911 2912
f 2896 2894 2895
f 2893 3894 3891
f 3893 3894 2896
f 2894 3894 2893
f 2894 2896 3894
f 3896 2874 3895
f 3891 3892 2892 2893
f 2855 2852 2854
f 2871 2873 3896
f 2871 2876 2866
f 3994 2845 3993
f 2873 2874 3896
f 2853 2854 2852
f 3994 2844 2845
f 2856 2851 2852
f 3994 3995 2844
f 3888 2913 2914
f 3995 2843 2844
f 2828 2833 2836
f 2815 2816 2817
f 3865 2812 2813
f 3869 2828 2829
f 3868 3869 2829
f 3866 2812 3865
f 3866 3863 2812
f 2812 3863 2811
f 2805 2807 2808
f 2843 3995 2842
f 2788 2793 2796
f 2783 2784 2786
f 2788 2796 2797
f 3860 3861 2789
f 2789 3861 2788
f 3857 3858 2772
f 2773 3857 2772
f 3858 3855 2772
f 2772 3855 2771
f 2777 2775 2776
f 2788 3861 2793
f 2837 2828 2836
f 2805 2808 2813
f 2833 2831 2832
f 3867 3868 2829 2830
f 2808 3864 3865
f 2830 3870 3867
f 3870 2833 3869
f 3870 2831 2833
f 2830 2831 3870
f 2811 3864 2810
f 2808 2810 3864
f 3863 3864 2811
f 2810 2808 2809
f 2793 3861 3862
f 2791 2792 2793
f 3865 2813 2808
f 2793 3862 2791
f 2791 3862 2790
f 3859 2790 3862
f 3856 2771 3855
f 2789 2790 3859 3860
f 2770 2771 3856
f 2768 3856 3857
f 2767 2768 2765
f 3869 2833 2828
f 2785 2786 2784
f 2759 2747 2758
f 2742 2747 2759
f 2742 2746 2747
f 2742 2743 2746
f 2747 2757 2758
f 2754 2755 2756
f 2756 2753 2754
f 2734 2739 2722
f 2707 2718 2719
f 2707 2719 2702
f 2725 2726 2727
f 2734 2722 2723
f 2707 2717 2718
f 2735 2738 2739
f 2703 2706 2702
f 2774 2763 2764
f 2735 2737 2738
f 2756 2748 2753
f 2748 2757 2747
f 2757 2748 2756
f 2744 2745 2746
f 2746 2743 2744
f 2753 2748 3853
f 2724 2734 2723
f 2716 2713 2714
f 2702 2706 2707
f 2715 2716 2714
f 2724 2725 2733
f 2736 2737 2735
f 2708 2713 2716
f 2704 2705 2706
f 2716 2717 2708
f 2707 2708 2717
f 2724 2733 2734
f 2734 2735 2739
f 2733 3849 2732
f 2765 2766 2767
f 2681 2682 2699 2700
f 3753 2681 2700
f 2680 2681 3753
f 2698 2699 2695
f 2683 2694 2682
f 2682 2694 2699
f 2685 2686 2687
f 2672 2679 2680 2671
f 3814 3956 3957
f 3813 3814 3957
f 3818 3958 3955
f 2670 2671 3822
f 3814 3815 3817
f 2678 3837 2677
f 3817 3955 3956
f 3820 3958 3818
f 3814 3817 3956
f 3818 3955 3817
f 2679 3837 2678
f 2671 2680 3822
f 2679 2672 3837
f 3825 3826 3827
f 3820 3818 3819
f 3835 3836 2674
f 2696 2697 2695
f 2704 2706 2703
f 2694 2683 2684
f 2684 2685 2693
f 2694 2684 2693
f 2695 2699 2694
f 3825 3827 3824
f 3823 2670 3822
f 3817 3815 3816
f 3831 3828 3830
f 3829 3830 3828
f 3824 3827 3828
f 3832 3833 3834
f 2642 3832 3834
f 3828 3831 3824
f 3812 3813 3811
f 3831 3832 2642 2643
f 3811 3813 3808
f 2695 2697 2698
f 3854 2753 3853
f 2749 3852 3853
f 2732 3850 3847
f 3849 3850 2732
f 3853 2748 2749
f 2731 2732 3847
f 2753 2751 2752
f 3849 2733 2728
f 2768 3857 2773
f 2728 2733 2725
f 3845 2708 2709
f 3839 2692 3842
f 3844 3845 2709
f 3841 2692 2693
f 3845 3846 2713
f 2713 2711 2712
f 2692 3841 3842
f 2691 2692 3839
f 2687 2688 2685
f 3845 2713 2708
f 2727 2728 2725
f 2751 2753 3854
f 3851 3852 2749 2750
f 2728 3848 3849
f 2750 3854 3851
f 2770 2768 2769
f 3854 2750 2751
f 3848 2730 2731
f 3848 2731 3847
f 2730 3848 2728
f 2768 2770 3856
f 2710 3846 3843
f 2711 2713 3846
f 3843 3844 2709 2710
f 2690 3840 2688
f 2691 3839 3840
f 2729 2730 2728
f 2711 3846 2710
f 2689 2690 2688
f 3840 2690 2691
f 2688 3840 3841
f 2768 2773 2765
f 3837 2672 2673
f 2650 3823 3824
f 3823 2651 2670
f 2646 2647 2650
f 2670 2651 2669
f 2650 2651 3823
f 2693 2688 3841
f 2647 2648 2649
f 2649 2650 2647
f 2654 3952 2653
f 2650 3824 3831
f 2643 2644 2646
f 2641 2642 2640
f 3834 2640 2642
f 2650 3831 2643
f 2645 2646 2644
f 2655 2656 2654
f 2643 2646 2650
f 2659 2657 2658
f 2675 3838 2674
f 2688 2693 2685
f 2651 2652 2669
f 3838 3835 2674
f 3838 2677 3837
f 3836 2673 2674
f 2668 2669 2667
f 2653 2666 2652
f 2666 2663 2665
f 2652 2666 2667
f 2652 2667 2669
f 3952 2666 2653
f 2675 2677 3838
f 3951 3952 2656
f 3953 3954 2657
f 3951 2656 2657
f 3953 2657 2659
f 2654 2656 3952
f 2663 2664 2665
f 2666 3952 3953
f 2662 2663 2666
f 2661 2662 2660
f 2662 2666 3953
f 2662 3953 2660
f 2659 2660 3953
f 3951 2657 3954
f 2675 2676 2677
f 2673 3836 3837
f 2764 2765 2773
g object_44
v 204.16896057128906 8 -347.60952758789062
v 204.16896057128906 8 -354.21676635742188
v 204.2484130859375 8 -354.21676635742188
v 204.2484130859375 8 -353.89385986328125
v 206.10397338867188 8 -353.89385986328125
v 206.10397338867188 8 -355.44961547851562
v 193.61544799804688 8 -355.441162109375
v 193.62139892578125 8 -347.69613647460938
v 195.03126525878906 8 -347.6966552734375
v 195.03129577636719 8 -347.60858154296875
v 193.62142944335938 8 -347.60809326171875
v 193.62333679199219 8 -345.17242431640625
v 197.64112854003906 8 -345.17239379882812
v 197.64109802246094 8 -347.60952758789062
v 196.23129272460938 8 -347.6090087890625
v 196.23126220703125 8 -347.69708251953125
v 197.64112854003906 8 -347.69757080078125
v 197.64617919921875 8 -354.21676635742188
v 197.8785400390625 8 -354.21676635742188
v 197.8785400390625 8 -353.89385986328125
v 199.8746337890625 8 -353.89385986328125
v 199.88088989257812 8 -347.60952758789062
v 197.79261779785156 8 -347.60952758789062
v 197.79261779785156 8 -345.17239379882812
v 206.10202026367188 8 -345.17239379882812
v 206.09638977050781 8 -347.60952758789062
v 197.54031372070312 8 -350.76373291015625
v 195.74078369140625 8 -350.76373291015625
v 195.74078369140625 8 -353.84719848632812
v 197.54031372070312 8 -353.84719848632812
f 4008 4006 4007
f 4006 4008 4011
f 4009 4011 4008
f 4005 4006 4011
f 4009 4010 4011
f 4004 4024 4003
f 4012 4024 4005
f 4025 4014 4003
f 4024 4025 4003
f 4005 4024 4004
f 4023 4012 4013
f 4011 4012 4005
f 4014 4023 4013
f 4012 4023 4024
f 4026 4014 4025
f 4020 4018 4019
f 4014 4026 4023
f 3997 4018 4020 4021
f 3997 4017 4018
f 4021 4022 3997
f 4017 4015 4016
f 3998 4002 4017
f 4015 4017 4002
f 4017 3997 3998
f 4003 4015 4002
f 3999 4000 4001
f 3998 3999 4002
f 4001 4002 3999
f 4014 4015 4003
g object_45
v 240.04385375976562 8 -333.37527465820312
v 244.1534423828125 8 -333.37527465820312
v 244.1534423828125 8 -341.7999267578125
v 244.27085876464844 8 -341.7999267578125
v 244.27085876464844 8 -335.32406616210938
v 247.281005859375 8 -335.32406616210938
v 247.281005859375 8 -355.58102416992188
v 244.27955627441406 8 -355.58102416992188
v 244.27000427246094 8 -343.1527099609375
v 242.74174499511719 8 -343.15325927734375
v 242.74179077148438 8 -343.2413330078125
v 244.15251159667969 8 -343.24081420898438
v 244.15350341796875 8 -344.82708740234375
v 240.05221557617188 8 -344.82708740234375
v 240.05177307128906 8 -343.6785888671875
v 240.13191223144531 8 -343.6785888671875
v 240.13191223144531 8 -343.24224853515625
v 241.54177856445312 8 -343.24176025390625
v 241.541748046875 8 -343.1536865234375
v 240.13189697265625 8 -343.15420532226562
v 240.13191223144531 8 -339.3048095703125
v 240.04840087890625 8 -339.3048095703125
f 4047 4048 4027 4028 4029 4030 4031 4032 4033 4034 4035 4036 4037 4038 4039 4040 4041 4042 4043 4044 4045 4046
g object_46
v 210.48948669433594 8 -333.3736572265625
v 214.57926940917969 8 -333.3736572265625
v 214.57926940917969 8 -335.39907836914062
v 214.57926940917969 8 -339.30319213867188
v 214.4912109375 8 -339.30319213867188
v 214.4912109375 8 -341.79830932617188
v 213.80650329589844 8 -341.79830932617188
v 213.80650329589844 8 -341.32864379882812
v 213.71844482421875 8 -341.32864379882812
v 213.71844482421875 8 -341.79830932617188
v 213.48361206054688 8 -341.79830932617188
v 213.48361206054688 8 -341.32864379882812
v 213.39555358886719 8 -341.32864379882812
v 213.39555358886719 8 -341.945068359375
v 214.4912109375 8 -341.945068359375
v 214.4912109375 8 -343.3834228515625
v 213.42491149902344 8 -343.3834228515625
v 213.42491149902344 8 -343.5008544921875
v 214.4912109375 8 -343.5008544921875
v 214.4912109375 8 -343.67697143554688
v 214.57926940917969 8 -343.67697143554688
v 214.57926940917969 8 -344.90774536132812
v 213.51461791992188 8 -344.90774536132812
v 213.51461791992188 8 -344.02432250976562
v 213.42655944824219 8 -344.02432250976562
v 213.42655944824219 8 -344.99581909179688
v 214.57926940917969 8 -344.99581909179688
v 214.57926940917969 8 -345.67306518554688
v 212.36814880371094 8 -345.67306518554688
v 212.36814880371094 8 -345.79046630859375
v 212.63233947753906 8 -345.79046630859375
v 212.63233947753906 8 -346.436279296875
v 212.36814880371094 8 -346.436279296875
v 212.36814880371094 8 -346.55368041992188
v 212.63233947753906 8 -346.55368041992188
v 212.63233947753906 8 -347.199462890625
v 212.36814880371094 8 -347.199462890625
v 212.36814880371094 8 -347.81591796875
v 212.48556518554688 8 -347.81591796875
v 212.48556518554688 8 -347.31689453125
v 213.3074951171875 8 -347.31689453125
v 213.3074951171875 8 -348.3736572265625
v 212.36814880371094 8 -348.3736572265625
v 212.36814880371094 8 -348.96072387695312
v 212.48556518554688 8 -348.96072387695312
v 212.48556518554688 8 -348.49105834960938
v 213.3074951171875 8 -348.49105834960938
v 213.3074951171875 8 -348.96072387695312
v 213.54232788085938 8 -348.96072387695312
v 213.54232788085938 8 -348.84332275390625
v 213.39555358886719 8 -348.84332275390625
v 213.39555358886719 8 -347.199462890625
v 212.749755859375 8 -347.199462890625
v 212.749755859375 8 -345.79046630859375
v 214.57926940917969 8 -345.7894287109375
v 214.57926940917969 8 -347.199462890625
v 214.4912109375 8 -347.199462890625
v 214.4912109375 8 -351.5732421875
v 214.57926940917969 8 -351.5732421875
v 214.57746887207031 8 -352.49102783203125
v 210.48832702636719 8 -352.49102783203125
v 210.48948669433594 8 -346.3775634765625
v 211.16462707519531 8 -346.3775634765625
v 211.16462707519531 8 -346.90594482421875
v 211.28204345703125 8 -346.90594482421875
v 211.28204345703125 8 -346.28948974609375
v 210.48948669433594 8 -346.28948974609375
v 210.48948669433594 8 -345.7611083984375
v 211.25270080566406 8 -345.7611083984375
v 211.25270080566406 8 -345.64370727539062
v 210.48948669433594 8 -345.64370727539062
v 210.48948669433594 8 -344.64566040039062
v 211.25270080566406 8 -344.64566040039062
v 211.25270080566406 8 -344.55758666992188
v 210.48948669433594 8 -344.55758666992188
v 210.48948669433594 8 -343.5008544921875
v 211.66365051269531 8 -343.5008544921875
v 211.66365051269531 8 -343.3834228515625
v 210.48948669433594 8 -343.3834228515625
v 210.48948669433594 8 -341.945068359375
v 211.66365051269531 8 -341.945068359375
v 211.66365051269531 8 -341.32864379882812
v 211.54623413085938 8 -341.32864379882812
v 211.54623413085938 8 -341.79830932617188
v 211.34075927734375 8 -341.79830932617188
v 211.34075927734375 8 -341.32864379882812
v 211.25270080566406 8 -341.32864379882812
v 211.25270080566406 8 -341.79830932617188
v 210.48948669433594 8 -341.79830932617188
v 212.48556518554688 8 -336.95486450195312
v 212.57363891601562 8 -336.95486450195312
v 212.57363891601562 8 -335.193603515625
v 212.48556518554688 8 -335.193603515625
v 212.48556518554688 8 -338.75485229492188
v 212.48556518554688 8 -343.5008544921875
v 212.57363891601562 8 -343.5008544921875
v 212.57363891601562 8 -338.75485229492188
v 210.56150817871094 8 -348.51861572265625
v 210.56150817871094 8 -351.60208129882812
v 211.50831604003906 8 -351.60208129882812
v 211.50831604003906 8 -348.51861572265625
f 4135 4137 4049
f 4135 4136 4137
f 4135 4049 4134
f 4122 4123 4124
f 4119 4120 4121 4118
f 4125 4121 4122
f 4127 4128 4129 4126
f 4131 4132 4133 4134
f 4138 4131 4134
f 4138 4130 4131
f 4130 4138 4142
f 4138 4134 4049
f 4138 4049 4141
f 4143 4130 4142
f 4125 4118 4121
f 4143 4126 4129
f 4114 4118 4125
f 4126 4143 4125
f 4143 4129 4130
f 4125 4122 4124
f 4143 4077 4125
f 4144 4077 4143
f 4141 4049 4140
f 4116 4117 4115
f 4081 4149 4114
f 4114 4115 4117
f 4112 4110 4111
f 4147 4109 4146
f 4110 4146 4109
f 4147 4148 4109
f 4149 4112 4113
f 4114 4149 4113
f 4146 4112 4149
f 4112 4146 4110
f 4114 4117 4118
f 4078 4081 4114
f 4081 4078 4079 4080
f 4081 4082 4149
f 4085 4082 4083 4084
f 4085 4086 4149
f 4082 4085 4149
f 4149 4091 4092
f 4091 4149 4086
f 4087 4091 4086
f 4148 4149 4092
f 4089 4087 4088
f 4148 4092 4093
f 4090 4091 4087
f 4096 4148 4093
f 4078 4114 4125
f 4077 4078 4125
f 4108 4109 4148
f 4138 4145 4142
f 4139 4051 4060
f 4061 4145 4139
f 4138 4139 4145
f 4139 4060 4061
f 4060 4051 4057
f 4059 4060 4057 4058
f 4051 4139 4140
f 4144 4145 4061
f 4065 4144 4062
f 4061 4062 4144
f 4066 4144 4065
f 4066 4072 4073
f 4144 4066 4073
f 4073 4074 4144
f 4053 4056 4057
f 4056 4053 4054
f 4051 4053 4057
f 4053 4051 4052
f 4140 4050 4051
f 4056 4054 4055
f 4072 4066 4067
f 4064 4065 4062 4063
f 4068 4072 4067
f 4050 4140 4049
f 4069 4070 4068
f 4076 4077 4074 4075
f 4089 4090 4087
f 4101 4102 4100
f 4098 4099 4100
f 4095 4096 4093 4094
f 4148 4096 4108
f 4072 4068 4071
f 4068 4070 4071
f 4100 4103 4105
f 4102 4103 4100
f 4097 4098 4105
f 4105 4098 4100
f 4106 4097 4105
f 4106 4107 4108
f 4097 4106 4108
f 4104 4105 4103
f 4096 4097 4108
f 4077 4144 4074
g object_47
v 206.24760437011719 8 -352.49102783203125
v 206.24940490722656 8 -351.5732421875
v 206.33747863769531 8 -351.5732421875
v 206.33747863769531 8 -347.199462890625
v 206.24940490722656 8 -347.199462890625
v 206.24940490722656 8 -345.7894287109375
v 208.07893371582031 8 -345.79046630859375
v 208.07893371582031 8 -347.199462890625
v 207.43313598632812 8 -347.199462890625
v 207.43313598632812 8 -348.84332275390625
v 207.28636169433594 8 -348.84332275390625
v 207.28636169433594 8 -348.96072387695312
v 207.52119445800781 8 -348.96072387695312
v 207.52119445800781 8 -348.49105834960938
v 208.34310913085938 8 -348.49105834960938
v 208.34310913085938 8 -348.96072387695312
v 208.46052551269531 8 -348.96072387695312
v 208.46052551269531 8 -348.3736572265625
v 207.52119445800781 8 -348.3736572265625
v 207.52119445800781 8 -347.31689453125
v 208.34310913085938 8 -347.31689453125
v 208.34310913085938 8 -347.81591796875
v 208.46052551269531 8 -347.81591796875
v 208.46052551269531 8 -347.199462890625
v 208.19635009765625 8 -347.199462890625
v 208.19635009765625 8 -346.55368041992188
v 208.46052551269531 8 -346.55368041992188
v 208.46052551269531 8 -346.436279296875
v 208.19635009765625 8 -346.436279296875
v 208.19635009765625 8 -345.79046630859375
v 208.46052551269531 8 -345.79046630859375
v 208.46052551269531 8 -345.67306518554688
v 206.24940490722656 8 -345.67306518554688
v 206.24940490722656 8 -344.99581909179688
v 207.40213012695312 8 -344.99581909179688
v 207.40213012695312 8 -344.02432250976562
v 207.31405639648438 8 -344.02432250976562
v 207.31405639648438 8 -344.90774536132812
v 206.24940490722656 8 -344.90774536132812
v 206.24940490722656 8 -343.67697143554688
v 206.33747863769531 8 -343.67697143554688
v 206.33747863769531 8 -343.5008544921875
v 207.40377807617188 8 -343.5008544921875
v 207.40377807617188 8 -343.3834228515625
v 206.33747863769531 8 -343.3834228515625
v 206.33747863769531 8 -341.945068359375
v 207.43313598632812 8 -341.945068359375
v 207.43313598632812 8 -341.32864379882812
v 207.34507751464844 8 -341.32864379882812
v 207.34507751464844 8 -341.79830932617188
v 207.11024475097656 8 -341.79830932617188
v 207.11024475097656 8 -341.32864379882812
v 207.02217102050781 8 -341.32864379882812
v 207.02217102050781 8 -341.79830932617188
v 206.33747863769531 8 -341.79830932617188
v 206.33747863769531 8 -339.30319213867188
v 206.24940490722656 8 -339.30319213867188
v 206.24940490722656 8 -333.3736572265625
v 210.37747192382812 8 -333.3736572265625
v 210.37879943847656 8 -341.79830932617188
v 209.64494323730469 8 -341.79830932617188
v 209.64494323730469 8 -341.32864379882812
v 209.52752685546875 8 -341.32864379882812
v 209.52752685546875 8 -341.79830932617188
v 209.32205200195312 8 -341.79830932617188
v 209.32205200195312 8 -341.32864379882812
v 209.17527770996094 8 -341.32864379882812
v 209.17527770996094 8 -341.945068359375
v 210.37879943847656 8 -341.945068359375
v 210.37879943847656 8 -343.3834228515625
v 209.17527770996094 8 -343.3834228515625
v 209.17527770996094 8 -343.5008544921875
v 210.37879943847656 8 -343.5008544921875
v 210.37879943847656 8 -344.55758666992188
v 209.58622741699219 8 -344.55758666992188
v 209.58622741699219 8 -344.64566040039062
v 210.37879943847656 8 -344.64566040039062
v 210.37879943847656 8 -345.64370727539062
v 209.58622741699219 8 -345.64370727539062
v 209.58622741699219 8 -345.7611083984375
v 210.37879943847656 8 -345.7611083984375
v 210.37879943847656 8 -346.28948974609375
v 209.58622741699219 8 -346.28948974609375
v 209.58622741699219 8 -346.90594482421875
v 209.70364379882812 8 -346.90594482421875
v 209.70364379882812 8 -346.3775634765625
v 210.37879943847656 8 -346.3775634765625
v 210.37632751464844 8 -352.49102783203125
v 208.2646484375 8 -338.75485229492188
v 208.2646484375 8 -343.5008544921875
v 208.35272216796875 8 -343.5008544921875
v 208.35272216796875 8 -338.75485229492188
v 208.2646484375 8 -336.95486450195312
v 208.35272216796875 8 -336.95486450195312
v 208.35272216796875 8 -335.193603515625
v 208.2646484375 8 -335.193603515625
v 210.33869934082031 8 -348.51861572265625
v 209.39189147949219 8 -348.51861572265625
v 209.39189147949219 8 -351.60208129882812
v 210.33869934082031 8 -351.60208129882812
f 4205 4206 4207
f 4201 4202 4205
f 4203 4204 4202
f 4205 4202 4204
f 4193 4194 4195 4196
f 4186 4190 4191
f 4190 4188 4189
f 4207 4245 4205
f 4201 4198 4199 4200
f 4242 4198 4201
f 4242 4197 4198
f 4205 4242 4201
f 4238 4242 4243 4241
f 4197 4242 4238
f 4242 4205 4245
f 4239 4197 4238
f 4192 4185 4186
f 4239 4193 4196
f 4185 4192 4239
f 4193 4239 4192
f 4239 4196 4197
f 4191 4192 4186
f 4239 4181 4184
f 4245 4207 4244
f 4186 4187 4190
f 4188 4190 4187
f 4153 4154 4155
f 4182 4183 4184
f 4184 4181 4182
f 4152 4150 4151
f 4161 4150 4152
f 4161 4153 4160
f 4153 4158 4160
f 4152 4153 4161
f 4162 4150 4161
f 4158 4153 4155
f 4155 4156 4158
f 4185 4239 4184
f 4158 4156 4157
f 4177 4178 4179 4180
f 4158 4159 4160
f 4163 4164 4165 4162
f 4150 4162 4248
f 4168 4169 4171
f 4174 4175 4176 4173
f 4208 4212 4243
f 4216 4241 4243
f 4243 4215 4216
f 4243 4212 4215
f 4215 4212 4213 4214
f 4208 4243 4244
f 4240 4241 4216
f 4220 4240 4217
f 4216 4217 4240
f 4221 4240 4220
f 4220 4217 4218 4219
f 4221 4181 4240
f 4240 4181 4239
f 4209 4210 4211
f 4212 4208 4211
f 4208 4209 4211
f 4221 4224 4225
f 4225 4226 4227 4228
f 4221 4225 4228
f 4224 4222 4223
f 4224 4221 4222
f 4208 4244 4207
f 4228 4229 4221
f 4176 4177 4232
f 4180 4232 4177
f 4247 4173 4176
f 4181 4221 4180
f 4171 4167 4168
f 4171 4172 4167
f 4247 4167 4172
f 4247 4166 4167
f 4248 4165 4166
f 4172 4173 4247
f 4171 4169 4170
f 4232 4229 4231
f 4176 4232 4247
f 4180 4221 4229
f 4234 4235 4236
f 4232 4233 4247
f 4233 4234 4247
f 4166 4247 4248
f 4236 4246 4234
f 4249 4237 4248
f 4246 4237 4249
f 4237 4246 4236
f 4246 4247 4234
f 4150 4248 4237
f 4229 4232 4180
f 4231 4229 4230
f 4162 4165 4248
g object_48
v 218.95150756835938 8 -333.3736572265625
v 223.04130554199219 8 -333.3736572265625
v 223.04130554199219 8 -335.39907836914062
v 223.04130554199219 8 -339.30319213867188
v 222.95323181152344 8 -339.30319213867188
v 222.95323181152344 8 -341.79830932617188
v 222.26853942871094 8 -341.79830932617188
v 222.26853942871094 8 -341.32864379882812
v 222.18046569824219 8 -341.32864379882812
v 222.18046569824219 8 -341.79830932617188
v 221.94563293457031 8 -341.79830932617188
v 221.94563293457031 8 -341.32864379882812
v 221.85757446289062 8 -341.32864379882812
v 221.85757446289062 8 -341.945068359375
v 222.95323181152344 8 -341.945068359375
v 222.95323181152344 8 -343.3834228515625
v 221.88693237304688 8 -343.3834228515625
v 221.88693237304688 8 -343.5008544921875
v 222.95323181152344 8 -343.5008544921875
v 222.95323181152344 8 -343.67697143554688
v 223.04130554199219 8 -343.67697143554688
v 223.04130554199219 8 -344.90774536132812
v 221.97663879394531 8 -344.90774536132812
v 221.97663879394531 8 -344.02432250976562
v 221.88858032226562 8 -344.02432250976562
v 221.88858032226562 8 -344.99581909179688
v 223.04130554199219 8 -344.99581909179688
v 223.04130554199219 8 -345.67306518554688
v 220.83016967773438 8 -345.67306518554688
v 220.83016967773438 8 -345.79046630859375
v 221.0943603515625 8 -345.79046630859375
v 221.0943603515625 8 -346.436279296875
v 220.83016967773438 8 -346.436279296875
v 220.83016967773438 8 -346.55368041992188
v 221.0943603515625 8 -346.55368041992188
v 221.0943603515625 8 -347.199462890625
v 220.83016967773438 8 -347.199462890625
v 220.83016967773438 8 -347.81591796875
v 220.94758605957031 8 -347.81591796875
v 220.94758605957031 8 -347.31689453125
v 221.76951599121094 8 -347.31689453125
v 221.76951599121094 8 -348.3736572265625
v 220.83016967773438 8 -348.3736572265625
v 220.83016967773438 8 -348.96072387695312
v 220.94758605957031 8 -348.96072387695312
v 220.94758605957031 8 -348.49105834960938
v 221.76951599121094 8 -348.49105834960938
v 221.76951599121094 8 -348.96072387695312
v 222.00434875488281 8 -348.96072387695312
v 222.00434875488281 8 -348.84332275390625
v 221.85757446289062 8 -348.84332275390625
v 221.85757446289062 8 -347.199462890625
v 221.21177673339844 8 -347.199462890625
v 221.21177673339844 8 -345.79046630859375
v 223.04130554199219 8 -345.7894287109375
v 223.04130554199219 8 -347.199462890625
v 222.95323181152344 8 -347.199462890625
v 222.95323181152344 8 -351.5732421875
v 223.04130554199219 8 -351.5732421875
v 223.03948974609375 8 -352.49102783203125
v 218.95034790039062 8 -352.49102783203125
v 218.95150756835938 8 -346.3775634765625
v 219.62664794921875 8 -346.3775634765625
v 219.62664794921875 8 -346.90594482421875
v 219.74406433105469 8 -346.90594482421875
v 219.74406433105469 8 -346.28948974609375
v 218.95150756835938 8 -346.28948974609375
v 218.95150756835938 8 -345.7611083984375
v 219.7147216796875 8 -345.7611083984375
v 219.7147216796875 8 -345.64370727539062
v 218.95150756835938 8 -345.64370727539062
v 218.95150756835938 8 -344.64566040039062
v 219.7147216796875 8 -344.64566040039062
v 219.7147216796875 8 -344.55758666992188
v 218.95150756835938 8 -344.55758666992188
v 218.95150756835938 8 -343.5008544921875
v 220.12567138671875 8 -343.5008544921875
v 220.12567138671875 8 -343.3834228515625
v 218.95150756835938 8 -343.3834228515625
v 218.95150756835938 8 -341.945068359375
v 220.12567138671875 8 -341.945068359375
v 220.12567138671875 8 -341.32864379882812
v 220.00825500488281 8 -341.32864379882812
v 220.00825500488281 8 -341.79830932617188
v 219.80278015136719 8 -341.79830932617188
v 219.80278015136719 8 -341.32864379882812
v 219.7147216796875 8 -341.32864379882812
v 219.7147216796875 8 -341.79830932617188
v 218.95150756835938 8 -341.79830932617188
v 220.94758605957031 8 -336.95486450195312
v 221.03565979003906 8 -336.95486450195312
v 221.03565979003906 8 -335.193603515625
v 220.94758605957031 8 -335.193603515625
v 220.94758605957031 8 -338.75485229492188
v 220.94758605957031 8 -343.5008544921875
v 221.03565979003906 8 -343.5008544921875
v 221.03565979003906 8 -338.75485229492188
v 219.016845703125 8 -348.51861572265625
v 219.016845703125 8 -351.60208129882812
v 219.96365356445312 8 -351.60208129882812
v 219.96365356445312 8 -348.51861572265625
f 4336 4338 4250
f 4336 4337 4338
f 4336 4250 4335
f 4323 4324 4325
f 4320 4321 4322 4319
f 4326 4322 4323
f 4328 4329 4330 4327
f 4332 4333 4334 4335
f 4339 4332 4335
f 4339 4331 4332
f 4331 4339 4343
f 4339 4335 4250
f 4339 4250 4342
f 4344 4331 4343
f 4326 4319 4322
f 4344 4327 4330
f 4315 4319 4326
f 4327 4344 4326
f 4344 4330 4331
f 4326 4323 4325
f 4344 4278 4326
f 4345 4278 4344
f 4342 4250 4341
f 4317 4318 4316
f 4282 4350 4315
f 4315 4316 4318
f 4313 4311 4312
f 4348 4310 4347
f 4311 4347 4310
f 4348 4349 4310
f 4350 4313 4314
f 4315 4350 4314
f 4347 4313 4350
f 4313 4347 4311
f 4315 4318 4319
f 4279 4282 4315
f 4282 4279 4280 4281
f 4282 4283 4350
f 4286 4283 4284 4285
f 4286 4287 4350
f 4283 4286 4350
f 4350 4292 4293
f 4292 4350 4287
f 4288 4292 4287
f 4349 4350 4293
f 4290 4288 4289
f 4349 4293 4294
f 4291 4292 4288
f 4297 4349 4294
f 4279 4315 4326
f 4278 4279 4326
f 4309 4310 4349
f 4339 4346 4343
f 4340 4252 4261
f 4262 4346 4340
f 4339 4340 4346
f 4340 4261 4262
f 4261 4252 4258
f 4260 4261 4258 4259
f 4252 4340 4341
f 4345 4346 4262
f 4266 4345 4263
f 4262 4263 4345
f 4267 4345 4266
f 4267 4273 4274
f 4345 4267 4274
f 4274 4275 4345
f 4254 4257 4258
f 4257 4254 4255
f 4252 4254 4258
f 4254 4252 4253
f 4341 4251 4252
f 4257 4255 4256
f 4273 4267 4268
f 4265 4266 4263 4264
f 4269 4273 4268
f 4251 4341 4250
f 4270 4271 4269
f 4277 4278 4275 4276
f 4290 4291 4288
f 4302 4303 4301
f 4299 4300 4301
f 4296 4297 4294 4295
f 4349 4297 4309
f 4273 4269 4272
f 4269 4271 4272
f 4301 4304 4306
f 4303 4304 4301
f 4298 4299 4306
f 4306 4299 4301
f 4307 4298 4306
f 4307 4308 4309
f 4298 4307 4309
f 4305 4306 4304
f 4297 4298 4309
f 4278 4345 4275
g object_49
v 214.70962524414062 8 -352.49102783203125
v 214.71142578125 8 -351.5732421875
v 214.79949951171875 8 -351.5732421875
v 214.79949951171875 8 -347.199462890625
v 214.71142578125 8 -347.199462890625
v 214.71142578125 8 -345.7894287109375
v 216.54095458984375 8 -345.79046630859375
v 216.54095458984375 8 -347.199462890625
v 215.89515686035156 8 -347.199462890625
v 215.89515686035156 8 -348.84332275390625
v 215.74838256835938 8 -348.84332275390625
v 215.74838256835938 8 -348.96072387695312
v 215.98321533203125 8 -348.96072387695312
v 215.98321533203125 8 -348.49105834960938
v 216.80513000488281 8 -348.49105834960938
v 216.80513000488281 8 -348.96072387695312
v 216.92254638671875 8 -348.96072387695312
v 216.92254638671875 8 -348.3736572265625
v 215.98321533203125 8 -348.3736572265625
v 215.98321533203125 8 -347.31689453125
v 216.80513000488281 8 -347.31689453125
v 216.80513000488281 8 -347.81591796875
v 216.92254638671875 8 -347.81591796875
v 216.92254638671875 8 -347.199462890625
v 216.65837097167969 8 -347.199462890625
v 216.65837097167969 8 -346.55368041992188
v 216.92254638671875 8 -346.55368041992188
v 216.92254638671875 8 -346.436279296875
v 216.65837097167969 8 -346.436279296875
v 216.65837097167969 8 -345.79046630859375
v 216.92254638671875 8 -345.79046630859375
v 216.92254638671875 8 -345.67306518554688
v 214.71142578125 8 -345.67306518554688
v 214.71142578125 8 -344.99581909179688
v 215.86415100097656 8 -344.99581909179688
v 215.86415100097656 8 -344.02432250976562
v 215.77607727050781 8 -344.02432250976562
v 215.77607727050781 8 -344.90774536132812
v 214.71142578125 8 -344.90774536132812
v 214.71142578125 8 -343.67697143554688
v 214.79949951171875 8 -343.67697143554688
v 214.79949951171875 8 -343.5008544921875
v 215.86579895019531 8 -343.5008544921875
v 215.86579895019531 8 -343.3834228515625
v 214.79949951171875 8 -343.3834228515625
v 214.79949951171875 8 -341.945068359375
v 215.89515686035156 8 -341.945068359375
v 215.89515686035156 8 -341.32864379882812
v 215.80709838867188 8 -341.32864379882812
v 215.80709838867188 8 -341.79830932617188
v 215.572265625 8 -341.79830932617188
v 215.572265625 8 -341.32864379882812
v 215.48419189453125 8 -341.32864379882812
v 215.48419189453125 8 -341.79830932617188
v 214.79949951171875 8 -341.79830932617188
v 214.79949951171875 8 -339.30319213867188
v 214.71142578125 8 -339.30319213867188
v 214.71142578125 8 -333.3736572265625
v 218.83949279785156 8 -333.3736572265625
v 218.8408203125 8 -341.79830932617188
v 218.10696411132812 8 -341.79830932617188
v 218.10696411132812 8 -341.32864379882812
v 217.98954772949219 8 -341.32864379882812
v 217.98954772949219 8 -341.79830932617188
v 217.78407287597656 8 -341.79830932617188
v 217.78407287597656 8 -341.32864379882812
v 217.63729858398438 8 -341.32864379882812
v 217.63729858398438 8 -341.945068359375
v 218.8408203125 8 -341.945068359375
v 218.8408203125 8 -343.3834228515625
v 217.63729858398438 8 -343.3834228515625
v 217.63729858398438 8 -343.5008544921875
v 218.8408203125 8 -343.5008544921875
v 218.8408203125 8 -344.55758666992188
v 218.04824829101562 8 -344.55758666992188
v 218.04824829101562 8 -344.64566040039062
v 218.8408203125 8 -344.64566040039062
v 218.8408203125 8 -345.64370727539062
v 218.04824829101562 8 -345.64370727539062
v 218.04824829101562 8 -345.7611083984375
v 218.8408203125 8 -345.7611083984375
v 218.8408203125 8 -346.28948974609375
v 218.04824829101562 8 -346.28948974609375
v 218.04824829101562 8 -346.90594482421875
v 218.16566467285156 8 -346.90594482421875
v 218.16566467285156 8 -346.3775634765625
v 218.8408203125 8 -346.3775634765625
v 218.83834838867188 8 -352.49102783203125
v 216.72666931152344 8 -338.75485229492188
v 216.72666931152344 8 -343.5008544921875
v 216.81474304199219 8 -343.5008544921875
v 216.81474304199219 8 -338.75485229492188
v 216.72666931152344 8 -336.95486450195312
v 216.81474304199219 8 -336.95486450195312
v 216.81474304199219 8 -335.193603515625
v 216.72666931152344 8 -335.193603515625
v 218.79403686523438 8 -348.51861572265625
v 217.84724426269531 8 -348.51861572265625
v 217.84724426269531 8 -351.60208129882812
v 218.79403686523438 8 -351.60208129882812
f 4406 4407 4408
f 4402 4403 4406
f 4404 4405 4403
f 4406 4403 4405
f 4394 4395 4396 4397
f 4387 4391 4392
f 4391 4389 4390
f 4408 4446 4406
f 4402 4399 4400 4401
f 4443 4399 4402
f 4443 4398 4399
f 4406 4443 4402
f 4439 4443 4444 4442
f 4398 4443 4439
f 4443 4406 4446
f 4440 4398 4439
f 4393 4386 4387
f 4440 4394 4397
f 4386 4393 4440
f 4394 4440 4393
f 4440 4397 4398
f 4392 4393 4387
f 4440 4382 4385
f 4446 4408 4445
f 4387 4388 4391
f 4389 4391 4388
f 4354 4355 4356
f 4383 4384 4385
f 4385 4382 4383
f 4353 4351 4352
f 4362 4351 4353
f 4362 4354 4361
f 4354 4359 4361
f 4353 4354 4362
f 4363 4351 4362
f 4359 4354 4356
f 4356 4357 4359
f 4386 4440 4385
f 4359 4357 4358
f 4378 4379 4380 4381
f 4359 4360 4361
f 4364 4365 4366 4363
f 4351 4363 4449
f 4369 4370 4372
f 4375 4376 4377 4374
f 4409 4413 4444
f 4417 4442 4444
f 4444 4416 4417
f 4444 4413 4416
f 4416 4413 4414 4415
f 4409 4444 4445
f 4441 4442 4417
f 4421 4441 4418
f 4417 4418 4441
f 4422 4441 4421
f 4421 4418 4419 4420
f 4422 4382 4441
f 4441 4382 4440
f 4410 4411 4412
f 4413 4409 4412
f 4409 4410 4412
f 4422 4425 4426
f 4426 4427 4428 4429
f 4422 4426 4429
f 4425 4423 4424
f 4425 4422 4423
f 4409 4445 4408
f 4429 4430 4422
f 4377 4378 4433
f 4381 4433 4378
f 4448 4374 4377
f 4382 4422 4381
f 4372 4368 4369
f 4372 4373 4368
f 4448 4368 4373
f 4448 4367 4368
f 4449 4366 4367
f 4373 4374 4448
f 4372 4370 4371
f 4433 4430 4432
f 4377 4433 4448
f 4381 4422 4430
f 4435 4436 4437
f 4433 4434 4448
f 4434 4435 4448
f 4367 4448 4449
f 4437 4447 4435
f 4450 4438 4449
f 4447 4438 4450
f 4438 4447 4437
f 4447 4448 4435
f 4351 4449 4438
f 4430 4433 4381
f 4432 4430 4431
f 4363 4366 4449
g object_50
v 227.41352844238281 8 -333.3736572265625
v 231.50332641601562 8 -333.3736572265625
v 231.50332641601562 8 -335.39907836914062
v 231.50332641601562 8 -339.30319213867188
v 231.41525268554688 8 -339.30319213867188
v 231.41525268554688 8 -341.79830932617188
v 230.73056030273438 8 -341.79830932617188
v 230.73056030273438 8 -341.32864379882812
v 230.64248657226562 8 -341.32864379882812
v 230.64248657226562 8 -341.79830932617188
v 230.40765380859375 8 -341.79830932617188
v 230.40765380859375 8 -341.32864379882812
v 230.31959533691406 8 -341.32864379882812
v 230.31959533691406 8 -341.945068359375
v 231.41525268554688 8 -341.945068359375
v 231.41525268554688 8 -343.3834228515625
v 230.34895324707031 8 -343.3834228515625
v 230.34895324707031 8 -343.5008544921875
v 231.41525268554688 8 -343.5008544921875
v 231.41525268554688 8 -343.67697143554688
v 231.50332641601562 8 -343.67697143554688
v 231.50332641601562 8 -344.90774536132812
v 230.43867492675781 8 -344.90774536132812
v 230.43867492675781 8 -344.02432250976562
v 230.35060119628906 8 -344.02432250976562
v 230.35060119628906 8 -344.99581909179688
v 231.50332641601562 8 -344.99581909179688
v 231.50332641601562 8 -345.67306518554688
v 229.29220581054688 8 -345.67306518554688
v 229.29220581054688 8 -345.79046630859375
v 229.55638122558594 8 -345.79046630859375
v 229.55638122558594 8 -346.436279296875
v 229.29220581054688 8 -346.436279296875
v 229.29220581054688 8 -346.55368041992188
v 229.55638122558594 8 -346.55368041992188
v 229.55638122558594 8 -347.199462890625
v 229.29220581054688 8 -347.199462890625
v 229.29220581054688 8 -347.81591796875
v 229.40962219238281 8 -347.81591796875
v 229.40962219238281 8 -347.31689453125
v 230.23153686523438 8 -347.31689453125
v 230.23153686523438 8 -348.3736572265625
v 229.29220581054688 8 -348.3736572265625
v 229.29220581054688 8 -348.96072387695312
v 229.40962219238281 8 -348.96072387695312
v 229.40962219238281 8 -348.49105834960938
v 230.23153686523438 8 -348.49105834960938
v 230.23153686523438 8 -348.96072387695312
v 230.46636962890625 8 -348.96072387695312
v 230.46636962890625 8 -348.84332275390625
v 230.31959533691406 8 -348.84332275390625
v 230.31959533691406 8 -347.199462890625
v 229.67379760742188 8 -347.199462890625
v 229.67379760742188 8 -345.79046630859375
v 231.50332641601562 8 -345.7894287109375
v 231.50332641601562 8 -347.199462890625
v 231.41525268554688 8 -347.199462890625
v 231.41525268554688 8 -351.5732421875
v 231.50332641601562 8 -351.5732421875
v 231.50151062011719 8 -352.49102783203125
v 227.41236877441406 8 -352.49102783203125
v 227.41352844238281 8 -346.3775634765625
v 228.08868408203125 8 -346.3775634765625
v 228.08868408203125 8 -346.90594482421875
v 228.20610046386719 8 -346.90594482421875
v 228.20610046386719 8 -346.28948974609375
v 227.41352844238281 8 -346.28948974609375
v 227.41352844238281 8 -345.7611083984375
v 228.17674255371094 8 -345.7611083984375
v 228.17674255371094 8 -345.64370727539062
v 227.41352844238281 8 -345.64370727539062
v 227.41352844238281 8 -344.64566040039062
v 228.17674255371094 8 -344.64566040039062
v 228.17674255371094 8 -344.55758666992188
v 227.41352844238281 8 -344.55758666992188
v 227.41352844238281 8 -343.5008544921875
v 228.58769226074219 8 -343.5008544921875
v 228.58769226074219 8 -343.3834228515625
v 227.41352844238281 8 -343.3834228515625
v 227.41352844238281 8 -341.945068359375
v 228.58769226074219 8 -341.945068359375
v 228.58769226074219 8 -341.32864379882812
v 228.47027587890625 8 -341.32864379882812
v 228.47027587890625 8 -341.79830932617188
v 228.26480102539062 8 -341.79830932617188
v 228.26480102539062 8 -341.32864379882812
v 228.17674255371094 8 -341.32864379882812
v 228.17674255371094 8 -341.79830932617188
v 227.41352844238281 8 -341.79830932617188
v 229.40962219238281 8 -336.95486450195312
v 229.4976806640625 8 -336.95486450195312
v 229.4976806640625 8 -335.193603515625
v 229.40962219238281 8 -335.193603515625
v 229.40962219238281 8 -338.75485229492188
v 229.40962219238281 8 -343.5008544921875
v 229.4976806640625 8 -343.5008544921875
v 229.4976806640625 8 -338.75485229492188
v 227.47219848632812 8 -348.51861572265625
v 227.47219848632812 8 -351.60208129882812
v 228.41899108886719 8 -351.60208129882812
v 228.41899108886719 8 -348.51861572265625
f 4537 4539 4451
f 4537 4538 4539
f 4537 4451 4536
f 4524 4525 4526
f 4521 4522 4523 4520
f 4527 4523 4524
f 4529 4530 4531 4528
f 4533 4534 4535 4536
f 4540 4533 4536
f 4540 4532 4533
f 4532 4540 4544
f 4540 4536 4451
f 4540 4451 4543
f 4545 4532 4544
f 4527 4520 4523
f 4545 4528 4531
f 4516 4520 4527
f 4528 4545 4527
f 4545 4531 4532
f 4527 4524 4526
f 4545 4479 4527
f 4546 4479 4545
f 4543 4451 4542
f 4518 4519 4517
f 4484 4551 4516
f 4516 4517 4519
f 4514 4512 4513
f 4549 4511 4548
f 4512 4548 4511
f 4549 4550 4511
f 4551 4514 4515
f 4516 4551 4515
f 4548 4514 4551
f 4514 4548 4512
f 4516 4519 4520
f 4480 4483 4516
f 4483 4480 4481 4482
f 4483 4484 4516
f 4487 4484 4485 4486
f 4487 4488 4551
f 4484 4487 4551
f 4551 4493 4494
f 4493 4551 4488
f 4489 4493 4488
f 4550 4551 4494
f 4491 4489 4490
f 4550 4494 4495
f 4492 4493 4489
f 4498 4550 4495
f 4480 4516 4527
f 4479 4480 4527
f 4510 4511 4550
f 4540 4547 4544
f 4541 4453 4462
f 4463 4547 4541
f 4540 4541 4547
f 4541 4462 4463
f 4462 4453 4459
f 4461 4462 4459 4460
f 4453 4541 4542
f 4546 4547 4463
f 4467 4546 4464
f 4463 4464 4546
f 4468 4546 4467
f 4468 4474 4475
f 4546 4468 4475
f 4475 4476 4546
f 4455 4458 4459
f 4458 4455 4456
f 4453 4455 4459
f 4455 4453 4454
f 4542 4452 4453
f 4458 4456 4457
f 4474 4468 4469
f 4466 4467 4464 4465
f 4470 4474 4469
f 4452 4542 4451
f 4471 4472 4470
f 4478 4479 4476 4477
f 4491 4492 4489
f 4503 4504 4502
f 4500 4501 4502
f 4497 4498 4495 4496
f 4550 4498 4510
f 4474 4470 4473
f 4470 4472 4473
f 4502 4505 4507
f 4504 4505 4502
f 4499 4500 4507
f 4507 4500 4502
f 4508 4499 4507
f 4508 4509 4510
f 4499 4508 4510
f 4506 4507 4505
f 4498 4499 4510
f 4479 4546 4476
g object_51
v 223.17164611816406 8 -352.49102783203125
v 223.17344665527344 8 -351.5732421875
v 223.26152038574219 8 -351.5732421875
v 223.26152038574219 8 -347.199462890625
v 223.17344665527344 8 -347.199462890625
v 223.17344665527344 8 -345.7894287109375
v 225.00297546386719 8 -345.79046630859375
v 225.00297546386719 8 -347.199462890625
v 224.357177734375 8 -347.199462890625
v 224.357177734375 8 -348.84332275390625
v 224.21040344238281 8 -348.84332275390625
v 224.21040344238281 8 -348.96072387695312
v 224.44523620605469 8 -348.96072387695312
v 224.44523620605469 8 -348.49105834960938
v 225.26716613769531 8 -348.49105834960938
v 225.26716613769531 8 -348.96072387695312
v 225.38458251953125 8 -348.96072387695312
v 225.38458251953125 8 -348.3736572265625
v 224.44523620605469 8 -348.3736572265625
v 224.44523620605469 8 -347.31689453125
v 225.26716613769531 8 -347.31689453125
v 225.26716613769531 8 -347.81591796875
v 225.38458251953125 8 -347.81591796875
v 225.38458251953125 8 -347.199462890625
v 225.12039184570312 8 -347.199462890625
v 225.12039184570312 8 -346.55368041992188
v 225.38458251953125 8 -346.55368041992188
v 225.38458251953125 8 -346.436279296875
v 225.12039184570312 8 -346.436279296875
v 225.12039184570312 8 -345.79046630859375
v 225.38458251953125 8 -345.79046630859375
v 225.38458251953125 8 -345.67306518554688
v 223.17344665527344 8 -345.67306518554688
v 223.17344665527344 8 -344.99581909179688
v 224.326171875 8 -344.99581909179688
v 224.326171875 8 -344.02432250976562
v 224.23811340332031 8 -344.02432250976562
v 224.23811340332031 8 -344.90774536132812
v 223.17344665527344 8 -344.90774536132812
v 223.17344665527344 8 -343.67697143554688
v 223.26152038574219 8 -343.67697143554688
v 223.26152038574219 8 -343.5008544921875
v 224.32781982421875 8 -343.5008544921875
v 224.32781982421875 8 -343.3834228515625
v 223.26152038574219 8 -343.3834228515625
v 223.26152038574219 8 -341.945068359375
v 224.357177734375 8 -341.945068359375
v 224.357177734375 8 -341.32864379882812
v 224.26911926269531 8 -341.32864379882812
v 224.26911926269531 8 -341.79830932617188
v 224.03428649902344 8 -341.79830932617188
v 224.03428649902344 8 -341.32864379882812
v 223.94621276855469 8 -341.32864379882812
v 223.94621276855469 8 -341.79830932617188
v 223.26152038574219 8 -341.79830932617188
v 223.26152038574219 8 -339.30319213867188
v 223.17344665527344 8 -339.30319213867188
v 223.17344665527344 8 -333.3736572265625
v 227.301513671875 8 -333.3736572265625
v 227.30284118652344 8 -341.79830932617188
v 226.56898498535156 8 -341.79830932617188
v 226.56898498535156 8 -341.32864379882812
v 226.45156860351562 8 -341.32864379882812
v 226.45156860351562 8 -341.79830932617188
v 226.24609375 8 -341.79830932617188
v 226.24609375 8 -341.32864379882812
v 226.09931945800781 8 -341.32864379882812
v 226.09931945800781 8 -341.945068359375
v 227.30284118652344 8 -341.945068359375
v 227.30284118652344 8 -343.3834228515625
v 226.09931945800781 8 -343.3834228515625
v 226.09931945800781 8 -343.5008544921875
v 227.30284118652344 8 -343.5008544921875
v 227.30284118652344 8 -344.55758666992188
v 226.51028442382812 8 -344.55758666992188
v 226.51028442382812 8 -344.64566040039062
v 227.30284118652344 8 -344.64566040039062
v 227.30284118652344 8 -345.64370727539062
v 226.51028442382812 8 -345.64370727539062
v 226.51028442382812 8 -345.7611083984375
v 227.30284118652344 8 -345.7611083984375
v 227.30284118652344 8 -346.28948974609375
v 226.51028442382812 8 -346.28948974609375
v 226.51028442382812 8 -346.90594482421875
v 226.62770080566406 8 -346.90594482421875
v 226.62770080566406 8 -346.3775634765625
v 227.30284118652344 8 -346.3775634765625
v 227.30036926269531 8 -352.49102783203125
v 225.18869018554688 8 -338.75485229492188
v 225.18869018554688 8 -343.5008544921875
v 225.27676391601562 8 -343.5008544921875
v 225.27676391601562 8 -338.75485229492188
v 225.18869018554688 8 -336.95486450195312
v 225.27676391601562 8 -336.95486450195312
v 225.27676391601562 8 -335.193603515625
v 225.18869018554688 8 -335.193603515625
v 227.24937438964844 8 -348.51861572265625
v 226.30258178710938 8 -348.51861572265625
v 226.30258178710938 8 -351.60208129882812
v 227.24937438964844 8 -351.60208129882812
f 4607 4608 4609
f 4603 4604 4607
f 4605 4606 4604
f 4607 4604 4606
f 4595 4596 4597 4598
f 4588 4592 4593
f 4592 4590 4591
f 4609 4647 4607
f 4603 4600 4601 4602
f 4644 4600 4603
f 4644 4599 4600
f 4607 4644 4603
f 4640 4644 4645 4643
f 4599 4644 4640
f 4644 4607 4647
f 4641 4599 4640
f 4594 4587 4588
f 4641 4595 4598
f 4587 4594 4641
f 4595 4641 4594
f 4641 4598 4599
f 4593 4594 4588
f 4641 4583 4586
f 4647 4609 4646
f 4588 4589 4592
f 4590 4592 4589
f 4555 4556 4557
f 4584 4585 4586
f 4586 4583 4584
f 4554 4552 4553
f 4563 4552 4554
f 4563 4555 4562
f 4555 4560 4562
f 4554 4555 4563
f 4564 4552 4563
f 4560 4555 4557
f 4557 4558 4560
f 4587 4641 4586
f 4560 4558 4559
f 4579 4580 4581 4582
f 4560 4561 4562
f 4565 4566 4567 4564
f 4552 4564 4650
f 4570 4571 4573
f 4576 4577 4578 4575
f 4610 4614 4645
f 4618 4643 4645
f 4645 4617 4618
f 4645 4614 4617
f 4617 4614 4615 4616
f 4610 4645 4646
f 4642 4643 4618
f 4622 4642 4619
f 4618 4619 4642
f 4623 4642 4622
f 4622 4619 4620 4621
f 4623 4583 4642
f 4642 4583 4641
f 4611 4612 4613
f 4614 4610 4613
f 4610 4611 4613
f 4623 4626 4627
f 4627 4628 4629 4630
f 4623 4627 4630
f 4626 4624 4625
f 4626 4623 4624
f 4610 4646 4609
f 4630 4631 4623
f 4578 4579 4649
f 4582 4634 4579
f 4649 4575 4578
f 4583 4623 4582
f 4573 4569 4570
f 4573 4574 4569
f 4649 4569 4574
f 4649 4568 4569
f 4650 4567 4568
f 4574 4575 4649
f 4573 4571 4572
f 4634 4631 4633
f 4579 4634 4649
f 4582 4623 4631
f 4636 4637 4638
f 4634 4635 4649
f 4635 4636 4649
f 4568 4649 4650
f 4638 4648 4636
f 4651 4639 4650
f 4648 4639 4651
f 4639 4648 4638
f 4648 4649 4636
f 4552 4650 4639
f 4631 4634 4582
f 4633 4631 4632
f 4564 4567 4650
g object_52
v 235.87554931640625 8 -333.3736572265625
v 239.96534729003906 8 -333.3736572265625
v 239.96534729003906 8 -335.39907836914062
v 239.96534729003906 8 -339.30319213867188
v 239.87727355957031 8 -339.30319213867188
v 239.87727355957031 8 -341.79830932617188
v 239.19258117675781 8 -341.79830932617188
v 239.19258117675781 8 -341.32864379882812
v 239.10450744628906 8 -341.32864379882812
v 239.10450744628906 8 -341.79830932617188
v 238.86967468261719 8 -341.79830932617188
v 238.86967468261719 8 -341.32864379882812
v 238.7816162109375 8 -341.32864379882812
v 238.7816162109375 8 -341.945068359375
v 239.87727355957031 8 -341.945068359375
v 239.87727355957031 8 -343.3834228515625
v 238.81097412109375 8 -343.3834228515625
v 238.81097412109375 8 -343.5008544921875
v 239.87727355957031 8 -343.5008544921875
v 239.87727355957031 8 -343.67697143554688
v 239.96534729003906 8 -343.67697143554688
v 239.96534729003906 8 -344.90774536132812
v 238.90069580078125 8 -344.90774536132812
v 238.90069580078125 8 -344.02432250976562
v 238.8126220703125 8 -344.02432250976562
v 238.8126220703125 8 -344.99581909179688
v 239.96534729003906 8 -344.99581909179688
v 239.96534729003906 8 -345.67306518554688
v 237.75422668457031 8 -345.67306518554688
v 237.75422668457031 8 -345.79046630859375
v 238.01840209960938 8 -345.79046630859375
v 238.01840209960938 8 -346.436279296875
v 237.75422668457031 8 -346.436279296875
v 237.75422668457031 8 -346.55368041992188
v 238.01840209960938 8 -346.55368041992188
v 238.01840209960938 8 -347.199462890625
v 237.75422668457031 8 -347.199462890625
v 237.75422668457031 8 -347.81591796875
v 237.87164306640625 8 -347.81591796875
v 237.87164306640625 8 -347.31689453125
v 238.69355773925781 8 -347.31689453125
v 238.69355773925781 8 -348.3736572265625
v 237.75422668457031 8 -348.3736572265625
v 237.75422668457031 8 -348.96072387695312
v 237.87164306640625 8 -348.96072387695312
v 237.87164306640625 8 -348.49105834960938
v 238.69355773925781 8 -348.49105834960938
v 238.69355773925781 8 -348.96072387695312
v 238.92839050292969 8 -348.96072387695312
v 238.92839050292969 8 -348.84332275390625
v 238.7816162109375 8 -348.84332275390625
v 238.7816162109375 8 -347.199462890625
v 238.13583374023438 8 -347.199462890625
v 238.13583374023438 8 -345.79046630859375
v 239.96534729003906 8 -345.7894287109375
v 239.96534729003906 8 -347.199462890625
v 239.87727355957031 8 -347.199462890625
v 239.87727355957031 8 -351.5732421875
v 239.96534729003906 8 -351.5732421875
v 239.96353149414062 8 -352.49102783203125
v 235.8743896484375 8 -352.49102783203125
v 235.87554931640625 8 -346.3775634765625
v 236.55070495605469 8 -346.3775634765625
v 236.55070495605469 8 -346.90594482421875
v 236.66812133789062 8 -346.90594482421875
v 236.66812133789062 8 -346.28948974609375
v 235.87554931640625 8 -346.28948974609375
v 235.87554931640625 8 -345.7611083984375
v 236.63876342773438 8 -345.7611083984375
v 236.63876342773438 8 -345.64370727539062
v 235.87554931640625 8 -345.64370727539062
v 235.87554931640625 8 -344.64566040039062
v 236.63876342773438 8 -344.64566040039062
v 236.63876342773438 8 -344.55758666992188
v 235.87554931640625 8 -344.55758666992188
v 235.87554931640625 8 -343.5008544921875
v 237.04971313476562 8 -343.5008544921875
v 237.04971313476562 8 -343.3834228515625
v 235.87554931640625 8 -343.3834228515625
v 235.87554931640625 8 -341.945068359375
v 237.04971313476562 8 -341.945068359375
v 237.04971313476562 8 -341.32864379882812
v 236.93229675292969 8 -341.32864379882812
v 236.93229675292969 8 -341.79830932617188
v 236.72682189941406 8 -341.79830932617188
v 236.72682189941406 8 -341.32864379882812
v 236.63876342773438 8 -341.32864379882812
v 236.63876342773438 8 -341.79830932617188
v 235.87554931640625 8 -341.79830932617188
v 237.87164306640625 8 -336.95486450195312
v 237.95970153808594 8 -336.95486450195312
v 237.95970153808594 8 -335.193603515625
v 237.87164306640625 8 -335.193603515625
v 237.87164306640625 8 -338.75485229492188
v 237.87164306640625 8 -343.5008544921875
v 237.95970153808594 8 -343.5008544921875
v 237.95970153808594 8 -338.75485229492188
v 235.92753601074219 8 -348.51861572265625
v 235.92753601074219 8 -351.60208129882812
v 236.87432861328125 8 -351.60208129882812
v 236.87432861328125 8 -348.51861572265625
f 4738 4740 4652
f 4738 4739 4740
f 4738 4652 4737
f 4725 4726 4727
f 4722 4723 4724 4721
f 4728 4724 4725
f 4730 4731 4732 4729
f 4734 4735 4736 4737
f 4741 4734 4737
f 4741 4733 4734
f 4733 4741 4745
f 4741 4737 4652
f 4741 4652 4744
f 4746 4733 4745
f 4728 4721 4724
f 4746 4729 4732
f 4717 4721 4728
f 4729 4746 4728
f 4746 4732 4733
f 4728 4725 4727
f 4746 4680 4728
f 4747 4680 4746
f 4744 4652 4743
f 4719 4720 4718
f 4685 4752 4717
f 4717 4718 4720
f 4715 4713 4714
f 4750 4712 4749
f 4713 4749 4712
f 4750 4751 4712
f 4752 4715 4716
f 4717 4752 4716
f 4749 4715 4752
f 4715 4749 4713
f 4717 4720 4721
f 4681 4684 4717
f 4684 4681 4682 4683
f 4684 4685 4717
f 4688 4685 4686 4687
f 4688 4689 4752
f 4685 4688 4752
f 4752 4694 4695
f 4694 4752 4689
f 4690 4694 4689
f 4751 4752 4695
f 4692 4690 4691
f 4751 4695 4696
f 4693 4694 4690
f 4699 4751 4696
f 4681 4717 4728
f 4680 4681 4728
f 4711 4712 4751
f 4741 4748 4745
f 4742 4654 4663
f 4664 4748 4742
f 4741 4742 4748
f 4742 4663 4664
f 4663 4654 4660
f 4662 4663 4660 4661
f 4654 4742 4743
f 4747 4748 4664
f 4668 4747 4665
f 4664 4665 4747
f 4669 4747 4668
f 4669 4675 4676
f 4747 4669 4676
f 4676 4677 4747
f 4656 4659 4660
f 4659 4656 4657
f 4654 4656 4660
f 4656 4654 4655
f 4743 4653 4654
f 4659 4657 4658
f 4675 4669 4670
f 4667 4668 4665 4666
f 4671 4675 4670
f 4653 4743 4652
f 4672 4673 4671
f 4679 4680 4677 4678
f 4692 4693 4690
f 4704 4705 4703
f 4701 4702 4703
f 4698 4699 4696 4697
f 4751 4699 4711
f 4675 4671 4674
f 4671 4673 4674
f 4703 4706 4708
f 4705 4706 4703
f 4700 4701 4708
f 4708 4701 4703
f 4709 4700 4708
f 4709 4710 4711
f 4700 4709 4711
f 4707 4708 4706
f 4699 4700 4711
f 4680 4747 4677
g object_53
v 231.6336669921875 8 -352.49102783203125
v 231.63548278808594 8 -351.5732421875
v 231.72354125976562 8 -351.5732421875
v 231.72354125976562 8 -347.199462890625
v 231.63548278808594 8 -347.199462890625
v 231.63548278808594 8 -345.7894287109375
v 233.46499633789062 8 -345.79046630859375
v 233.46499633789062 8 -347.199462890625
v 232.81919860839844 8 -347.199462890625
v 232.81919860839844 8 -348.84332275390625
v 232.67242431640625 8 -348.84332275390625
v 232.67242431640625 8 -348.96072387695312
v 232.90725708007812 8 -348.96072387695312
v 232.90725708007812 8 -348.49105834960938
v 233.72918701171875 8 -348.49105834960938
v 233.72918701171875 8 -348.96072387695312
v 233.84660339355469 8 -348.96072387695312
v 233.84660339355469 8 -348.3736572265625
v 232.90725708007812 8 -348.3736572265625
v 232.90725708007812 8 -347.31689453125
v 233.72918701171875 8 -347.31689453125
v 233.72918701171875 8 -347.81591796875
v 233.84660339355469 8 -347.81591796875
v 233.84660339355469 8 -347.199462890625
v 233.58241271972656 8 -347.199462890625
v 233.58241271972656 8 -346.55368041992188
v 233.84660339355469 8 -346.55368041992188
v 233.84660339355469 8 -346.436279296875
v 233.58241271972656 8 -346.436279296875
v 233.58241271972656 8 -345.79046630859375
v 233.84660339355469 8 -345.79046630859375
v 233.84660339355469 8 -345.67306518554688
v 231.63548278808594 8 -345.67306518554688
v 231.63548278808594 8 -344.99581909179688
v 232.78819274902344 8 -344.99581909179688
v 232.78819274902344 8 -344.02432250976562
v 232.70013427734375 8 -344.02432250976562
v 232.70013427734375 8 -344.90774536132812
v 231.63548278808594 8 -344.90774536132812
v 231.63548278808594 8 -343.67697143554688
v 231.72354125976562 8 -343.67697143554688
v 231.72354125976562 8 -343.5008544921875
v 232.78984069824219 8 -343.5008544921875
v 232.78984069824219 8 -343.3834228515625
v 231.72354125976562 8 -343.3834228515625
v 231.72354125976562 8 -341.945068359375
v 232.81919860839844 8 -341.945068359375
v 232.81919860839844 8 -341.32864379882812
v 232.73114013671875 8 -341.32864379882812
v 232.73114013671875 8 -341.79830932617188
v 232.49630737304688 8 -341.79830932617188
v 232.49630737304688 8 -341.32864379882812
v 232.40824890136719 8 -341.32864379882812
v 232.40824890136719 8 -341.79830932617188
v 231.72354125976562 8 -341.79830932617188
v 231.72354125976562 8 -339.30319213867188
v 231.63548278808594 8 -339.30319213867188
v 231.63548278808594 8 -333.3736572265625
v 235.76353454589844 8 -333.3736572265625
v 235.76486206054688 8 -341.79830932617188
v 235.031005859375 8 -341.79830932617188
v 235.031005859375 8 -341.32864379882812
v 234.91358947753906 8 -341.32864379882812
v 234.91358947753906 8 -341.79830932617188
v 234.70811462402344 8 -341.79830932617188
v 234.70811462402344 8 -341.32864379882812
v 234.56134033203125 8 -341.32864379882812
v 234.56134033203125 8 -341.945068359375
v 235.76486206054688 8 -341.945068359375
v 235.76486206054688 8 -343.3834228515625
v 234.56134033203125 8 -343.3834228515625
v 234.56134033203125 8 -343.5008544921875
v 235.76486206054688 8 -343.5008544921875
v 235.76486206054688 8 -344.55758666992188
v 234.97230529785156 8 -344.55758666992188
v 234.97230529785156 8 -344.64566040039062
v 235.76486206054688 8 -344.64566040039062
v 235.76486206054688 8 -345.64370727539062
v 234.97230529785156 8 -345.64370727539062
v 234.97230529785156 8 -345.7611083984375
v 235.76486206054688 8 -345.7611083984375
v 235.76486206054688 8 -346.28948974609375
v 234.97230529785156 8 -346.28948974609375
v 234.97230529785156 8 -346.90594482421875
v 235.0897216796875 8 -346.90594482421875
v 235.0897216796875 8 -346.3775634765625
v 235.76486206054688 8 -346.3775634765625
v 235.76239013671875 8 -352.49102783203125
v 233.65072631835938 8 -338.75485229492188
v 233.65072631835938 8 -343.5008544921875
v 233.73878479003906 8 -343.5008544921875
v 233.73878479003906 8 -338.75485229492188
v 233.65072631835938 8 -336.95486450195312
v 233.73878479003906 8 -336.95486450195312
v 233.73878479003906 8 -335.193603515625
v 233.65072631835938 8 -335.193603515625
v 235.70472717285156 8 -348.51861572265625
v 234.75791931152344 8 -348.51861572265625
v 234.75791931152344 8 -351.60208129882812
v 235.70472717285156 8 -351.60208129882812
f 4808 4809 4810
f 4804 4805 4808
f 4806 4807 4805
f 4808 4805 4807
f 4796 4797 4798 4799
f 4789 4793 4794
f 4793 4791 4792
f 4810 4848 4808
f 4804 4801 4802 4803
f 4845 4801 4804
f 4845 4800 4801
f 4808 4845 4804
f 4841 4845 4846 4844
f 4800 4845 4841
f 4845 4808 4848
f 4842 4800 4841
f 4795 4788 4789
f 4842 4796 4799
f 4788 4795 4842
f 4796 4842 4795
f 4842 4799 4800
f 4794 4795 4789
f 4842 4784 4787
f 4848 4810 4847
f 4789 4790 4793
f 4791 4793 4790
f 4756 4757 4758
f 4785 4786 4787
f 4787 4784 4785
f 4755 4753 4754
f 4764 4753 4755
f 4764 4756 4763
f 4756 4761 4763
f 4755 4756 4764
f 4765 4753 4764
f 4761 4756 4758
f 4758 4759 4761
f 4788 4842 4787
f 4761 4759 4760
f 4780 4781 4782 4783
f 4761 4762 4763
f 4766 4767 4768 4765
f 4753 4765 4851
f 4771 4772 4774
f 4777 4778 4779 4776
f 4811 4815 4846
f 4819 4844 4846
f 4846 4818 4819
f 4846 4815 4818
f 4818 4815 4816 4817
f 4811 4846 4847
f 4843 4844 4819
f 4823 4843 4820
f 4819 4820 4843
f 4824 4843 4823
f 4823 4820 4821 4822
f 4824 4784 4843
f 4843 4784 4842
f 4812 4813 4814
f 4815 4811 4814
f 4811 4812 4814
f 4824 4827 4828
f 4828 4829 4830 4831
f 4824 4828 4831
f 4827 4825 4826
f 4827 4824 4825
f 4811 4847 4810
f 4831 4832 4824
f 4779 4780 4850
f 4783 4835 4780
f 4850 4776 4779
f 4784 4824 4783
f 4774 4770 4771
f 4774 4775 4770
f 4850 4770 4775
f 4850 4769 4770
f 4851 4768 4769
f 4775 4776 4850
f 4774 4772 4773
f 4835 4832 4834
f 4780 4835 4850
f 4783 4824 4832
f 4837 4838 4839
f 4835 4836 4850
f 4836 4837 4850
f 4769 4850 4851
f 4839 4849 4837
f 4852 4840 4851
f 4849 4840 4852
f 4840 4849 4839
f 4849 4850 4837
f 4753 4851 4840
f 4832 4835 4783
f 4834 4832 4833
f 4765 4768 4851
g object_54
v 138.6290283203125 8 -351.54876708984375
v 138.71253967285156 8 -351.54876708984375
v 138.71253967285156 8 -349.05364990234375
v 140.32701110839844 8 -349.05364990234375
v 140.32701110839844 8 -348.965576171875
v 138.71253967285156 8 -348.965576171875
v 138.71253967285156 8 -347.17498779296875
v 138.63238525390625 8 -347.17498779296875
v 138.63284301757812 8 -346.587890625
v 138.63392639160156 8 -345.1741943359375
v 142.75396728515625 8 -345.17547607421875
v 142.75526428222656 8 -347.17498779296875
v 142.66754150390625 8 -347.17498779296875
v 142.66754150390625 8 -347.43917846679688
v 141.03150939941406 8 -347.43917846679688
v 141.03150939941406 8 -349.05364990234375
v 142.64599609375 8 -349.05364990234375
v 142.64599609375 8 -351.54879760742188
v 142.73304748535156 8 -351.54879760742188
v 142.73405456542969 8 -355.441162109375
v 138.62446594238281 8 -355.441162109375
v 142.54933166503906 8 -350.76373291015625
v 140.74981689453125 8 -350.76373291015625
v 140.74981689453125 8 -353.84719848632812
v 142.54933166503906 8 -353.84719848632812
f 4861 4859 4860
f 4862 4859 4861
f 4858 4859 4857
f 4859 4867 4857
f 4867 4859 4862
f 4853 4854 4873
f 4875 4854 4856
f 4855 4856 4854
f 4856 4868 4875
f 4876 4873 4854
f 4875 4876 4854
f 4868 4856 4857
f 4865 4866 4867
f 4864 4865 4863
f 4867 4863 4865
f 4863 4867 4862
f 4874 4870 4877
f 4874 4875 4868
f 4869 4874 4868
f 4877 4870 4871
f 4869 4870 4874
f 4876 4877 4872
f 4871 4872 4877
f 4873 4876 4872
f 4867 4868 4857
g object_55
v 130.25860595703125 8 -352.47967529296875
v 130.26042175292969 8 -351.56192016601562
v 130.34848022460938 8 -351.56192016601562
v 130.34848022460938 8 -347.18814086914062
v 130.26042175292969 8 -347.18814086914062
v 130.26042175292969 8 -345.778076171875
v 132.08993530273438 8 -345.77914428710938
v 132.08993530273438 8 -347.18814086914062
v 131.44413757324219 8 -347.18814086914062
v 131.44413757324219 8 -348.83197021484375
v 131.29736328125 8 -348.83197021484375
v 131.29736328125 8 -348.94940185546875
v 131.53219604492188 8 -348.94940185546875
v 131.53219604492188 8 -348.479736328125
v 132.3541259765625 8 -348.479736328125
v 132.3541259765625 8 -348.94940185546875
v 132.47154235839844 8 -348.94940185546875
v 132.47154235839844 8 -348.3623046875
v 131.53219604492188 8 -348.3623046875
v 131.53219604492188 8 -347.3055419921875
v 132.3541259765625 8 -347.3055419921875
v 132.3541259765625 8 -347.8045654296875
v 132.47154235839844 8 -347.8045654296875
v 132.47154235839844 8 -347.18814086914062
v 132.20735168457031 8 -347.18814086914062
v 132.20735168457031 8 -346.5423583984375
v 132.47154235839844 8 -346.5423583984375
v 132.47154235839844 8 -346.4249267578125
v 132.20735168457031 8 -346.4249267578125
v 132.20735168457031 8 -345.77914428710938
v 132.47154235839844 8 -345.77914428710938
v 132.47154235839844 8 -345.66171264648438
v 130.26042175292969 8 -345.66171264648438
v 130.26042175292969 8 -344.98446655273438
v 131.41313171386719 8 -344.98446655273438
v 131.41313171386719 8 -344.01300048828125
v 131.3250732421875 8 -344.01300048828125
v 131.3250732421875 8 -344.89642333984375
v 130.26042175292969 8 -344.89642333984375
v 130.26042175292969 8 -343.66561889648438
v 130.34848022460938 8 -343.66561889648438
v 130.34848022460938 8 -343.489501953125
v 131.41477966308594 8 -343.489501953125
v 131.41477966308594 8 -343.37210083007812
v 130.34848022460938 8 -343.37210083007812
v 130.34848022460938 8 -341.93374633789062
v 131.44413757324219 8 -341.93374633789062
v 131.44413757324219 8 -341.31729125976562
v 131.3560791015625 8 -341.31729125976562
v 131.3560791015625 8 -341.78695678710938
v 131.12124633789062 8 -341.78695678710938
v 131.12124633789062 8 -341.31729125976562
v 131.03318786621094 8 -341.31729125976562
v 131.03318786621094 8 -341.78695678710938
v 130.34848022460938 8 -341.78695678710938
v 130.34848022460938 8 -339.29183959960938
v 130.26042175292969 8 -339.29183959960938
v 130.26042175292969 8 -333.37850952148438
v 134.38847351074219 8 -333.37850952148438
v 134.38980102539062 8 -341.78695678710938
v 133.65594482421875 8 -341.78695678710938
v 133.65594482421875 8 -341.31729125976562
v 133.53852844238281 8 -341.31729125976562
v 133.53852844238281 8 -341.78695678710938
v 133.33305358886719 8 -341.78695678710938
v 133.33305358886719 8 -341.31729125976562
v 133.186279296875 8 -341.31729125976562
v 133.186279296875 8 -341.93374633789062
v 134.38980102539062 8 -341.93374633789062
v 134.38980102539062 8 -343.37210083007812
v 133.186279296875 8 -343.37210083007812
v 133.186279296875 8 -343.489501953125
v 134.38980102539062 8 -343.489501953125
v 134.38980102539062 8 -344.5462646484375
v 133.59724426269531 8 -344.5462646484375
v 133.59724426269531 8 -344.63430786132812
v 134.38980102539062 8 -344.63430786132812
v 134.38980102539062 8 -345.63235473632812
v 133.59724426269531 8 -345.63235473632812
v 133.59724426269531 8 -345.74978637695312
v 134.38980102539062 8 -345.74978637695312
v 134.38980102539062 8 -346.27816772460938
v 133.59724426269531 8 -346.27816772460938
v 133.59724426269531 8 -346.89459228515625
v 133.71466064453125 8 -346.89459228515625
v 133.71466064453125 8 -346.3662109375
v 134.38980102539062 8 -346.3662109375
v 134.3873291015625 8 -352.47967529296875
v 134.32966613769531 8 -348.50726318359375
v 133.38285827636719 8 -348.50726318359375
v 133.38285827636719 8 -351.59075927734375
v 134.32966613769531 8 -351.59075927734375
v 132.27566528320312 8 -336.94351196289062
v 132.36372375488281 8 -336.94351196289062
v 132.36372375488281 8 -335.1822509765625
v 132.27566528320312 8 -335.1822509765625
v 132.27566528320312 8 -338.7435302734375
v 132.27566528320312 8 -343.489501953125
v 132.36372375488281 8 -343.489501953125
v 132.36372375488281 8 -338.7435302734375
f 4933 4934 4935
f 4929 4930 4933
f 4931 4932 4930
f 4933 4930 4932
f 4921 4922 4923 4924
f 4914 4918 4919
f 4918 4916 4917
f 4935 4973 4933
f 4929 4926 4927 4928
f 4970 4926 4929
f 4970 4925 4926
f 4933 4970 4929
f 4974 4970 4971 4977
f 4925 4970 4974
f 4970 4933 4973
f 4975 4925 4974
f 4920 4913 4914
f 4975 4921 4924
f 4913 4920 4975
f 4921 4975 4920
f 4975 4924 4925
f 4919 4920 4914
f 4975 4909 4912
f 4973 4935 4972
f 4914 4915 4918
f 4916 4918 4915
f 4881 4882 4883
f 4910 4911 4912
f 4912 4909 4910
f 4880 4878 4879
f 4889 4878 4880
f 4889 4881 4888
f 4881 4886 4888
f 4880 4881 4889
f 4890 4878 4889
f 4886 4881 4883
f 4883 4884 4886
f 4913 4975 4912
f 4886 4884 4885
f 4905 4906 4907 4908
f 4886 4887 4888
f 4891 4892 4893 4890
f 4878 4890 4968
f 4896 4897 4899
f 4902 4903 4904 4901
f 4936 4940 4971
f 4944 4977 4971
f 4971 4943 4944
f 4971 4940 4943
f 4943 4940 4941 4942
f 4936 4971 4972
f 4976 4977 4944
f 4948 4976 4945
f 4944 4945 4976
f 4949 4976 4948
f 4948 4945 4946 4947
f 4949 4909 4976
f 4976 4909 4975
f 4937 4938 4939
f 4940 4936 4939
f 4936 4937 4939
f 4949 4952 4953
f 4953 4954 4955 4956
f 4949 4953 4956
f 4952 4950 4951
f 4952 4949 4950
f 4936 4972 4935
f 4956 4957 4949
f 4904 4905 4967
f 4908 4960 4905
f 4967 4901 4904
f 4909 4949 4908
f 4899 4895 4896
f 4899 4900 4895
f 4967 4895 4900
f 4967 4894 4895
f 4968 4893 4894
f 4900 4901 4967
f 4899 4897 4898
f 4960 4957 4959
f 4905 4960 4967
f 4908 4949 4957
f 4962 4963 4964
f 4960 4961 4967
f 4961 4962 4967
f 4894 4967 4968
f 4964 4966 4962
f 4969 4965 4968
f 4966 4965 4969
f 4965 4966 4964
f 4966 4967 4962
f 4878 4968 4965
f 4957 4960 4908
f 4959 4957 4958
f 4890 4893 4968
g object_56
v 134.50048828125 8 -333.37850952148438
v 138.59028625488281 8 -333.37850952148438
v 138.59028625488281 8 -335.38775634765625
v 138.59028625488281 8 -339.29183959960938
v 138.50222778320312 8 -339.29183959960938
v 138.50222778320312 8 -341.78695678710938
v 137.81752014160156 8 -341.78695678710938
v 137.81752014160156 8 -341.31729125976562
v 137.72946166992188 8 -341.31729125976562
v 137.72946166992188 8 -341.78695678710938
v 137.49461364746094 8 -341.78695678710938
v 137.49461364746094 8 -341.31729125976562
v 137.40655517578125 8 -341.31729125976562
v 137.40655517578125 8 -341.93374633789062
v 138.50222778320312 8 -341.93374633789062
v 138.50222778320312 8 -343.37210083007812
v 137.4359130859375 8 -343.37210083007812
v 137.4359130859375 8 -343.489501953125
v 138.50222778320312 8 -343.489501953125
v 138.50222778320312 8 -343.66561889648438
v 138.59028625488281 8 -343.66561889648438
v 138.59028625488281 8 -344.89642333984375
v 137.525634765625 8 -344.89642333984375
v 137.525634765625 8 -344.01300048828125
v 137.43756103515625 8 -344.01300048828125
v 137.43756103515625 8 -344.98446655273438
v 138.59028625488281 8 -344.98446655273438
v 138.59028625488281 8 -345.66171264648438
v 136.37916564941406 8 -345.66171264648438
v 136.37916564941406 8 -345.77914428710938
v 136.64335632324219 8 -345.77914428710938
v 136.64335632324219 8 -346.4249267578125
v 136.37916564941406 8 -346.4249267578125
v 136.37916564941406 8 -346.5423583984375
v 136.64335632324219 8 -346.5423583984375
v 136.64335632324219 8 -347.18814086914062
v 136.37916564941406 8 -347.18814086914062
v 136.37916564941406 8 -347.8045654296875
v 136.49658203125 8 -347.8045654296875
v 136.49658203125 8 -347.3055419921875
v 137.31849670410156 8 -347.3055419921875
v 137.31849670410156 8 -348.3623046875
v 136.37916564941406 8 -348.3623046875
v 136.37916564941406 8 -348.94940185546875
v 136.49658203125 8 -348.94940185546875
v 136.49658203125 8 -348.479736328125
v 137.31849670410156 8 -348.479736328125
v 137.31849670410156 8 -348.94940185546875
v 137.55332946777344 8 -348.94940185546875
v 137.55332946777344 8 -348.83197021484375
v 137.40655517578125 8 -348.83197021484375
v 137.40655517578125 8 -347.18814086914062
v 136.76077270507812 8 -347.18814086914062
v 136.76077270507812 8 -345.77914428710938
v 138.59028625488281 8 -345.778076171875
v 138.59028625488281 8 -347.18814086914062
v 138.50222778320312 8 -347.18814086914062
v 138.50222778320312 8 -351.56192016601562
v 138.59028625488281 8 -351.56192016601562
v 138.58848571777344 8 -352.47967529296875
v 134.49932861328125 8 -352.47967529296875
v 134.50048828125 8 -346.3662109375
v 135.17564392089844 8 -346.3662109375
v 135.17564392089844 8 -346.89459228515625
v 135.29306030273438 8 -346.89459228515625
v 135.29306030273438 8 -346.27816772460938
v 134.50048828125 8 -346.27816772460938
v 134.50048828125 8 -345.74978637695312
v 135.26370239257812 8 -345.74978637695312
v 135.26370239257812 8 -345.63235473632812
v 134.50048828125 8 -345.63235473632812
v 134.50048828125 8 -344.63430786132812
v 135.26370239257812 8 -344.63430786132812
v 135.26370239257812 8 -344.5462646484375
v 134.50048828125 8 -344.5462646484375
v 134.50048828125 8 -343.489501953125
v 135.67466735839844 8 -343.489501953125
v 135.67466735839844 8 -343.37210083007812
v 134.50048828125 8 -343.37210083007812
v 134.50048828125 8 -341.93374633789062
v 135.67466735839844 8 -341.93374633789062
v 135.67466735839844 8 -341.31729125976562
v 135.5572509765625 8 -341.31729125976562
v 135.5572509765625 8 -341.78695678710938
v 135.35176086425781 8 -341.78695678710938
v 135.35176086425781 8 -341.31729125976562
v 135.26370239257812 8 -341.31729125976562
v 135.26370239257812 8 -341.78695678710938
v 134.50048828125 8 -341.78695678710938
v 134.55247497558594 8 -348.50726318359375
v 134.55247497558594 8 -351.59075927734375
v 135.499267578125 8 -351.59075927734375
v 135.499267578125 8 -348.50726318359375
v 136.49658203125 8 -338.7435302734375
v 136.49658203125 8 -343.489501953125
v 136.58464050292969 8 -343.489501953125
v 136.58464050292969 8 -338.7435302734375
v 136.49658203125 8 -336.94351196289062
v 136.58464050292969 8 -336.94351196289062
v 136.58464050292969 8 -335.1822509765625
v 136.49658203125 8 -335.1822509765625
f 5064 5066 4978
f 5064 5065 5066
f 5064 4978 5063
f 5051 5052 5053
f 5048 5049 5050 5047
f 5054 5050 5051
f 5056 5057 5058 5055
f 5060 5061 5062 5063
f 5075 5060 5063
f 5075 5059 5060
f 5059 5075 5071
f 5075 5063 4978
f 5075 4978 5078
f 5072 5059 5071
f 5054 5047 5050
f 5072 5055 5058
f 5043 5047 5054
f 5055 5072 5054
f 5072 5058 5059
f 5054 5051 5053
f 5072 5006 5054
f 5073 5006 5072
f 5078 4978 5077
f 5045 5046 5044
f 5011 5070 5043
f 5043 5044 5046
f 5041 5039 5040
f 5068 5038 5067
f 5039 5067 5038
f 5068 5069 5038
f 5070 5041 5042
f 5043 5070 5042
f 5067 5041 5070
f 5041 5067 5039
f 5043 5046 5047
f 5007 5010 5043
f 5010 5007 5008 5009
f 5010 5011 5043
f 5014 5011 5012 5013
f 5014 5015 5070
f 5011 5014 5070
f 5070 5020 5021
f 5020 5070 5015
f 5016 5020 5015
f 5069 5070 5021
f 5018 5016 5017
f 5069 5021 5022
f 5019 5020 5016
f 5025 5069 5022
f 5007 5043 5054
f 5006 5007 5054
f 5037 5038 5069
f 5075 5074 5071
f 5076 4980 4989
f 4990 5074 5076
f 5075 5076 5074
f 5076 4989 4990
f 4989 4980 4986
f 4988 4989 4986 4987
f 4980 5076 5077
f 5073 5074 4990
f 4994 5073 4991
f 4990 4991 5073
f 4995 5073 4994
f 4995 5001 5002
f 5073 4995 5002
f 5002 5003 5073
f 4982 4985 4986
f 4985 4982 4983
f 4980 4982 4986
f 4982 4980 4981
f 5077 4979 4980
f 4985 4983 4984
f 5001 4995 4996
f 4993 4994 4991 4992
f 4997 5001 4996
f 4979 5077 4978
f 4998 4999 4997
f 5005 5006 5003 5004
f 5018 5019 5016
f 5030 5031 5029
f 5027 5028 5029
f 5024 5025 5022 5023
f 5069 5025 5037
f 5001 4997 5000
f 4997 4999 5000
f 5029 5032 5034
f 5031 5032 5029
f 5026 5027 5034
f 5034 5027 5029
f 5035 5026 5034
f 5035 5036 5037
f 5026 5035 5037
f 5033 5034 5032
f 5025 5026 5037
f 5006 5073 5003
g object_57
v 121.79659271240234 8 -352.47967529296875
v 121.79839324951172 8 -351.56192016601562
v 121.88645935058594 8 -351.56192016601562
v 121.88645935058594 8 -347.18814086914062
v 121.79839324951172 8 -347.18814086914062
v 121.79839324951172 8 -345.778076171875
v 123.62791442871094 8 -345.77914428710938
v 123.62791442871094 8 -347.18814086914062
v 122.98211669921875 8 -347.18814086914062
v 122.98211669921875 8 -348.83197021484375
v 122.83535003662109 8 -348.83197021484375
v 122.83535003662109 8 -348.94940185546875
v 123.07018280029297 8 -348.94940185546875
v 123.07018280029297 8 -348.479736328125
v 123.89209747314453 8 -348.479736328125
v 123.89209747314453 8 -348.94940185546875
v 124.00951385498047 8 -348.94940185546875
v 124.00951385498047 8 -348.3623046875
v 123.07018280029297 8 -348.3623046875
v 123.07018280029297 8 -347.3055419921875
v 123.89209747314453 8 -347.3055419921875
v 123.89209747314453 8 -347.8045654296875
v 124.00951385498047 8 -347.8045654296875
v 124.00951385498047 8 -347.18814086914062
v 123.74533081054688 8 -347.18814086914062
v 123.74533081054688 8 -346.5423583984375
v 124.00951385498047 8 -346.5423583984375
v 124.00951385498047 8 -346.4249267578125
v 123.74533081054688 8 -346.4249267578125
v 123.74533081054688 8 -345.77914428710938
v 124.00951385498047 8 -345.77914428710938
v 124.00951385498047 8 -345.66171264648438
v 121.79839324951172 8 -345.66171264648438
v 121.79839324951172 8 -344.98446655273438
v 122.95111083984375 8 -344.98446655273438
v 122.95111083984375 8 -344.01300048828125
v 122.86304473876953 8 -344.01300048828125
v 122.86304473876953 8 -344.89642333984375
v 121.79839324951172 8 -344.89642333984375
v 121.79839324951172 8 -343.66561889648438
v 121.88645935058594 8 -343.66561889648438
v 121.88645935058594 8 -343.489501953125
v 122.95276641845703 8 -343.489501953125
v 122.95276641845703 8 -343.37210083007812
v 121.88645935058594 8 -343.37210083007812
v 121.88645935058594 8 -341.93374633789062
v 122.98211669921875 8 -341.93374633789062
v 122.98211669921875 8 -341.31729125976562
v 122.89405822753906 8 -341.31729125976562
v 122.89405822753906 8 -341.78695678710938
v 122.65922546386719 8 -341.78695678710938
v 122.65922546386719 8 -341.31729125976562
v 122.57115936279297 8 -341.31729125976562
v 122.57115936279297 8 -341.78695678710938
v 121.88645935058594 8 -341.78695678710938
v 121.88645935058594 8 -339.29183959960938
v 121.79839324951172 8 -339.29183959960938
v 121.79839324951172 8 -333.37850952148438
v 125.92645263671875 8 -333.37850952148438
v 125.92778015136719 8 -341.78695678710938
v 125.19392395019531 8 -341.78695678710938
v 125.19392395019531 8 -341.31729125976562
v 125.07650756835938 8 -341.31729125976562
v 125.07650756835938 8 -341.78695678710938
v 124.87103271484375 8 -341.78695678710938
v 124.87103271484375 8 -341.31729125976562
v 124.72425842285156 8 -341.31729125976562
v 124.72425842285156 8 -341.93374633789062
v 125.92778015136719 8 -341.93374633789062
v 125.92778015136719 8 -343.37210083007812
v 124.72425842285156 8 -343.37210083007812
v 124.72425842285156 8 -343.489501953125
v 125.92778015136719 8 -343.489501953125
v 125.92778015136719 8 -344.5462646484375
v 125.13521575927734 8 -344.5462646484375
v 125.13521575927734 8 -344.63430786132812
v 125.92778015136719 8 -344.63430786132812
v 125.92778015136719 8 -345.63235473632812
v 125.13521575927734 8 -345.63235473632812
v 125.13521575927734 8 -345.74978637695312
v 125.92778015136719 8 -345.74978637695312
v 125.92778015136719 8 -346.27816772460938
v 125.13521575927734 8 -346.27816772460938
v 125.13521575927734 8 -346.89459228515625
v 125.25263214111328 8 -346.89459228515625
v 125.25263214111328 8 -346.3662109375
v 125.92778015136719 8 -346.3662109375
v 125.92530822753906 8 -352.47967529296875
v 125.87432098388672 8 -348.50726318359375
v 124.92752075195312 8 -348.50726318359375
v 124.92752075195312 8 -351.59075927734375
v 125.87432098388672 8 -351.59075927734375
v 123.81363677978516 8 -336.94351196289062
v 123.90170288085938 8 -336.94351196289062
v 123.90170288085938 8 -335.1822509765625
v 123.81363677978516 8 -335.1822509765625
v 123.81363677978516 8 -338.7435302734375
v 123.81363677978516 8 -343.489501953125
v 123.90170288085938 8 -343.489501953125
v 123.90170288085938 8 -338.7435302734375
f 5134 5135 5136
f 5130 5131 5134
f 5132 5133 5131
f 5134 5131 5133
f 5122 5123 5124 5125
f 5115 5119 5120
f 5119 5117 5118
f 5136 5174 5134
f 5130 5127 5128 5129
f 5171 5127 5130
f 5171 5126 5127
f 5134 5171 5130
f 5175 5171 5172 5178
f 5126 5171 5175
f 5171 5134 5174
f 5176 5126 5175
f 5121 5114 5115
f 5176 5122 5125
f 5114 5121 5176
f 5122 5176 5121
f 5176 5125 5126
f 5120 5121 5115
f 5176 5110 5113
f 5174 5136 5173
f 5115 5116 5119
f 5117 5119 5116
f 5082 5083 5084
f 5111 5112 5113
f 5113 5110 5111
f 5081 5079 5080
f 5090 5079 5081
f 5090 5082 5089
f 5082 5087 5089
f 5081 5082 5090
f 5091 5079 5090
f 5087 5082 5084
f 5084 5085 5087
f 5114 5176 5113
f 5087 5085 5086
f 5106 5107 5108 5109
f 5087 5088 5089
f 5092 5093 5094 5091
f 5079 5091 5169
f 5097 5098 5100
f 5103 5104 5105 5102
f 5137 5141 5172
f 5145 5178 5172
f 5172 5144 5145
f 5172 5141 5144
f 5144 5141 5142 5143
f 5137 5172 5173
f 5177 5178 5145
f 5149 5177 5146
f 5145 5146 5177
f 5150 5177 5149
f 5149 5146 5147 5148
f 5150 5110 5177
f 5177 5110 5176
f 5138 5139 5140
f 5141 5137 5140
f 5137 5138 5140
f 5150 5153 5154
f 5154 5155 5156 5157
f 5150 5154 5157
f 5153 5151 5152
f 5153 5150 5151
f 5137 5173 5136
f 5157 5158 5150
f 5105 5106 5168
f 5109 5161 5106
f 5168 5102 5105
f 5110 5150 5109
f 5100 5096 5097
f 5100 5101 5096
f 5168 5096 5101
f 5168 5095 5096
f 5169 5094 5095
f 5101 5102 5168
f 5100 5098 5099
f 5161 5158 5160
f 5106 5161 5168
f 5109 5150 5158
f 5163 5164 5165
f 5161 5162 5168
f 5162 5163 5168
f 5095 5168 5169
f 5165 5167 5163
f 5170 5166 5169
f 5167 5166 5170
f 5166 5167 5165
f 5167 5168 5163
f 5079 5169 5166
f 5158 5161 5109
f 5160 5158 5159
f 5091 5094 5169
g object_58
v 126.03846740722656 8 -333.37850952148438
v 130.12826538085938 8 -333.37850952148438
v 130.12826538085938 8 -335.38775634765625
v 130.12826538085938 8 -339.29183959960938
v 130.04019165039062 8 -339.29183959960938
v 130.04019165039062 8 -341.78695678710938
v 129.35549926757812 8 -341.78695678710938
v 129.35549926757812 8 -341.31729125976562
v 129.26742553710938 8 -341.31729125976562
v 129.26742553710938 8 -341.78695678710938
v 129.0325927734375 8 -341.78695678710938
v 129.0325927734375 8 -341.31729125976562
v 128.94453430175781 8 -341.31729125976562
v 128.94453430175781 8 -341.93374633789062
v 130.04019165039062 8 -341.93374633789062
v 130.04019165039062 8 -343.37210083007812
v 128.97389221191406 8 -343.37210083007812
v 128.97389221191406 8 -343.489501953125
v 130.04019165039062 8 -343.489501953125
v 130.04019165039062 8 -343.66561889648438
v 130.12826538085938 8 -343.66561889648438
v 130.12826538085938 8 -344.89642333984375
v 129.06361389160156 8 -344.89642333984375
v 129.06361389160156 8 -344.01300048828125
v 128.97554016113281 8 -344.01300048828125
v 128.97554016113281 8 -344.98446655273438
v 130.12826538085938 8 -344.98446655273438
v 130.12826538085938 8 -345.66171264648438
v 127.91713714599609 8 -345.66171264648438
v 127.91713714599609 8 -345.77914428710938
v 128.18132019042969 8 -345.77914428710938
v 128.18132019042969 8 -346.4249267578125
v 127.91713714599609 8 -346.4249267578125
v 127.91713714599609 8 -346.5423583984375
v 128.18132019042969 8 -346.5423583984375
v 128.18132019042969 8 -347.18814086914062
v 127.91713714599609 8 -347.18814086914062
v 127.91713714599609 8 -347.8045654296875
v 128.03456115722656 8 -347.8045654296875
v 128.03456115722656 8 -347.3055419921875
v 128.85647583007812 8 -347.3055419921875
v 128.85647583007812 8 -348.3623046875
v 127.91713714599609 8 -348.3623046875
v 127.91713714599609 8 -348.94940185546875
v 128.03456115722656 8 -348.94940185546875
v 128.03456115722656 8 -348.479736328125
v 128.85647583007812 8 -348.479736328125
v 128.85647583007812 8 -348.94940185546875
v 129.09130859375 8 -348.94940185546875
v 129.09130859375 8 -348.83197021484375
v 128.94453430175781 8 -348.83197021484375
v 128.94453430175781 8 -347.18814086914062
v 128.29873657226562 8 -347.18814086914062
v 128.29873657226562 8 -345.77914428710938
v 130.12826538085938 8 -345.778076171875
v 130.12826538085938 8 -347.18814086914062
v 130.04019165039062 8 -347.18814086914062
v 130.04019165039062 8 -351.56192016601562
v 130.12826538085938 8 -351.56192016601562
v 130.12644958496094 8 -352.47967529296875
v 126.03730773925781 8 -352.47967529296875
v 126.03846740722656 8 -346.3662109375
v 126.71361541748047 8 -346.3662109375
v 126.71361541748047 8 -346.89459228515625
v 126.83103179931641 8 -346.89459228515625
v 126.83103179931641 8 -346.27816772460938
v 126.03846740722656 8 -346.27816772460938
v 126.03846740722656 8 -345.74978637695312
v 126.80168151855469 8 -345.74978637695312
v 126.80168151855469 8 -345.63235473632812
v 126.03846740722656 8 -345.63235473632812
v 126.03846740722656 8 -344.63430786132812
v 126.80168151855469 8 -344.63430786132812
v 126.80168151855469 8 -344.5462646484375
v 126.03846740722656 8 -344.5462646484375
v 126.03846740722656 8 -343.489501953125
v 127.21263885498047 8 -343.489501953125
v 127.21263885498047 8 -343.37210083007812
v 126.03846740722656 8 -343.37210083007812
v 126.03846740722656 8 -341.93374633789062
v 127.21263885498047 8 -341.93374633789062
v 127.21263885498047 8 -341.31729125976562
v 127.09522247314453 8 -341.31729125976562
v 127.09522247314453 8 -341.78695678710938
v 126.88973999023438 8 -341.78695678710938
v 126.88973999023438 8 -341.31729125976562
v 126.80168151855469 8 -341.31729125976562
v 126.80168151855469 8 -341.78695678710938
v 126.03846740722656 8 -341.78695678710938
v 126.09712982177734 8 -348.50726318359375
v 126.09712982177734 8 -351.59075927734375
v 127.04393005371094 8 -351.59075927734375
v 127.04393005371094 8 -348.50726318359375
v 128.03456115722656 8 -338.7435302734375
v 128.03456115722656 8 -343.489501953125
v 128.12261962890625 8 -343.489501953125
v 128.12261962890625 8 -338.7435302734375
v 128.03456115722656 8 -336.94351196289062
v 128.12261962890625 8 -336.94351196289062
v 128.12261962890625 8 -335.1822509765625
v 128.03456115722656 8 -335.1822509765625
f 5265 5267 5179
f 5265 5266 5267
f 5265 5179 5264
f 5252 5253 5254
f 5249 5250 5251 5248
f 5255 5251 5252
f 5257 5258 5259 5256
f 5261 5262 5263 5264
f 5276 5261 5264
f 5276 5260 5261
f 5260 5276 5272
f 5276 5264 5179
f 5276 5179 5279
f 5273 5260 5272
f 5255 5248 5251
f 5273 5256 5259
f 5244 5248 5255
f 5256 5273 5255
f 5273 5259 5260
f 5255 5252 5254
f 5273 5207 5255
f 5274 5207 5273
f 5279 5179 5278
f 5246 5247 5245
f 5212 5271 5244
f 5244 5245 5247
f 5242 5240 5241
f 5269 5239 5268
f 5240 5268 5239
f 5269 5270 5239
f 5271 5242 5243
f 5244 5271 5243
f 5268 5242 5271
f 5242 5268 5240
f 5244 5247 5248
f 5208 5211 5244
f 5211 5208 5209 5210
f 5211 5212 5244
f 5215 5212 5213 5214
f 5215 5216 5271
f 5212 5215 5271
f 5271 5221 5222
f 5221 5271 5216
f 5217 5221 5216
f 5270 5271 5222
f 5219 5217 5218
f 5270 5222 5223
f 5220 5221 5217
f 5226 5270 5223
f 5208 5244 5255
f 5207 5208 5255
f 5238 5239 5270
f 5276 5275 5272
f 5277 5181 5190
f 5191 5275 5277
f 5276 5277 5275
f 5277 5190 5191
f 5190 5181 5187
f 5189 5190 5187 5188
f 5181 5277 5278
f 5274 5275 5191
f 5195 5274 5192
f 5191 5192 5274
f 5196 5274 5195
f 5196 5202 5203
f 5274 5196 5203
f 5203 5204 5274
f 5183 5186 5187
f 5186 5183 5184
f 5181 5183 5187
f 5183 5181 5182
f 5278 5180 5181
f 5186 5184 5185
f 5202 5196 5197
f 5194 5195 5192 5193
f 5198 5202 5197
f 5180 5278 5179
f 5199 5200 5198
f 5206 5207 5204 5205
f 5219 5220 5217
f 5231 5232 5230
f 5228 5229 5230
f 5225 5226 5223 5224
f 5270 5226 5238
f 5202 5198 5201
f 5198 5200 5201
f 5230 5233 5235
f 5232 5233 5230
f 5227 5228 5235
f 5235 5228 5230
f 5236 5227 5235
f 5236 5237 5238
f 5227 5236 5238
f 5234 5235 5233
f 5226 5227 5238
f 5207 5274 5204
g object_59
v 168.26370239257812 8 -333.37527465820312
v 172.35350036621094 8 -333.37527465820312
v 172.35350036621094 8 -335.38449096679688
v 172.35350036621094 8 -339.28860473632812
v 172.26544189453125 8 -339.28860473632812
v 172.26544189453125 8 -341.78372192382812
v 171.58073425292969 8 -341.78372192382812
v 171.58073425292969 8 -341.31405639648438
v 171.49267578125 8 -341.31405639648438
v 171.49267578125 8 -341.78372192382812
v 171.25782775878906 8 -341.78372192382812
v 171.25782775878906 8 -341.31405639648438
v 171.16976928710938 8 -341.31405639648438
v 171.16976928710938 8 -341.93048095703125
v 172.26544189453125 8 -341.93048095703125
v 172.26544189453125 8 -343.36883544921875
v 171.19912719726562 8 -343.36883544921875
v 171.19912719726562 8 -343.48626708984375
v 172.26544189453125 8 -343.48626708984375
v 172.26544189453125 8 -343.66238403320312
v 172.35350036621094 8 -343.66238403320312
v 172.35350036621094 8 -344.89315795898438
v 171.28884887695312 8 -344.89315795898438
v 171.28884887695312 8 -344.009765625
v 171.20077514648438 8 -344.009765625
v 171.20077514648438 8 -344.98123168945312
v 172.35350036621094 8 -344.98123168945312
v 172.35350036621094 8 -345.65847778320312
v 170.14237976074219 8 -345.65847778320312
v 170.14237976074219 8 -345.77587890625
v 170.40657043457031 8 -345.77587890625
v 170.40657043457031 8 -346.42169189453125
v 170.14237976074219 8 -346.42169189453125
v 170.14237976074219 8 -346.53909301757812
v 170.40657043457031 8 -346.53909301757812
v 170.40657043457031 8 -347.18490600585938
v 170.14237976074219 8 -347.18490600585938
v 170.14237976074219 8 -347.80133056640625
v 170.25979614257812 8 -347.80133056640625
v 170.25979614257812 8 -347.30230712890625
v 171.08171081542969 8 -347.30230712890625
v 171.08171081542969 8 -348.35906982421875
v 170.14237976074219 8 -348.35906982421875
v 170.14237976074219 8 -348.94613647460938
v 170.25979614257812 8 -348.94613647460938
v 170.25979614257812 8 -348.47647094726562
v 171.08171081542969 8 -348.47647094726562
v 171.08171081542969 8 -348.94613647460938
v 171.31654357910156 8 -348.94613647460938
v 171.31654357910156 8 -348.8287353515625
v 171.16976928710938 8 -348.8287353515625
v 171.16976928710938 8 -347.18490600585938
v 170.52398681640625 8 -347.18490600585938
v 170.52398681640625 8 -345.77587890625
v 172.35350036621094 8 -345.77484130859375
v 172.35350036621094 8 -347.18490600585938
v 172.26544189453125 8 -347.18490600585938
v 172.26544189453125 8 -351.55868530273438
v 172.35350036621094 8 -351.55868530273438
v 172.35169982910156 8 -352.4764404296875
v 168.26254272460938 8 -352.4764404296875
v 168.26370239257812 8 -346.36297607421875
v 168.93885803222656 8 -346.36297607421875
v 168.93885803222656 8 -346.891357421875
v 169.0562744140625 8 -346.891357421875
v 169.0562744140625 8 -346.27490234375
v 168.26370239257812 8 -346.27490234375
v 168.26370239257812 8 -345.74655151367188
v 169.02691650390625 8 -345.74655151367188
v 169.02691650390625 8 -345.62911987304688
v 168.26370239257812 8 -345.62911987304688
v 168.26370239257812 8 -344.63107299804688
v 169.02691650390625 8 -344.63107299804688
v 169.02691650390625 8 -344.54302978515625
v 168.26370239257812 8 -344.54302978515625
v 168.26370239257812 8 -343.48626708984375
v 169.43788146972656 8 -343.48626708984375
v 169.43788146972656 8 -343.36883544921875
v 168.26370239257812 8 -343.36883544921875
v 168.26370239257812 8 -341.93048095703125
v 169.43788146972656 8 -341.93048095703125
v 169.43788146972656 8 -341.31405639648438
v 169.32046508789062 8 -341.31405639648438
v 169.32046508789062 8 -341.78372192382812
v 169.11497497558594 8 -341.78372192382812
v 169.11497497558594 8 -341.31405639648438
v 169.02691650390625 8 -341.31405639648438
v 169.02691650390625 8 -341.78372192382812
v 168.26370239257812 8 -341.78372192382812
v 170.25979614257812 8 -336.94027709960938
v 170.34785461425781 8 -336.94027709960938
v 170.34785461425781 8 -335.17901611328125
v 170.25979614257812 8 -335.17901611328125
v 170.25979614257812 8 -338.74026489257812
v 170.25979614257812 8 -343.48626708984375
v 170.34785461425781 8 -343.48626708984375
v 170.34785461425781 8 -338.74026489257812
v 168.32905578613281 8 -348.5040283203125
v 168.32905578613281 8 -351.58749389648438
v 169.27584838867188 8 -351.58749389648438
v 169.27584838867188 8 -348.5040283203125
f 5366 5368 5280
f 5366 5367 5368
f 5366 5280 5365
f 5353 5354 5355
f 5350 5351 5352 5349
f 5356 5352 5353
f 5358 5359 5360 5357
f 5362 5363 5364 5365
f 5369 5362 5365
f 5369 5361 5362
f 5361 5369 5373
f 5369 5365 5280
f 5369 5280 5372
f 5374 5361 5373
f 5356 5349 5352
f 5374 5357 5360
f 5345 5349 5356
f 5357 5374 5356
f 5374 5360 5361
f 5356 5353 5355
f 5374 5308 5356
f 5375 5308 5374
f 5372 5280 5371
f 5347 5348 5346
f 5312 5380 5345
f 5345 5346 5348
f 5343 5341 5342
f 5378 5340 5377
f 5341 5377 5340
f 5378 5379 5340
f 5380 5343 5344
f 5345 5380 5344
f 5377 5343 5380
f 5343 5377 5341
f 5345 5348 5349
f 5309 5312 5345
f 5312 5309 5310 5311
f 5312 5313 5380
f 5316 5313 5314 5315
f 5316 5317 5380
f 5313 5316 5380
f 5380 5322 5323
f 5322 5380 5317
f 5318 5322 5317
f 5379 5380 5323
f 5320 5318 5319
f 5379 5323 5324
f 5321 5322 5318
f 5327 5379 5324
f 5309 5345 5356
f 5308 5309 5356
f 5339 5340 5379
f 5369 5376 5373
f 5370 5282 5291
f 5292 5376 5370
f 5369 5370 5376
f 5370 5291 5292
f 5291 5282 5288
f 5290 5291 5288 5289
f 5282 5370 5371
f 5375 5376 5292
f 5296 5375 5293
f 5292 5293 5375
f 5297 5375 5296
f 5297 5303 5304
f 5375 5297 5304
f 5304 5305 5375
f 5284 5287 5288
f 5287 5284 5285
f 5282 5284 5288
f 5284 5282 5283
f 5371 5281 5282
f 5287 5285 5286
f 5303 5297 5298
f 5295 5296 5293 5294
f 5299 5303 5298
f 5281 5371 5280
f 5300 5301 5299
f 5307 5308 5305 5306
f 5320 5321 5318
f 5332 5333 5331
f 5329 5330 5331
f 5326 5327 5324 5325
f 5379 5327 5339
f 5303 5299 5302
f 5299 5301 5302
f 5331 5334 5336
f 5333 5334 5331
f 5328 5329 5336
f 5336 5329 5331
f 5337 5328 5336
f 5337 5338 5339
f 5328 5337 5339
f 5335 5336 5334
f 5327 5328 5339
f 5308 5375 5305
g object_60
v 164.02182006835938 8 -352.4764404296875
v 164.02363586425781 8 -351.55868530273438
v 164.1116943359375 8 -351.55868530273438
v 164.1116943359375 8 -347.18490600585938
v 164.02363586425781 8 -347.18490600585938
v 164.02363586425781 8 -345.77484130859375
v 165.8531494140625 8 -345.77587890625
v 165.8531494140625 8 -347.18490600585938
v 165.20735168457031 8 -347.18490600585938
v 165.20735168457031 8 -348.8287353515625
v 165.06057739257812 8 -348.8287353515625
v 165.06057739257812 8 -348.94613647460938
v 165.29541015625 8 -348.94613647460938
v 165.29541015625 8 -348.47647094726562
v 166.11734008789062 8 -348.47647094726562
v 166.11734008789062 8 -348.94613647460938
v 166.23475646972656 8 -348.94613647460938
v 166.23475646972656 8 -348.35906982421875
v 165.29541015625 8 -348.35906982421875
v 165.29541015625 8 -347.30230712890625
v 166.11734008789062 8 -347.30230712890625
v 166.11734008789062 8 -347.80133056640625
v 166.23475646972656 8 -347.80133056640625
v 166.23475646972656 8 -347.18490600585938
v 165.97056579589844 8 -347.18490600585938
v 165.97056579589844 8 -346.53909301757812
v 166.23475646972656 8 -346.53909301757812
v 166.23475646972656 8 -346.42169189453125
v 165.97056579589844 8 -346.42169189453125
v 165.97056579589844 8 -345.77587890625
v 166.23475646972656 8 -345.77587890625
v 166.23475646972656 8 -345.65847778320312
v 164.02363586425781 8 -345.65847778320312
v 164.02363586425781 8 -344.98123168945312
v 165.17634582519531 8 -344.98123168945312
v 165.17634582519531 8 -344.009765625
v 165.08828735351562 8 -344.009765625
v 165.08828735351562 8 -344.89315795898438
v 164.02363586425781 8 -344.89315795898438
v 164.02363586425781 8 -343.66238403320312
v 164.1116943359375 8 -343.66238403320312
v 164.1116943359375 8 -343.48626708984375
v 165.17799377441406 8 -343.48626708984375
v 165.17799377441406 8 -343.36883544921875
v 164.1116943359375 8 -343.36883544921875
v 164.1116943359375 8 -341.93048095703125
v 165.20735168457031 8 -341.93048095703125
v 165.20735168457031 8 -341.31405639648438
v 165.11929321289062 8 -341.31405639648438
v 165.11929321289062 8 -341.78372192382812
v 164.88446044921875 8 -341.78372192382812
v 164.88446044921875 8 -341.31405639648438
v 164.79640197753906 8 -341.31405639648438
v 164.79640197753906 8 -341.78372192382812
v 164.1116943359375 8 -341.78372192382812
v 164.1116943359375 8 -339.28860473632812
v 164.02363586425781 8 -339.28860473632812
v 164.02363586425781 8 -333.37527465820312
v 168.15168762207031 8 -333.37527465820312
v 168.15301513671875 8 -341.78372192382812
v 167.41915893554688 8 -341.78372192382812
v 167.41915893554688 8 -341.31405639648438
v 167.30174255371094 8 -341.31405639648438
v 167.30174255371094 8 -341.78372192382812
v 167.09626770019531 8 -341.78372192382812
v 167.09626770019531 8 -341.31405639648438
v 166.94949340820312 8 -341.31405639648438
v 166.94949340820312 8 -341.93048095703125
v 168.15301513671875 8 -341.93048095703125
v 168.15301513671875 8 -343.36883544921875
v 166.94949340820312 8 -343.36883544921875
v 166.94949340820312 8 -343.48626708984375
v 168.15301513671875 8 -343.48626708984375
v 168.15301513671875 8 -344.54302978515625
v 167.36045837402344 8 -344.54302978515625
v 167.36045837402344 8 -344.63107299804688
v 168.15301513671875 8 -344.63107299804688
v 168.15301513671875 8 -345.62911987304688
v 167.36045837402344 8 -345.62911987304688
v 167.36045837402344 8 -345.74655151367188
v 168.15301513671875 8 -345.74655151367188
v 168.15301513671875 8 -346.27490234375
v 167.36045837402344 8 -346.27490234375
v 167.36045837402344 8 -346.891357421875
v 167.47787475585938 8 -346.891357421875
v 167.47787475585938 8 -346.36297607421875
v 168.15301513671875 8 -346.36297607421875
v 168.15054321289062 8 -352.4764404296875
v 166.03887939453125 8 -338.74026489257812
v 166.03887939453125 8 -343.48626708984375
v 166.12693786621094 8 -343.48626708984375
v 166.12693786621094 8 -338.74026489257812
v 166.03887939453125 8 -336.94027709960938
v 166.12693786621094 8 -336.94027709960938
v 166.12693786621094 8 -335.17901611328125
v 166.03887939453125 8 -335.17901611328125
v 168.10623168945312 8 -348.5040283203125
v 167.15943908691406 8 -348.5040283203125
v 167.15943908691406 8 -351.58749389648438
v 168.10623168945312 8 -351.58749389648438
f 5436 5437 5438
f 5432 5433 5436
f 5434 5435 5433
f 5436 5433 5435
f 5424 5425 5426 5427
f 5417 5421 5422
f 5421 5419 5420
f 5438 5476 5436
f 5432 5429 5430 5431
f 5473 5429 5432
f 5473 5428 5429
f 5436 5473 5432
f 5469 5473 5474 5472
f 5428 5473 5469
f 5473 5436 5476
f 5470 5428 5469
f 5423 5416 5417
f 5470 5424 5427
f 5416 5423 5470
f 5424 5470 5423
f 5470 5427 5428
f 5422 5423 5417
f 5470 5412 5415
f 5476 5438 5475
f 5417 5418 5421
f 5419 5421 5418
f 5384 5385 5386
f 5413 5414 5415
f 5415 5412 5413
f 5383 5381 5382
f 5392 5381 5383
f 5392 5384 5391
f 5384 5389 5391
f 5383 5384 5392
f 5393 5381 5392
f 5389 5384 5386
f 5386 5387 5389
f 5416 5470 5415
f 5389 5387 5388
f 5408 5409 5410 5411
f 5389 5390 5391
f 5394 5395 5396 5393
f 5381 5393 5479
f 5399 5400 5402
f 5405 5406 5407 5404
f 5439 5443 5474
f 5447 5472 5474
f 5474 5446 5447
f 5474 5443 5446
f 5446 5443 5444 5445
f 5439 5474 5475
f 5471 5472 5447
f 5451 5471 5448
f 5447 5448 5471
f 5452 5471 5451
f 5451 5448 5449 5450
f 5452 5412 5471
f 5471 5412 5470
f 5440 5441 5442
f 5443 5439 5442
f 5439 5440 5442
f 5452 5455 5456
f 5456 5457 5458 5459
f 5452 5456 5459
f 5455 5453 5454
f 5455 5452 5453
f 5439 5475 5438
f 5459 5460 5452
f 5407 5408 5463
f 5411 5463 5408
f 5478 5404 5407
f 5412 5452 5411
f 5402 5398 5399
f 5402 5403 5398
f 5478 5398 5403
f 5478 5397 5398
f 5479 5396 5397
f 5403 5404 5478
f 5402 5400 5401
f 5463 5460 5462
f 5407 5463 5478
f 5411 5452 5460
f 5465 5466 5467
f 5463 5464 5478
f 5464 5465 5478
f 5397 5478 5479
f 5467 5477 5465
f 5480 5468 5479
f 5477 5468 5480
f 5468 5477 5467
f 5477 5478 5465
f 5381 5479 5468
f 5460 5463 5411
f 5462 5460 5461
f 5393 5396 5479
g object_61
v 151.33966064453125 8 -333.37527465820312
v 155.42945861816406 8 -333.37527465820312
v 155.42945861816406 8 -335.38449096679688
v 155.42945861816406 8 -339.28860473632812
v 155.34138488769531 8 -339.28860473632812
v 155.34138488769531 8 -341.78372192382812
v 154.65669250488281 8 -341.78372192382812
v 154.65669250488281 8 -341.31405639648438
v 154.56861877441406 8 -341.31405639648438
v 154.56861877441406 8 -341.78372192382812
v 154.33378601074219 8 -341.78372192382812
v 154.33378601074219 8 -341.31405639648438
v 154.2457275390625 8 -341.31405639648438
v 154.2457275390625 8 -341.93048095703125
v 155.34138488769531 8 -341.93048095703125
v 155.34138488769531 8 -343.36883544921875
v 154.27508544921875 8 -343.36883544921875
v 154.27508544921875 8 -343.48626708984375
v 155.34138488769531 8 -343.48626708984375
v 155.34138488769531 8 -343.66238403320312
v 155.42945861816406 8 -343.66238403320312
v 155.42945861816406 8 -344.89315795898438
v 154.36480712890625 8 -344.89315795898438
v 154.36480712890625 8 -344.009765625
v 154.2767333984375 8 -344.009765625
v 154.2767333984375 8 -344.98123168945312
v 155.42945861816406 8 -344.98123168945312
v 155.42945861816406 8 -345.65847778320312
v 153.21833801269531 8 -345.65847778320312
v 153.21833801269531 8 -345.77587890625
v 153.48251342773438 8 -345.77587890625
v 153.48251342773438 8 -346.42169189453125
v 153.21833801269531 8 -346.42169189453125
v 153.21833801269531 8 -346.53909301757812
v 153.48251342773438 8 -346.53909301757812
v 153.48251342773438 8 -347.18490600585938
v 153.21833801269531 8 -347.18490600585938
v 153.21833801269531 8 -347.80133056640625
v 153.33575439453125 8 -347.80133056640625
v 153.33575439453125 8 -347.30230712890625
v 154.15766906738281 8 -347.30230712890625
v 154.15766906738281 8 -348.35906982421875
v 153.21833801269531 8 -348.35906982421875
v 153.21833801269531 8 -348.94613647460938
v 153.33575439453125 8 -348.94613647460938
v 153.33575439453125 8 -348.47647094726562
v 154.15766906738281 8 -348.47647094726562
v 154.15766906738281 8 -348.94613647460938
v 154.39250183105469 8 -348.94613647460938
v 154.39250183105469 8 -348.8287353515625
v 154.2457275390625 8 -348.8287353515625
v 154.2457275390625 8 -347.18490600585938
v 153.59992980957031 8 -347.18490600585938
v 153.59992980957031 8 -345.77587890625
v 155.42945861816406 8 -345.77484130859375
v 155.42945861816406 8 -347.18490600585938
v 155.34138488769531 8 -347.18490600585938
v 155.34138488769531 8 -351.55868530273438
v 155.42945861816406 8 -351.55868530273438
v 155.42764282226562 8 -352.4764404296875
v 151.3385009765625 8 -352.4764404296875
v 151.33966064453125 8 -346.36297607421875
v 152.01480102539062 8 -346.36297607421875
v 152.01480102539062 8 -346.891357421875
v 152.13221740722656 8 -346.891357421875
v 152.13221740722656 8 -346.27490234375
v 151.33966064453125 8 -346.27490234375
v 151.33966064453125 8 -345.74655151367188
v 152.10287475585938 8 -345.74655151367188
v 152.10287475585938 8 -345.62911987304688
v 151.33966064453125 8 -345.62911987304688
v 151.33966064453125 8 -344.63107299804688
v 152.10287475585938 8 -344.63107299804688
v 152.10287475585938 8 -344.54302978515625
v 151.33966064453125 8 -344.54302978515625
v 151.33966064453125 8 -343.48626708984375
v 152.51382446289062 8 -343.48626708984375
v 152.51382446289062 8 -343.36883544921875
v 151.33966064453125 8 -343.36883544921875
v 151.33966064453125 8 -341.93048095703125
v 152.51382446289062 8 -341.93048095703125
v 152.51382446289062 8 -341.31405639648438
v 152.39640808105469 8 -341.31405639648438
v 152.39640808105469 8 -341.78372192382812
v 152.19093322753906 8 -341.78372192382812
v 152.19093322753906 8 -341.31405639648438
v 152.10287475585938 8 -341.31405639648438
v 152.10287475585938 8 -341.78372192382812
v 151.33966064453125 8 -341.78372192382812
v 153.33575439453125 8 -336.94027709960938
v 153.42381286621094 8 -336.94027709960938
v 153.42381286621094 8 -335.17901611328125
v 153.33575439453125 8 -335.17901611328125
v 153.33575439453125 8 -338.74026489257812
v 153.33575439453125 8 -343.48626708984375
v 153.42381286621094 8 -343.48626708984375
v 153.42381286621094 8 -338.74026489257812
v 151.41168212890625 8 -348.5040283203125
v 151.41168212890625 8 -351.58749389648438
v 152.35848999023438 8 -351.58749389648438
v 152.35848999023438 8 -348.5040283203125
f 5567 5569 5481
f 5567 5568 5569
f 5567 5481 5566
f 5554 5555 5556
f 5551 5552 5553 5550
f 5557 5553 5554
f 5559 5560 5561 5558
f 5563 5564 5565 5566
f 5570 5563 5566
f 5570 5562 5563
f 5562 5570 5574
f 5570 5566 5481
f 5570 5481 5573
f 5575 5562 5574
f 5557 5550 5553
f 5575 5558 5561
f 5546 5550 5557
f 5558 5575 5557
f 5575 5561 5562
f 5557 5554 5556
f 5575 5509 5557
f 5576 5509 5575
f 5573 5481 5572
f 5548 5549 5547
f 5513 5581 5546
f 5546 5547 5549
f 5544 5542 5543
f 5579 5541 5578
f 5542 5578 5541
f 5579 5580 5541
f 5581 5544 5545
f 5546 5581 5545
f 5578 5544 5581
f 5544 5578 5542
f 5546 5549 5550
f 5510 5513 5546
f 5513 5510 5511 5512
f 5513 5514 5581
f 5517 5514 5515 5516
f 5517 5518 5581
f 5514 5517 5581
f 5581 5523 5524
f 5523 5581 5518
f 5519 5523 5518
f 5580 5581 5524
f 5521 5519 5520
f 5580 5524 5525
f 5522 5523 5519
f 5528 5580 5525
f 5510 5546 5557
f 5509 5510 5557
f 5540 5541 5580
f 5570 5577 5574
f 5571 5483 5492
f 5493 5577 5571
f 5570 5571 5577
f 5571 5492 5493
f 5492 5483 5489
f 5491 5492 5489 5490
f 5483 5571 5572
f 5576 5577 5493
f 5497 5576 5494
f 5493 5494 5576
f 5498 5576 5497
f 5498 5504 5505
f 5576 5498 5505
f 5505 5506 5576
f 5485 5488 5489
f 5488 5485 5486
f 5483 5485 5489
f 5485 5483 5484
f 5572 5482 5483
f 5488 5486 5487
f 5504 5498 5499
f 5496 5497 5494 5495
f 5500 5504 5499
f 5482 5572 5481
f 5501 5502 5500
f 5508 5509 5506 5507
f 5521 5522 5519
f 5533 5534 5532
f 5530 5531 5532
f 5527 5528 5525 5526
f 5580 5528 5540
f 5504 5500 5503
f 5500 5502 5503
f 5532 5535 5537
f 5534 5535 5532
f 5529 5530 5537
f 5537 5530 5532
f 5538 5529 5537
f 5538 5539 5540
f 5529 5538 5540
f 5536 5537 5535
f 5528 5529 5540
f 5509 5576 5506
g object_62
v 147.0977783203125 8 -352.4764404296875
v 147.09957885742188 8 -351.55868530273438
v 147.18765258789062 8 -351.55868530273438
v 147.18765258789062 8 -347.18490600585938
v 147.09957885742188 8 -347.18490600585938
v 147.09957885742188 8 -345.77484130859375
v 148.92910766601562 8 -345.77587890625
v 148.92910766601562 8 -347.18490600585938
v 148.28330993652344 8 -347.18490600585938
v 148.28330993652344 8 -348.8287353515625
v 148.13653564453125 8 -348.8287353515625
v 148.13653564453125 8 -348.94613647460938
v 148.37136840820312 8 -348.94613647460938
v 148.37136840820312 8 -348.47647094726562
v 149.19329833984375 8 -348.47647094726562
v 149.19329833984375 8 -348.94613647460938
v 149.31071472167969 8 -348.94613647460938
v 149.31071472167969 8 -348.35906982421875
v 148.37136840820312 8 -348.35906982421875
v 148.37136840820312 8 -347.30230712890625
v 149.19329833984375 8 -347.30230712890625
v 149.19329833984375 8 -347.80133056640625
v 149.31071472167969 8 -347.80133056640625
v 149.31071472167969 8 -347.18490600585938
v 149.04652404785156 8 -347.18490600585938
v 149.04652404785156 8 -346.53909301757812
v 149.31071472167969 8 -346.53909301757812
v 149.31071472167969 8 -346.42169189453125
v 149.04652404785156 8 -346.42169189453125
v 149.04652404785156 8 -345.77587890625
v 149.31071472167969 8 -345.77587890625
v 149.31071472167969 8 -345.65847778320312
v 147.09957885742188 8 -345.65847778320312
v 147.09957885742188 8 -344.98123168945312
v 148.25230407714844 8 -344.98123168945312
v 148.25230407714844 8 -344.009765625
v 148.16424560546875 8 -344.009765625
v 148.16424560546875 8 -344.89315795898438
v 147.09957885742188 8 -344.89315795898438
v 147.09957885742188 8 -343.66238403320312
v 147.18765258789062 8 -343.66238403320312
v 147.18765258789062 8 -343.48626708984375
v 148.25395202636719 8 -343.48626708984375
v 148.25395202636719 8 -343.36883544921875
v 147.18765258789062 8 -343.36883544921875
v 147.18765258789062 8 -341.93048095703125
v 148.28330993652344 8 -341.93048095703125
v 148.28330993652344 8 -341.31405639648438
v 148.19525146484375 8 -341.31405639648438
v 148.19525146484375 8 -341.78372192382812
v 147.96041870117188 8 -341.78372192382812
v 147.96041870117188 8 -341.31405639648438
v 147.87234497070312 8 -341.31405639648438
v 147.87234497070312 8 -341.78372192382812
v 147.18765258789062 8 -341.78372192382812
v 147.18765258789062 8 -339.28860473632812
v 147.09957885742188 8 -339.28860473632812
v 147.09957885742188 8 -333.37527465820312
v 151.22764587402344 8 -333.37527465820312
v 151.22897338867188 8 -341.78372192382812
v 150.4951171875 8 -341.78372192382812
v 150.4951171875 8 -341.31405639648438
v 150.37770080566406 8 -341.31405639648438
v 150.37770080566406 8 -341.78372192382812
v 150.17222595214844 8 -341.78372192382812
v 150.17222595214844 8 -341.31405639648438
v 150.02545166015625 8 -341.31405639648438
v 150.02545166015625 8 -341.93048095703125
v 151.22897338867188 8 -341.93048095703125
v 151.22897338867188 8 -343.36883544921875
v 150.02545166015625 8 -343.36883544921875
v 150.02545166015625 8 -343.48626708984375
v 151.22897338867188 8 -343.48626708984375
v 151.22897338867188 8 -344.54302978515625
v 150.43641662597656 8 -344.54302978515625
v 150.43641662597656 8 -344.63107299804688
v 151.22897338867188 8 -344.63107299804688
v 151.22897338867188 8 -345.62911987304688
v 150.43641662597656 8 -345.62911987304688
v 150.43641662597656 8 -345.74655151367188
v 151.22897338867188 8 -345.74655151367188
v 151.22897338867188 8 -346.27490234375
v 150.43641662597656 8 -346.27490234375
v 150.43641662597656 8 -346.891357421875
v 150.5538330078125 8 -346.891357421875
v 150.5538330078125 8 -346.36297607421875
v 151.22897338867188 8 -346.36297607421875
v 151.22650146484375 8 -352.4764404296875
v 149.11482238769531 8 -336.94027709960938
v 149.20289611816406 8 -336.94027709960938
v 149.20289611816406 8 -335.17901611328125
v 149.11482238769531 8 -335.17901611328125
v 149.11482238769531 8 -338.74026489257812
v 149.11482238769531 8 -343.48626708984375
v 149.20289611816406 8 -343.48626708984375
v 149.20289611816406 8 -338.74026489257812
v 151.18887329101562 8 -348.5040283203125
v 150.24208068847656 8 -348.5040283203125
v 150.24208068847656 8 -351.58749389648438
v 151.18887329101562 8 -351.58749389648438
f 5637 5638 5639
f 5633 5634 5637
f 5635 5636 5634
f 5637 5634 5636
f 5625 5626 5627 5628
f 5618 5622 5623
f 5622 5620 5621
f 5639 5673 5637
f 5633 5630 5631 5632
f 5670 5630 5633
f 5670 5629 5630
f 5637 5670 5633
f 5674 5670 5671 5677
f 5629 5670 5674
f 5670 5637 5673
f 5675 5629 5674
f 5624 5617 5618
f 5675 5625 5628
f 5617 5624 5675
f 5625 5675 5624
f 5675 5628 5629
f 5623 5624 5618
f 5675 5613 5616
f 5673 5639 5672
f 5618 5619 5622
f 5620 5622 5619
f 5585 5586 5587
f 5614 5615 5616
f 5616 5613 5614
f 5584 5582 5583
f 5593 5582 5584
f 5593 5585 5592
f 5585 5590 5592
f 5584 5585 5593
f 5594 5582 5593
f 5590 5585 5587
f 5587 5588 5590
f 5617 5675 5616
f 5590 5588 5589
f 5609 5610 5611 5612
f 5590 5591 5592
f 5595 5596 5597 5594
f 5582 5594 5680
f 5600 5601 5603
f 5606 5607 5608 5605
f 5640 5644 5671
f 5648 5677 5671
f 5671 5647 5648
f 5671 5644 5647
f 5647 5644 5645 5646
f 5640 5671 5672
f 5676 5677 5648
f 5652 5676 5649
f 5648 5649 5676
f 5653 5676 5652
f 5652 5649 5650 5651
f 5653 5613 5676
f 5676 5613 5675
f 5641 5642 5643
f 5644 5640 5643
f 5640 5641 5643
f 5653 5656 5657
f 5657 5658 5659 5660
f 5653 5657 5660
f 5656 5654 5655
f 5656 5653 5654
f 5640 5672 5639
f 5660 5661 5653
f 5608 5609 5664
f 5612 5664 5609
f 5679 5605 5608
f 5613 5653 5612
f 5603 5599 5600
f 5603 5604 5599
f 5679 5599 5604
f 5679 5598 5599
f 5680 5597 5598
f 5604 5605 5679
f 5603 5601 5602
f 5664 5661 5663
f 5608 5664 5679
f 5612 5653 5661
f 5666 5667 5668
f 5664 5665 5679
f 5665 5666 5679
f 5598 5679 5680
f 5668 5678 5666
f 5681 5669 5680
f 5678 5669 5681
f 5669 5678 5668
f 5678 5679 5666
f 5582 5680 5669
f 5661 5664 5612
f 5663 5661 5662
f 5594 5597 5680
g object_63
v 159.80168151855469 8 -333.37527465820312
v 163.8914794921875 8 -333.37527465820312
v 163.8914794921875 8 -335.38449096679688
v 163.8914794921875 8 -339.28860473632812
v 163.80340576171875 8 -339.28860473632812
v 163.80340576171875 8 -341.78372192382812
v 163.11871337890625 8 -341.78372192382812
v 163.11871337890625 8 -341.31405639648438
v 163.0306396484375 8 -341.31405639648438
v 163.0306396484375 8 -341.78372192382812
v 162.79580688476562 8 -341.78372192382812
v 162.79580688476562 8 -341.31405639648438
v 162.70774841308594 8 -341.31405639648438
v 162.70774841308594 8 -341.93048095703125
v 163.80340576171875 8 -341.93048095703125
v 163.80340576171875 8 -343.36883544921875
v 162.73710632324219 8 -343.36883544921875
v 162.73710632324219 8 -343.48626708984375
v 163.80340576171875 8 -343.48626708984375
v 163.80340576171875 8 -343.66238403320312
v 163.8914794921875 8 -343.66238403320312
v 163.8914794921875 8 -344.89315795898438
v 162.82682800292969 8 -344.89315795898438
v 162.82682800292969 8 -344.009765625
v 162.73875427246094 8 -344.009765625
v 162.73875427246094 8 -344.98123168945312
v 163.8914794921875 8 -344.98123168945312
v 163.8914794921875 8 -345.65847778320312
v 161.68035888671875 8 -345.65847778320312
v 161.68035888671875 8 -345.77587890625
v 161.94453430175781 8 -345.77587890625
v 161.94453430175781 8 -346.42169189453125
v 161.68035888671875 8 -346.42169189453125
v 161.68035888671875 8 -346.53909301757812
v 161.94453430175781 8 -346.53909301757812
v 161.94453430175781 8 -347.18490600585938
v 161.68035888671875 8 -347.18490600585938
v 161.68035888671875 8 -347.80133056640625
v 161.79777526855469 8 -347.80133056640625
v 161.79777526855469 8 -347.30230712890625
v 162.61968994140625 8 -347.30230712890625
v 162.61968994140625 8 -348.35906982421875
v 161.68035888671875 8 -348.35906982421875
v 161.68035888671875 8 -348.94613647460938
v 161.79777526855469 8 -348.94613647460938
v 161.79777526855469 8 -348.47647094726562
v 162.61968994140625 8 -348.47647094726562
v 162.61968994140625 8 -348.94613647460938
v 162.85452270507812 8 -348.94613647460938
v 162.85452270507812 8 -348.8287353515625
v 162.70774841308594 8 -348.8287353515625
v 162.70774841308594 8 -347.18490600585938
v 162.06195068359375 8 -347.18490600585938
v 162.06195068359375 8 -345.77587890625
v 163.8914794921875 8 -345.77484130859375
v 163.8914794921875 8 -347.18490600585938
v 163.80340576171875 8 -347.18490600585938
v 163.80340576171875 8 -351.55868530273438
v 163.8914794921875 8 -351.55868530273438
v 163.88966369628906 8 -352.4764404296875
v 159.80052185058594 8 -352.4764404296875
v 159.80168151855469 8 -346.36297607421875
v 160.47683715820312 8 -346.36297607421875
v 160.47683715820312 8 -346.891357421875
v 160.59425354003906 8 -346.891357421875
v 160.59425354003906 8 -346.27490234375
v 159.80168151855469 8 -346.27490234375
v 159.80168151855469 8 -345.74655151367188
v 160.56489562988281 8 -345.74655151367188
v 160.56489562988281 8 -345.62911987304688
v 159.80168151855469 8 -345.62911987304688
v 159.80168151855469 8 -344.63107299804688
v 160.56489562988281 8 -344.63107299804688
v 160.56489562988281 8 -344.54302978515625
v 159.80168151855469 8 -344.54302978515625
v 159.80168151855469 8 -343.48626708984375
v 160.97584533691406 8 -343.48626708984375
v 160.97584533691406 8 -343.36883544921875
v 159.80168151855469 8 -343.36883544921875
v 159.80168151855469 8 -341.93048095703125
v 160.97584533691406 8 -341.93048095703125
v 160.97584533691406 8 -341.31405639648438
v 160.85842895507812 8 -341.31405639648438
v 160.85842895507812 8 -341.78372192382812
v 160.6529541015625 8 -341.78372192382812
v 160.6529541015625 8 -341.31405639648438
v 160.56489562988281 8 -341.31405639648438
v 160.56489562988281 8 -341.78372192382812
v 159.80168151855469 8 -341.78372192382812
v 161.79777526855469 8 -336.94027709960938
v 161.88583374023438 8 -336.94027709960938
v 161.88583374023438 8 -335.17901611328125
v 161.79777526855469 8 -335.17901611328125
v 161.79777526855469 8 -338.74026489257812
v 161.79777526855469 8 -343.48626708984375
v 161.88583374023438 8 -343.48626708984375
v 161.88583374023438 8 -338.74026489257812
v 159.87370300292969 8 -348.5040283203125
v 159.87370300292969 8 -351.58749389648438
v 160.82051086425781 8 -351.58749389648438
v 160.82051086425781 8 -348.5040283203125
f 5768 5770 5682
f 5768 5769 5770
f 5768 5682 5767
f 5755 5756 5757
f 5752 5753 5754 5751
f 5758 5754 5755
f 5760 5761 5762 5759
f 5764 5765 5766 5767
f 5771 5764 5767
f 5771 5763 5764
f 5763 5771 5775
f 5771 5767 5682
f 5771 5682 5774
f 5776 5763 5775
f 5758 5751 5754
f 5776 5759 5762
f 5747 5751 5758
f 5759 5776 5758
f 5776 5762 5763
f 5758 5755 5757
f 5776 5710 5758
f 5777 5710 5776
f 5774 5682 5773
f 5749 5750 5748
f 5714 5782 5747
f 5747 5748 5750
f 5745 5743 5744
f 5780 5742 5779
f 5743 5779 5742
f 5780 5781 5742
f 5782 5745 5746
f 5747 5782 5746
f 5779 5745 5782
f 5745 5779 5743
f 5747 5750 5751
f 5711 5714 5747
f 5714 5711 5712 5713
f 5714 5715 5782
f 5718 5715 5716 5717
f 5718 5719 5782
f 5715 5718 5782
f 5782 5724 5725
f 5724 5782 5719
f 5720 5724 5719
f 5781 5782 5725
f 5722 5720 5721
f 5781 5725 5726
f 5723 5724 5720
f 5729 5781 5726
f 5711 5747 5758
f 5710 5711 5758
f 5741 5742 5781
f 5771 5778 5775
f 5772 5684 5693
f 5694 5778 5772
f 5771 5772 5778
f 5772 5693 5694
f 5693 5684 5690
f 5692 5693 5690 5691
f 5684 5772 5773
f 5777 5778 5694
f 5698 5777 5695
f 5694 5695 5777
f 5699 5777 5698
f 5699 5705 5706
f 5777 5699 5706
f 5706 5707 5777
f 5686 5689 5690
f 5689 5686 5687
f 5684 5686 5690
f 5686 5684 5685
f 5773 5683 5684
f 5689 5687 5688
f 5705 5699 5700
f 5697 5698 5695 5696
f 5701 5705 5700
f 5683 5773 5682
f 5702 5703 5701
f 5709 5710 5707 5708
f 5722 5723 5720
f 5734 5735 5733
f 5731 5732 5733
f 5728 5729 5726 5727
f 5781 5729 5741
f 5705 5701 5704
f 5701 5703 5704
f 5733 5736 5738
f 5735 5736 5733
f 5730 5731 5738
f 5738 5731 5733
f 5739 5730 5738
f 5739 5740 5741
f 5730 5739 5741
f 5737 5738 5736
f 5729 5730 5741
f 5710 5777 5707
g object_64
v 155.55979919433594 8 -352.4764404296875
v 155.56161499023438 8 -351.55868530273438
v 155.64967346191406 8 -351.55868530273438
v 155.64967346191406 8 -347.18490600585938
v 155.56161499023438 8 -347.18490600585938
v 155.56161499023438 8 -345.77484130859375
v 157.39112854003906 8 -345.77587890625
v 157.39112854003906 8 -347.18490600585938
v 156.74533081054688 8 -347.18490600585938
v 156.74533081054688 8 -348.8287353515625
v 156.59855651855469 8 -348.8287353515625
v 156.59855651855469 8 -348.94613647460938
v 156.83338928222656 8 -348.94613647460938
v 156.83338928222656 8 -348.47647094726562
v 157.65531921386719 8 -348.47647094726562
v 157.65531921386719 8 -348.94613647460938
v 157.77273559570312 8 -348.94613647460938
v 157.77273559570312 8 -348.35906982421875
v 156.83338928222656 8 -348.35906982421875
v 156.83338928222656 8 -347.30230712890625
v 157.65531921386719 8 -347.30230712890625
v 157.65531921386719 8 -347.80133056640625
v 157.77273559570312 8 -347.80133056640625
v 157.77273559570312 8 -347.18490600585938
v 157.508544921875 8 -347.18490600585938
v 157.508544921875 8 -346.53909301757812
v 157.77273559570312 8 -346.53909301757812
v 157.77273559570312 8 -346.42169189453125
v 157.508544921875 8 -346.42169189453125
v 157.508544921875 8 -345.77587890625
v 157.77273559570312 8 -345.77587890625
v 157.77273559570312 8 -345.65847778320312
v 155.56161499023438 8 -345.65847778320312
v 155.56161499023438 8 -344.98123168945312
v 156.71432495117188 8 -344.98123168945312
v 156.71432495117188 8 -344.009765625
v 156.62626647949219 8 -344.009765625
v 156.62626647949219 8 -344.89315795898438
v 155.56161499023438 8 -344.89315795898438
v 155.56161499023438 8 -343.66238403320312
v 155.64967346191406 8 -343.66238403320312
v 155.64967346191406 8 -343.48626708984375
v 156.71597290039062 8 -343.48626708984375
v 156.71597290039062 8 -343.36883544921875
v 155.64967346191406 8 -343.36883544921875
v 155.64967346191406 8 -341.93048095703125
v 156.74533081054688 8 -341.93048095703125
v 156.74533081054688 8 -341.31405639648438
v 156.65727233886719 8 -341.31405639648438
v 156.65727233886719 8 -341.78372192382812
v 156.42243957519531 8 -341.78372192382812
v 156.42243957519531 8 -341.31405639648438
v 156.33438110351562 8 -341.31405639648438
v 156.33438110351562 8 -341.78372192382812
v 155.64967346191406 8 -341.78372192382812
v 155.64967346191406 8 -339.28860473632812
v 155.56161499023438 8 -339.28860473632812
v 155.56161499023438 8 -333.37527465820312
v 159.68966674804688 8 -333.37527465820312
v 159.69099426269531 8 -341.78372192382812
v 158.95713806152344 8 -341.78372192382812
v 158.95713806152344 8 -341.31405639648438
v 158.8397216796875 8 -341.31405639648438
v 158.8397216796875 8 -341.78372192382812
v 158.63424682617188 8 -341.78372192382812
v 158.63424682617188 8 -341.31405639648438
v 158.48747253417969 8 -341.31405639648438
v 158.48747253417969 8 -341.93048095703125
v 159.69099426269531 8 -341.93048095703125
v 159.69099426269531 8 -343.36883544921875
v 158.48747253417969 8 -343.36883544921875
v 158.48747253417969 8 -343.48626708984375
v 159.69099426269531 8 -343.48626708984375
v 159.69099426269531 8 -344.54302978515625
v 158.8984375 8 -344.54302978515625
v 158.8984375 8 -344.63107299804688
v 159.69099426269531 8 -344.63107299804688
v 159.69099426269531 8 -345.62911987304688
v 158.8984375 8 -345.62911987304688
v 158.8984375 8 -345.74655151367188
v 159.69099426269531 8 -345.74655151367188
v 159.69099426269531 8 -346.27490234375
v 158.8984375 8 -346.27490234375
v 158.8984375 8 -346.891357421875
v 159.01585388183594 8 -346.891357421875
v 159.01585388183594 8 -346.36297607421875
v 159.69099426269531 8 -346.36297607421875
v 159.68852233886719 8 -352.4764404296875
v 157.57685852050781 8 -336.94027709960938
v 157.6649169921875 8 -336.94027709960938
v 157.6649169921875 8 -335.17901611328125
v 157.57685852050781 8 -335.17901611328125
v 157.57685852050781 8 -338.74026489257812
v 157.57685852050781 8 -343.48626708984375
v 157.6649169921875 8 -343.48626708984375
v 157.6649169921875 8 -338.74026489257812
v 159.65089416503906 8 -348.5040283203125
v 158.7041015625 8 -348.5040283203125
v 158.7041015625 8 -351.58749389648438
v 159.65089416503906 8 -351.58749389648438
f 5838 5839 5840
f 5834 5835 5838
f 5836 5837 5835
f 5838 5835 5837
f 5826 5827 5828 5829
f 5819 5823 5824
f 5823 5821 5822
f 5840 5874 5838
f 5834 5831 5832 5833
f 5871 5831 5834
f 5871 5830 5831
f 5838 5871 5834
f 5875 5871 5872 5878
f 5830 5871 5875
f 5871 5838 5874
f 5876 5830 5875
f 5825 5818 5819
f 5876 5826 5829
f 5818 5825 5876
f 5826 5876 5825
f 5876 5829 5830
f 5824 5825 5819
f 5876 5814 5817
f 5874 5840 5873
f 5819 5820 5823
f 5821 5823 5820
f 5786 5787 5788
f 5815 5816 5817
f 5817 5814 5815
f 5785 5783 5784
f 5794 5783 5785
f 5794 5786 5793
f 5786 5791 5793
f 5785 5786 5794
f 5795 5783 5794
f 5791 5786 5788
f 5788 5789 5791
f 5818 5876 5817
f 5791 5789 5790
f 5810 5811 5812 5813
f 5791 5792 5793
f 5796 5797 5798 5795
f 5783 5795 5881
f 5801 5802 5804
f 5807 5808 5809 5806
f 5841 5845 5872
f 5849 5878 5872
f 5872 5848 5849
f 5872 5845 5848
f 5848 5845 5846 5847
f 5841 5872 5873
f 5877 5878 5849
f 5853 5877 5850
f 5849 5850 5877
f 5854 5877 5853
f 5853 5850 5851 5852
f 5854 5814 5877
f 5877 5814 5876
f 5842 5843 5844
f 5845 5841 5844
f 5841 5842 5844
f 5854 5857 5858
f 5858 5859 5860 5861
f 5854 5858 5861
f 5857 5855 5856
f 5857 5854 5855
f 5841 5873 5840
f 5861 5862 5854
f 5809 5810 5865
f 5813 5865 5810
f 5880 5806 5809
f 5814 5854 5813
f 5804 5800 5801
f 5804 5805 5800
f 5880 5800 5805
f 5880 5799 5800
f 5881 5798 5799
f 5805 5806 5880
f 5804 5802 5803
f 5862 5863 5865
f 5809 5865 5880
f 5813 5854 5862
f 5867 5868 5869
f 5865 5866 5880
f 5866 5867 5880
f 5799 5880 5881
f 5869 5879 5867
f 5882 5870 5881
f 5879 5870 5882
f 5870 5879 5869
f 5879 5880 5867
f 5783 5881 5870
f 5862 5865 5813
f 5865 5863 5864
f 5795 5798 5881
g object_65
v 180.94587707519531 8 -352.4764404296875
v 180.94767761230469 8 -351.55868530273438
v 181.03573608398438 8 -351.55868530273438
v 181.03573608398438 8 -347.18490600585938
v 180.94767761230469 8 -347.18490600585938
v 180.94767761230469 8 -345.77484130859375
v 182.77719116210938 8 -345.77587890625
v 182.77719116210938 8 -347.18490600585938
v 182.13139343261719 8 -347.18490600585938
v 182.13139343261719 8 -348.8287353515625
v 181.98463439941406 8 -348.8287353515625
v 181.98463439941406 8 -348.94613647460938
v 182.21946716308594 8 -348.94613647460938
v 182.21946716308594 8 -348.47647094726562
v 183.0413818359375 8 -348.47647094726562
v 183.0413818359375 8 -348.94613647460938
v 183.15879821777344 8 -348.94613647460938
v 183.15879821777344 8 -348.35906982421875
v 182.21946716308594 8 -348.35906982421875
v 182.21946716308594 8 -347.30230712890625
v 183.0413818359375 8 -347.30230712890625
v 183.0413818359375 8 -347.80133056640625
v 183.15879821777344 8 -347.80133056640625
v 183.15879821777344 8 -347.18490600585938
v 182.89460754394531 8 -347.18490600585938
v 182.89460754394531 8 -346.53909301757812
v 183.15879821777344 8 -346.53909301757812
v 183.15879821777344 8 -346.42169189453125
v 182.89460754394531 8 -346.42169189453125
v 182.89460754394531 8 -345.77587890625
v 183.15879821777344 8 -345.77587890625
v 183.15879821777344 8 -345.65847778320312
v 180.94767761230469 8 -345.65847778320312
v 180.94767761230469 8 -344.98123168945312
v 182.10038757324219 8 -344.98123168945312
v 182.10038757324219 8 -344.009765625
v 182.0123291015625 8 -344.009765625
v 182.0123291015625 8 -344.89315795898438
v 180.94767761230469 8 -344.89315795898438
v 180.94767761230469 8 -343.66238403320312
v 181.03573608398438 8 -343.66238403320312
v 181.03573608398438 8 -343.48626708984375
v 182.10205078125 8 -343.48626708984375
v 182.10205078125 8 -343.36883544921875
v 181.03573608398438 8 -343.36883544921875
v 181.03573608398438 8 -341.93048095703125
v 182.13139343261719 8 -341.93048095703125
v 182.13139343261719 8 -341.31405639648438
v 182.0433349609375 8 -341.31405639648438
v 182.0433349609375 8 -341.78372192382812
v 181.80850219726562 8 -341.78372192382812
v 181.80850219726562 8 -341.31405639648438
v 181.72044372558594 8 -341.31405639648438
v 181.72044372558594 8 -341.78372192382812
v 181.03573608398438 8 -341.78372192382812
v 181.03573608398438 8 -339.28860473632812
v 180.94767761230469 8 -339.28860473632812
v 180.94767761230469 8 -333.37527465820312
v 185.07572937011719 8 -333.37527465820312
v 185.07705688476562 8 -341.78372192382812
v 184.34320068359375 8 -341.78372192382812
v 184.34320068359375 8 -341.31405639648438
v 184.22578430175781 8 -341.31405639648438
v 184.22578430175781 8 -341.78372192382812
v 184.02030944824219 8 -341.78372192382812
v 184.02030944824219 8 -341.31405639648438
v 183.87353515625 8 -341.31405639648438
v 183.87353515625 8 -341.93048095703125
v 185.07705688476562 8 -341.93048095703125
v 185.07705688476562 8 -343.36883544921875
v 183.87353515625 8 -343.36883544921875
v 183.87353515625 8 -343.48626708984375
v 185.07705688476562 8 -343.48626708984375
v 185.07705688476562 8 -344.54302978515625
v 184.28450012207031 8 -344.54302978515625
v 184.28450012207031 8 -344.63107299804688
v 185.07705688476562 8 -344.63107299804688
v 185.07705688476562 8 -345.62911987304688
v 184.28450012207031 8 -345.62911987304688
v 184.28450012207031 8 -345.74655151367188
v 185.07705688476562 8 -345.74655151367188
v 185.07705688476562 8 -346.27490234375
v 184.28450012207031 8 -346.27490234375
v 184.28450012207031 8 -346.891357421875
v 184.40191650390625 8 -346.891357421875
v 184.40191650390625 8 -346.36297607421875
v 185.07705688476562 8 -346.36297607421875
v 185.07460021972656 8 -352.4764404296875
v 182.96292114257812 8 -338.74026489257812
v 182.96292114257812 8 -343.48626708984375
v 183.05097961425781 8 -343.48626708984375
v 183.05097961425781 8 -338.74026489257812
v 182.96292114257812 8 -336.94027709960938
v 183.05097961425781 8 -336.94027709960938
v 183.05097961425781 8 -335.17901611328125
v 182.96292114257812 8 -335.17901611328125
v 185.01692199707031 8 -348.5040283203125
v 184.07011413574219 8 -348.5040283203125
v 184.07011413574219 8 -351.58749389648438
v 185.01692199707031 8 -351.58749389648438
f 5938 5939 5940
f 5934 5935 5938
f 5936 5937 5935
f 5938 5935 5937
f 5926 5927 5928 5929
f 5919 5923 5924
f 5923 5921 5922
f 5940 5978 5938
f 5934 5931 5932 5933
f 5975 5931 5934
f 5975 5930 5931
f 5938 5975 5934
f 5971 5975 5976 5974
f 5930 5975 5971
f 5975 5938 5978
f 5972 5930 5971
f 5925 5918 5919
f 5972 5926 5929
f 5918 5925 5972
f 5926 5972 5925
f 5972 5929 5930
f 5924 5925 5919
f 5972 5914 5917
f 5978 5940 5977
f 5919 5920 5923
f 5921 5923 5920
f 5886 5887 5888
f 5915 5916 5917
f 5917 5914 5915
f 5885 5883 5884
f 5894 5883 5885
f 5894 5886 5893
f 5886 5891 5893
f 5885 5886 5894
f 5895 5883 5894
f 5891 5886 5888
f 5888 5889 5891
f 5918 5972 5917
f 5891 5889 5890
f 5910 5911 5912 5913
f 5891 5892 5893
f 5896 5897 5898 5895
f 5883 5895 5981
f 5901 5902 5904
f 5907 5908 5909 5906
f 5941 5945 5976
f 5949 5974 5976
f 5976 5948 5949
f 5976 5945 5948
f 5948 5945 5946 5947
f 5941 5976 5977
f 5973 5974 5949
f 5953 5973 5950
f 5949 5950 5973
f 5954 5973 5953
f 5953 5950 5951 5952
f 5954 5914 5973
f 5973 5914 5972
f 5942 5943 5944
f 5945 5941 5944
f 5941 5942 5944
f 5954 5957 5958
f 5958 5959 5960 5961
f 5954 5958 5961
f 5957 5955 5956
f 5957 5954 5955
f 5941 5977 5940
f 5961 5962 5954
f 5909 5910 5980
f 5913 5965 5910
f 5980 5906 5909
f 5914 5954 5913
f 5904 5900 5901
f 5904 5905 5900
f 5980 5900 5905
f 5980 5899 5900
f 5981 5898 5899
f 5905 5906 5980
f 5904 5902 5903
f 5965 5962 5964
f 5910 5965 5980
f 5913 5954 5962
f 5967 5968 5969
f 5965 5966 5980
f 5966 5967 5980
f 5899 5980 5981
f 5969 5979 5967
f 5982 5970 5981
f 5979 5970 5982
f 5970 5979 5969
f 5979 5980 5967
f 5883 5981 5970
f 5962 5965 5913
f 5964 5962 5963
f 5895 5898 5981
g object_66
v 185.187744140625 8 -333.37527465820312
v 189.27754211425781 8 -333.37527465820312
v 189.27754211425781 8 -335.38449096679688
v 189.27754211425781 8 -339.28860473632812
v 189.18948364257812 8 -339.28860473632812
v 189.18948364257812 8 -341.78372192382812
v 188.50477600097656 8 -341.78372192382812
v 188.50477600097656 8 -341.31405639648438
v 188.41671752929688 8 -341.31405639648438
v 188.41671752929688 8 -341.78372192382812
v 188.181884765625 8 -341.78372192382812
v 188.181884765625 8 -341.31405639648438
v 188.09381103515625 8 -341.31405639648438
v 188.09381103515625 8 -341.93048095703125
v 189.18948364257812 8 -341.93048095703125
v 189.18948364257812 8 -343.36883544921875
v 188.1231689453125 8 -343.36883544921875
v 188.1231689453125 8 -343.48626708984375
v 189.18948364257812 8 -343.48626708984375
v 189.18948364257812 8 -343.66238403320312
v 189.27754211425781 8 -343.66238403320312
v 189.27754211425781 8 -344.89315795898438
v 188.212890625 8 -344.89315795898438
v 188.212890625 8 -344.009765625
v 188.12483215332031 8 -344.009765625
v 188.12483215332031 8 -344.98123168945312
v 189.27754211425781 8 -344.98123168945312
v 189.27754211425781 8 -345.65847778320312
v 187.06642150878906 8 -345.65847778320312
v 187.06642150878906 8 -345.77587890625
v 187.33061218261719 8 -345.77587890625
v 187.33061218261719 8 -346.42169189453125
v 187.06642150878906 8 -346.42169189453125
v 187.06642150878906 8 -346.53909301757812
v 187.33061218261719 8 -346.53909301757812
v 187.33061218261719 8 -347.18490600585938
v 187.06642150878906 8 -347.18490600585938
v 187.06642150878906 8 -347.80133056640625
v 187.183837890625 8 -347.80133056640625
v 187.183837890625 8 -347.30230712890625
v 188.00575256347656 8 -347.30230712890625
v 188.00575256347656 8 -348.35906982421875
v 187.06642150878906 8 -348.35906982421875
v 187.06642150878906 8 -348.94613647460938
v 187.183837890625 8 -348.94613647460938
v 187.183837890625 8 -348.47647094726562
v 188.00575256347656 8 -348.47647094726562
v 188.00575256347656 8 -348.94613647460938
v 188.24058532714844 8 -348.94613647460938
v 188.24058532714844 8 -348.8287353515625
v 188.09381103515625 8 -348.8287353515625
v 188.09381103515625 8 -347.18490600585938
v 187.44802856445312 8 -347.18490600585938
v 187.44802856445312 8 -345.77587890625
v 189.27754211425781 8 -345.77484130859375
v 189.27754211425781 8 -347.18490600585938
v 189.18948364257812 8 -347.18490600585938
v 189.18948364257812 8 -351.55868530273438
v 189.27754211425781 8 -351.55868530273438
v 189.27574157714844 8 -352.4764404296875
v 185.18658447265625 8 -352.4764404296875
v 185.187744140625 8 -346.36297607421875
v 185.86289978027344 8 -346.36297607421875
v 185.86289978027344 8 -346.891357421875
v 185.98031616210938 8 -346.891357421875
v 185.98031616210938 8 -346.27490234375
v 185.187744140625 8 -346.27490234375
v 185.187744140625 8 -345.74655151367188
v 185.95095825195312 8 -345.74655151367188
v 185.95095825195312 8 -345.62911987304688
v 185.187744140625 8 -345.62911987304688
v 185.187744140625 8 -344.63107299804688
v 185.95095825195312 8 -344.63107299804688
v 185.95095825195312 8 -344.54302978515625
v 185.187744140625 8 -344.54302978515625
v 185.187744140625 8 -343.48626708984375
v 186.36192321777344 8 -343.48626708984375
v 186.36192321777344 8 -343.36883544921875
v 185.187744140625 8 -343.36883544921875
v 185.187744140625 8 -341.93048095703125
v 186.36192321777344 8 -341.93048095703125
v 186.36192321777344 8 -341.31405639648438
v 186.2445068359375 8 -341.31405639648438
v 186.2445068359375 8 -341.78372192382812
v 186.03901672363281 8 -341.78372192382812
v 186.03901672363281 8 -341.31405639648438
v 185.95095825195312 8 -341.31405639648438
v 185.95095825195312 8 -341.78372192382812
v 185.187744140625 8 -341.78372192382812
v 187.183837890625 8 -336.94027709960938
v 187.27189636230469 8 -336.94027709960938
v 187.27189636230469 8 -335.17901611328125
v 187.183837890625 8 -335.17901611328125
v 187.183837890625 8 -338.74026489257812
v 187.183837890625 8 -343.48626708984375
v 187.27189636230469 8 -343.48626708984375
v 187.27189636230469 8 -338.74026489257812
v 185.23973083496094 8 -348.5040283203125
v 185.23973083496094 8 -351.58749389648438
v 186.18653869628906 8 -351.58749389648438
v 186.18653869628906 8 -348.5040283203125
f 6069 6071 5983
f 6069 6070 6071
f 6069 5983 6068
f 6056 6057 6058
f 6053 6054 6055 6052
f 6059 6055 6056
f 6061 6062 6063 6060
f 6065 6066 6067 6068
f 6072 6065 6068
f 6072 6064 6065
f 6064 6072 6076
f 6072 6068 5983
f 6072 5983 6075
f 6077 6064 6076
f 6059 6052 6055
f 6077 6060 6063
f 6048 6052 6059
f 6060 6077 6059
f 6077 6063 6064
f 6059 6056 6058
f 6077 6011 6059
f 6078 6011 6077
f 6075 5983 6074
f 6050 6051 6049
f 6016 6083 6048
f 6048 6049 6051
f 6046 6044 6045
f 6081 6043 6080
f 6044 6080 6043
f 6081 6082 6043
f 6083 6046 6047
f 6048 6083 6047
f 6080 6046 6083
f 6046 6080 6044
f 6048 6051 6052
f 6012 6015 6048
f 6015 6012 6013 6014
f 6015 6016 6048
f 6019 6016 6017 6018
f 6019 6020 6083
f 6016 6019 6083
f 6083 6025 6026
f 6025 6083 6020
f 6021 6025 6020
f 6082 6083 6026
f 6023 6021 6022
f 6082 6026 6027
f 6024 6025 6021
f 6030 6082 6027
f 6012 6048 6059
f 6011 6012 6059
f 6042 6043 6082
f 6072 6079 6076
f 6073 5985 5994
f 5995 6079 6073
f 6072 6073 6079
f 6073 5994 5995
f 5994 5985 5991
f 5993 5994 5991 5992
f 5985 6073 6074
f 6078 6079 5995
f 5999 6078 5996
f 5995 5996 6078
f 6000 6078 5999
f 6000 6006 6007
f 6078 6000 6007
f 6007 6008 6078
f 5987 5990 5991
f 5990 5987 5988
f 5985 5987 5991
f 5987 5985 5986
f 6074 5984 5985
f 5990 5988 5989
f 6006 6000 6001
f 5998 5999 5996 5997
f 6002 6006 6001
f 5984 6074 5983
f 6003 6004 6002
f 6010 6011 6008 6009
f 6023 6024 6021
f 6035 6036 6034
f 6032 6033 6034
f 6029 6030 6027 6028
f 6082 6030 6042
f 6006 6002 6005
f 6002 6004 6005
f 6034 6037 6039
f 6036 6037 6034
f 6031 6032 6039
f 6039 6032 6034
f 6040 6031 6039
f 6040 6041 6042
f 6031 6040 6042
f 6038 6039 6037
f 6030 6031 6042
f 6011 6078 6008
g object_67
v 172.48384094238281 8 -352.4764404296875
v 172.48565673828125 8 -351.55868530273438
v 172.57371520996094 8 -351.55868530273438
v 172.57371520996094 8 -347.18490600585938
v 172.48565673828125 8 -347.18490600585938
v 172.48565673828125 8 -345.77484130859375
v 174.31517028808594 8 -345.77587890625
v 174.31517028808594 8 -347.18490600585938
v 173.66937255859375 8 -347.18490600585938
v 173.66937255859375 8 -348.8287353515625
v 173.52261352539062 8 -348.8287353515625
v 173.52261352539062 8 -348.94613647460938
v 173.7574462890625 8 -348.94613647460938
v 173.7574462890625 8 -348.47647094726562
v 174.57936096191406 8 -348.47647094726562
v 174.57936096191406 8 -348.94613647460938
v 174.69677734375 8 -348.94613647460938
v 174.69677734375 8 -348.35906982421875
v 173.7574462890625 8 -348.35906982421875
v 173.7574462890625 8 -347.30230712890625
v 174.57936096191406 8 -347.30230712890625
v 174.57936096191406 8 -347.80133056640625
v 174.69677734375 8 -347.80133056640625
v 174.69677734375 8 -347.18490600585938
v 174.43258666992188 8 -347.18490600585938
v 174.43258666992188 8 -346.53909301757812
v 174.69677734375 8 -346.53909301757812
v 174.69677734375 8 -346.42169189453125
v 174.43258666992188 8 -346.42169189453125
v 174.43258666992188 8 -345.77587890625
v 174.69677734375 8 -345.77587890625
v 174.69677734375 8 -345.65847778320312
v 172.48565673828125 8 -345.65847778320312
v 172.48565673828125 8 -344.98123168945312
v 173.63836669921875 8 -344.98123168945312
v 173.63836669921875 8 -344.009765625
v 173.55030822753906 8 -344.009765625
v 173.55030822753906 8 -344.89315795898438
v 172.48565673828125 8 -344.89315795898438
v 172.48565673828125 8 -343.66238403320312
v 172.57371520996094 8 -343.66238403320312
v 172.57371520996094 8 -343.48626708984375
v 173.64002990722656 8 -343.48626708984375
v 173.64002990722656 8 -343.36883544921875
v 172.57371520996094 8 -343.36883544921875
v 172.57371520996094 8 -341.93048095703125
v 173.66937255859375 8 -341.93048095703125
v 173.66937255859375 8 -341.31405639648438
v 173.58131408691406 8 -341.31405639648438
v 173.58131408691406 8 -341.78372192382812
v 173.34648132324219 8 -341.78372192382812
v 173.34648132324219 8 -341.31405639648438
v 173.2584228515625 8 -341.31405639648438
v 173.2584228515625 8 -341.78372192382812
v 172.57371520996094 8 -341.78372192382812
v 172.57371520996094 8 -339.28860473632812
v 172.48565673828125 8 -339.28860473632812
v 172.48565673828125 8 -333.37527465820312
v 176.61370849609375 8 -333.37527465820312
v 176.61503601074219 8 -341.78372192382812
v 175.88117980957031 8 -341.78372192382812
v 175.88117980957031 8 -341.31405639648438
v 175.76376342773438 8 -341.31405639648438
v 175.76376342773438 8 -341.78372192382812
v 175.55828857421875 8 -341.78372192382812
v 175.55828857421875 8 -341.31405639648438
v 175.41151428222656 8 -341.31405639648438
v 175.41151428222656 8 -341.93048095703125
v 176.61503601074219 8 -341.93048095703125
v 176.61503601074219 8 -343.36883544921875
v 175.41151428222656 8 -343.36883544921875
v 175.41151428222656 8 -343.48626708984375
v 176.61503601074219 8 -343.48626708984375
v 176.61503601074219 8 -344.54302978515625
v 175.82247924804688 8 -344.54302978515625
v 175.82247924804688 8 -344.63107299804688
v 176.61503601074219 8 -344.63107299804688
v 176.61503601074219 8 -345.62911987304688
v 175.82247924804688 8 -345.62911987304688
v 175.82247924804688 8 -345.74655151367188
v 176.61503601074219 8 -345.74655151367188
v 176.61503601074219 8 -346.27490234375
v 175.82247924804688 8 -346.27490234375
v 175.82247924804688 8 -346.891357421875
v 175.93989562988281 8 -346.891357421875
v 175.93989562988281 8 -346.36297607421875
v 176.61503601074219 8 -346.36297607421875
v 176.61256408691406 8 -352.4764404296875
v 174.50090026855469 8 -338.74026489257812
v 174.50090026855469 8 -343.48626708984375
v 174.58895874023438 8 -343.48626708984375
v 174.58895874023438 8 -338.74026489257812
v 174.50090026855469 8 -336.94027709960938
v 174.58895874023438 8 -336.94027709960938
v 174.58895874023438 8 -335.17901611328125
v 174.50090026855469 8 -335.17901611328125
v 176.56158447265625 8 -348.5040283203125
v 175.61477661132812 8 -348.5040283203125
v 175.61477661132812 8 -351.58749389648438
v 176.56158447265625 8 -351.58749389648438
f 6139 6140 6141
f 6135 6136 6139
f 6137 6138 6136
f 6139 6136 6138
f 6127 6128 6129 6130
f 6120 6124 6125
f 6124 6122 6123
f 6141 6179 6139
f 6135 6132 6133 6134
f 6176 6132 6135
f 6176 6131 6132
f 6139 6176 6135
f 6172 6176 6177 6175
f 6131 6176 6172
f 6176 6139 6179
f 6173 6131 6172
f 6126 6119 6120
f 6173 6127 6130
f 6119 6126 6173
f 6127 6173 6126
f 6173 6130 6131
f 6125 6126 6120
f 6173 6115 6118
f 6179 6141 6178
f 6120 6121 6124
f 6122 6124 6121
f 6087 6088 6089
f 6116 6117 6118
f 6118 6115 6116
f 6086 6084 6085
f 6095 6084 6086
f 6095 6087 6094
f 6087 6092 6094
f 6086 6087 6095
f 6096 6084 6095
f 6092 6087 6089
f 6089 6090 6092
f 6119 6173 6118
f 6092 6090 6091
f 6111 6112 6113 6114
f 6092 6093 6094
f 6097 6098 6099 6096
f 6084 6096 6182
f 6102 6103 6105
f 6108 6109 6110 6107
f 6142 6146 6177
f 6150 6175 6177
f 6177 6149 6150
f 6177 6146 6149
f 6149 6146 6147 6148
f 6142 6177 6178
f 6174 6175 6150
f 6154 6174 6151
f 6150 6151 6174
f 6155 6174 6154
f 6154 6151 6152 6153
f 6155 6115 6174
f 6174 6115 6173
f 6143 6144 6145
f 6146 6142 6145
f 6142 6143 6145
f 6155 6158 6159
f 6159 6160 6161 6162
f 6155 6159 6162
f 6158 6156 6157
f 6158 6155 6156
f 6142 6178 6141
f 6162 6163 6155
f 6110 6111 6181
f 6114 6166 6111
f 6181 6107 6110
f 6115 6155 6114
f 6105 6101 6102
f 6105 6106 6101
f 6181 6101 6106
f 6181 6100 6101
f 6182 6099 6100
f 6106 6107 6181
f 6105 6103 6104
f 6166 6163 6165
f 6111 6166 6181
f 6114 6155 6163
f 6168 6169 6170
f 6166 6167 6181
f 6167 6168 6181
f 6100 6181 6182
f 6170 6180 6168
f 6183 6171 6182
f 6180 6171 6183
f 6171 6180 6170
f 6180 6181 6168
f 6084 6182 6171
f 6163 6166 6114
f 6165 6163 6164
f 6096 6099 6182
g object_68
v 176.72572326660156 8 -333.37527465820312
v 180.81552124023438 8 -333.37527465820312
v 180.81552124023438 8 -335.38449096679688
v 180.81552124023438 8 -339.28860473632812
v 180.72746276855469 8 -339.28860473632812
v 180.72746276855469 8 -341.78372192382812
v 180.04275512695312 8 -341.78372192382812
v 180.04275512695312 8 -341.31405639648438
v 179.95469665527344 8 -341.31405639648438
v 179.95469665527344 8 -341.78372192382812
v 179.71986389160156 8 -341.78372192382812
v 179.71986389160156 8 -341.31405639648438
v 179.63179016113281 8 -341.31405639648438
v 179.63179016113281 8 -341.93048095703125
v 180.72746276855469 8 -341.93048095703125
v 180.72746276855469 8 -343.36883544921875
v 179.66114807128906 8 -343.36883544921875
v 179.66114807128906 8 -343.48626708984375
v 180.72746276855469 8 -343.48626708984375
v 180.72746276855469 8 -343.66238403320312
v 180.81552124023438 8 -343.66238403320312
v 180.81552124023438 8 -344.89315795898438
v 179.75086975097656 8 -344.89315795898438
v 179.75086975097656 8 -344.009765625
v 179.66281127929688 8 -344.009765625
v 179.66281127929688 8 -344.98123168945312
v 180.81552124023438 8 -344.98123168945312
v 180.81552124023438 8 -345.65847778320312
v 178.60440063476562 8 -345.65847778320312
v 178.60440063476562 8 -345.77587890625
v 178.86859130859375 8 -345.77587890625
v 178.86859130859375 8 -346.42169189453125
v 178.60440063476562 8 -346.42169189453125
v 178.60440063476562 8 -346.53909301757812
v 178.86859130859375 8 -346.53909301757812
v 178.86859130859375 8 -347.18490600585938
v 178.60440063476562 8 -347.18490600585938
v 178.60440063476562 8 -347.80133056640625
v 178.72181701660156 8 -347.80133056640625
v 178.72181701660156 8 -347.30230712890625
v 179.54373168945312 8 -347.30230712890625
v 179.54373168945312 8 -348.35906982421875
v 178.60440063476562 8 -348.35906982421875
v 178.60440063476562 8 -348.94613647460938
v 178.72181701660156 8 -348.94613647460938
v 178.72181701660156 8 -348.47647094726562
v 179.54373168945312 8 -348.47647094726562
v 179.54373168945312 8 -348.94613647460938
v 179.778564453125 8 -348.94613647460938
v 179.778564453125 8 -348.8287353515625
v 179.63179016113281 8 -348.8287353515625
v 179.63179016113281 8 -347.18490600585938
v 178.98600769042969 8 -347.18490600585938
v 178.98600769042969 8 -345.77587890625
v 180.81552124023438 8 -345.77484130859375
v 180.81552124023438 8 -347.18490600585938
v 180.72746276855469 8 -347.18490600585938
v 180.72746276855469 8 -351.55868530273438
v 180.81552124023438 8 -351.55868530273438
v 180.813720703125 8 -352.4764404296875
v 176.72456359863281 8 -352.4764404296875
v 176.72572326660156 8 -346.36297607421875
v 177.40087890625 8 -346.36297607421875
v 177.40087890625 8 -346.891357421875
v 177.51829528808594 8 -346.891357421875
v 177.51829528808594 8 -346.27490234375
v 176.72572326660156 8 -346.27490234375
v 176.72572326660156 8 -345.74655151367188
v 177.48893737792969 8 -345.74655151367188
v 177.48893737792969 8 -345.62911987304688
v 176.72572326660156 8 -345.62911987304688
v 176.72572326660156 8 -344.63107299804688
v 177.48893737792969 8 -344.63107299804688
v 177.48893737792969 8 -344.54302978515625
v 176.72572326660156 8 -344.54302978515625
v 176.72572326660156 8 -343.48626708984375
v 177.89990234375 8 -343.48626708984375
v 177.89990234375 8 -343.36883544921875
v 176.72572326660156 8 -343.36883544921875
v 176.72572326660156 8 -341.93048095703125
v 177.89990234375 8 -341.93048095703125
v 177.89990234375 8 -341.31405639648438
v 177.78248596191406 8 -341.31405639648438
v 177.78248596191406 8 -341.78372192382812
v 177.57699584960938 8 -341.78372192382812
v 177.57699584960938 8 -341.31405639648438
v 177.48893737792969 8 -341.31405639648438
v 177.48893737792969 8 -341.78372192382812
v 176.72572326660156 8 -341.78372192382812
v 178.72181701660156 8 -336.94027709960938
v 178.80987548828125 8 -336.94027709960938
v 178.80987548828125 8 -335.17901611328125
v 178.72181701660156 8 -335.17901611328125
v 178.72181701660156 8 -338.74026489257812
v 178.72181701660156 8 -343.48626708984375
v 178.80987548828125 8 -343.48626708984375
v 178.80987548828125 8 -338.74026489257812
v 176.78439331054688 8 -348.5040283203125
v 176.78439331054688 8 -351.58749389648438
v 177.73118591308594 8 -351.58749389648438
v 177.73118591308594 8 -348.5040283203125
f 6270 6272 6184
f 6270 6271 6272
f 6270 6184 6269
f 6257 6258 6259
f 6254 6255 6256 6253
f 6260 6256 6257
f 6262 6263 6264 6261
f 6266 6267 6268 6269
f 6273 6266 6269
f 6273 6265 6266
f 6265 6273 6277
f 6273 6269 6184
f 6273 6184 6276
f 6278 6265 6277
f 6260 6253 6256
f 6278 6261 6264
f 6249 6253 6260
f 6261 6278 6260
f 6278 6264 6265
f 6260 6257 6259
f 6278 6212 6260
f 6279 6212 6278
f 6276 6184 6275
f 6251 6252 6250
f 6217 6284 6249
f 6249 6250 6252
f 6247 6245 6246
f 6282 6244 6281
f 6245 6281 6244
f 6282 6283 6244
f 6284 6247 6248
f 6249 6284 6248
f 6281 6247 6284
f 6247 6281 6245
f 6249 6252 6253
f 6213 6216 6249
f 6216 6213 6214 6215
f 6216 6217 6249
f 6220 6217 6218 6219
f 6220 6221 6284
f 6217 6220 6284
f 6284 6226 6227
f 6226 6284 6221
f 6222 6226 6221
f 6283 6284 6227
f 6224 6222 6223
f 6283 6227 6228
f 6225 6226 6222
f 6231 6283 6228
f 6213 6249 6260
f 6212 6213 6260
f 6243 6244 6283
f 6273 6280 6277
f 6274 6186 6195
f 6196 6280 6274
f 6273 6274 6280
f 6274 6195 6196
f 6195 6186 6192
f 6194 6195 6192 6193
f 6186 6274 6275
f 6279 6280 6196
f 6200 6279 6197
f 6196 6197 6279
f 6201 6279 6200
f 6201 6207 6208
f 6279 6201 6208
f 6208 6209 6279
f 6188 6191 6192
f 6191 6188 6189
f 6186 6188 6192
f 6188 6186 6187
f 6275 6185 6186
f 6191 6189 6190
f 6207 6201 6202
f 6199 6200 6197 6198
f 6203 6207 6202
f 6185 6275 6184
f 6204 6205 6203
f 6211 6212 6209 6210
f 6224 6225 6222
f 6236 6237 6235
f 6233 6234 6235
f 6230 6231 6228 6229
f 6283 6231 6243
f 6207 6203 6206
f 6203 6205 6206
f 6235 6238 6240
f 6237 6238 6235
f 6232 6233 6240
f 6240 6233 6235
f 6241 6232 6240
f 6241 6242 6243
f 6232 6241 6243
f 6239 6240 6238
f 6231 6232 6243
f 6212 6279 6209
g object_69
v 189.32122802734375 8 -352.47805786132812
v 189.34829711914062 8 -333.37527465820312
v 197.63427734375 8 -333.37527465820312
v 197.63215637207031 8 -339.27545166015625
v 197.54409790039062 8 -339.27545166015625
v 197.54409790039062 8 -343.64923095703125
v 197.64004516601562 8 -343.64923095703125
v 197.64112854003906 8 -345.05825805664062
v 193.50872802734375 8 -345.05825805664062
v 193.50572204589844 8 -352.47805786132812
v 193.46809387207031 8 -348.50564575195312
v 192.52130126953125 8 -348.50564575195312
v 192.52130126953125 8 -351.589111328125
v 193.46809387207031 8 -351.589111328125
v 193.65414428710938 8 -335.57763671875
v 193.65414428710938 8 -335.2642822265625
v 193.34080505371094 8 -335.2642822265625
v 193.34080505371094 8 -335.57763671875
v 193.5576171875 8 -343.64923095703125
v 193.5576171875 8 -339.27545166015625
v 193.44020080566406 8 -339.27545166015625
v 193.44020080566406 8 -343.64923095703125
f 6302 6286 6301
f 6287 6301 6286
f 6286 6305 6306
f 6302 6299 6304 6305
f 6306 6293 6296
f 6302 6305 6286
f 6296 6286 6306
f 6297 6285 6296
f 6286 6296 6285
f 6294 6285 6297
f 6295 6294 6298
f 6293 6294 6295
f 6297 6298 6294
f 6293 6295 6296
f 6287 6299 6300
f 6288 6289 6287
f 6299 6287 6289
f 6287 6300 6301
f 6304 6299 6289
f 6293 6306 6303
f 6290 6303 6304
f 6290 6293 6303
f 6292 6290 6291
f 6289 6290 6304
f 6293 6290 6292
g object_70
v 142.87788391113281 8 -345.05908203125
v 138.63401794433594 8 -345.05679321289062
v 138.640625 8 -333.37850952148438
v 146.96743774414062 8 -333.37850952148438
v 146.96743774414062 8 -335.38449096679688
v 146.96743774414062 8 -339.28860473632812
v 146.87936401367188 8 -339.28860473632812
v 146.87936401367188 8 -343.66238403320312
v 146.96743774414062 8 -343.66238403320312
v 146.96743774414062 8 -347.18490600585938
v 146.87936401367188 8 -347.18490600585938
v 146.87936401367188 8 -351.55868530273438
v 146.96743774414062 8 -351.55868530273438
v 146.96562194824219 8 -352.4764404296875
v 142.87648010253906 8 -352.4764404296875
v 142.94966125488281 8 -348.5040283203125
v 142.94966125488281 8 -351.58749389648438
v 143.89646911621094 8 -351.58749389648438
v 143.89646911621094 8 -348.5040283203125
v 142.96688842773438 8 -335.58087158203125
v 142.96688842773438 8 -335.26751708984375
v 142.65354919433594 8 -335.26751708984375
v 142.65354919433594 8 -335.58087158203125
v 142.870361328125 8 -343.65249633789062
v 142.870361328125 8 -339.27871704101562
v 142.75294494628906 8 -339.27871704101562
v 142.75294494628906 8 -343.65249633789062
f 6329 6309 6328
f 6310 6327 6328
f 6332 6309 6329
f 6331 6332 6326
f 6332 6329 6326
f 6313 6330 6331
f 6310 6328 6309
f 6308 6309 6332
f 6333 6307 6308
f 6332 6333 6308
f 6330 6307 6333
f 6323 6321 6322
f 6307 6325 6322
f 6324 6321 6323
f 6322 6321 6307
f 6330 6314 6307
f 6330 6313 6314
f 6311 6313 6326
f 6307 6314 6325
f 6327 6311 6326
f 6313 6311 6312
f 6311 6327 6310
f 6315 6316 6317 6314
f 6324 6325 6317 6318
f 6314 6317 6325
f 6318 6319 6320
f 6324 6318 6320
f 6321 6324 6320
f 6331 6326 6313
g object_71
v 197.79946899414062 8 -333.37527465820312
v 197.80158996582031 8 -339.27545166015625
v 197.88966369628906 8 -339.27545166015625
v 197.88966369628906 8 -343.64923095703125
v 197.793701171875 8 -343.64923095703125
v 197.79261779785156 8 -345.05825805664062
v 206.10202026367188 8 -345.0582275390625
v 206.08546447753906 8 -333.37527465820312
v 202.10531616210938 8 -335.57763671875
v 201.79197692871094 8 -335.57763671875
v 201.79197692871094 8 -335.2642822265625
v 202.10531616210938 8 -335.2642822265625
v 202.00880432128906 8 -343.64923095703125
v 201.89138793945312 8 -343.64923095703125
v 201.89138793945312 8 -339.27545166015625
v 202.00880432128906 8 -339.27545166015625
f 6337 6338 6339
f 6336 6337 6347 6348
f 6343 6334 6336
f 6335 6336 6334
f 6334 6343 6344
f 6348 6343 6336
f 6341 6334 6344
f 6347 6337 6339
f 6347 6340 6346
f 6340 6347 6339
f 6340 6349 6346
f 6341 6342 6349
f 6344 6345 6341
f 6342 6341 6345
f 6341 6349 6340
f 6349 6342 6348
f 6348 6342 6343
g object_72
v 258.90127563476562 8 -347.54306030273438
v 254.88253784179688 8 -347.54306030273438
v 254.88252258300781 8 -347.631103515625
v 250.50875854492188 8 -347.631103515625
v 250.50875854492188 8 -347.54306030273438
v 247.57231140136719 8 -347.54306030273438
v 247.57231140136719 8 -355.52627563476562
v 250.50875854492188 8 -355.52627563476562
v 250.50875854492188 8 -355.43820190429688
v 254.88252258300781 8 -355.43820190429688
v 254.88252258300781 8 -355.52627563476562
v 258.90127563476562 8 -355.52627563476562
v 258.90127563476562 8 -354.98135375976562
v 259.02127075195312 8 -354.98135375976562
v 259.02127075195312 8 -355.52627563476562
v 260.78271484375 8 -355.52627563476562
v 260.78271484375 8 -347.54306030273438
v 259.02127075195312 8 -347.54306030273438
v 259.02127075195312 8 -348.08795166015625
v 258.90127563476562 8 -348.08795166015625
v 254.88252258300781 8 -351.4912109375
v 250.50875854492188 8 -351.4912109375
v 250.50875854492188 8 -351.1778564453125
v 254.88252258300781 8 -351.1778564453125
f 6358 6356 6357
f 6371 6356 6358
f 6358 6359 6370 6371
f 6362 6370 6359
f 6355 6356 6371
f 6354 6355 6353
f 6372 6353 6355
f 6372 6373 6352 6353
f 6372 6355 6371
f 6361 6359 6360
f 6370 6362 6363
f 6361 6362 6359
f 6370 6363 6368
f 6363 6364 6365
f 6373 6370 6368
f 6365 6366 6363
f 6351 6352 6350
f 6350 6352 6369
f 6367 6368 6366
f 6363 6366 6368
f 6368 6369 6373
f 6373 6369 6352
g object_73
v 259.02127075195312 8 -346.86093139648438
v 259.02127075195312 8 -347.40719604492188
v 260.78271484375 8 -347.40582275390625
v 260.78271484375 8 -343.48281860351562
v 259.02127075195312 8 -343.48147583007812
v 259.02127075195312 8 -344.02774047851562
v 258.90127563476562 8 -344.02774047851562
v 258.90127563476562 8 -343.48138427734375
v 254.88253784179688 8 -343.47830200195312
v 254.88252258300781 8 -343.57089233398438
v 250.50875854492188 8 -343.57089233398438
v 250.50875854492188 8 -343.47494506835938
v 248.64633178710938 8 -343.4735107421875
v 247.57469177246094 8 -343.48281860351562
v 247.57231140136719 8 -347.40582275390625
v 250.50875854492188 8 -347.40582275390625
v 250.50875854492188 8 -347.31777954101562
v 254.88252258300781 8 -347.31777954101562
v 254.88253784179688 8 -347.41036987304688
v 258.90127563476562 8 -347.40728759765625
v 258.90127563476562 8 -346.86093139648438
f 6388 6389 6390 6391 6392 6393 6394 6374 6375 6376 6377 6378 6379 6380 6381 6382 6383 6384 6385 6386 6387
g object_74
v 259.02127075195312 8 -343.34561157226562
v 260.78271484375 8 -343.34561157226562
v 260.78988647460938 8 -335.26931762695312
v 259.0284423828125 8 -335.26931762695312
v 259.0284423828125 8 -335.814208984375
v 258.908447265625 8 -335.814208984375
v 258.908447265625 8 -335.26931762695312
v 254.88969421386719 8 -335.26931762695312
v 254.88969421386719 8 -335.35739135742188
v 250.51591491699219 8 -335.35739135742188
v 250.51591491699219 8 -335.26931762695312
v 247.58100891113281 8 -335.26931762695312
v 247.57479858398438 8 -343.34561157226562
v 248.64639282226562 8 -343.34561157226562
v 250.50875854492188 8 -343.34561157226562
v 250.50875854492188 8 -343.257568359375
v 254.88252258300781 8 -343.257568359375
v 254.88253784179688 8 -343.34561157226562
v 258.90127563476562 8 -343.34561157226562
v 258.90127563476562 8 -342.80072021484375
v 259.02127075195312 8 -342.80072021484375
v 254.88252258300781 8 -339.19732666015625
v 254.88252258300781 8 -339.51068115234375
v 250.50875854492188 8 -339.51068115234375
v 250.50875854492188 8 -339.19732666015625
f 6408 6418 6407
f 6409 6410 6408
f 6410 6411 6417 6418
f 6408 6410 6418
f 6419 6407 6418
f 6404 6405 6406
f 6407 6419 6406
f 6419 6404 6406
f 6419 6416 6403 6404
f 6415 6416 6417
f 6417 6411 6414
f 6411 6413 6414
f 6415 6417 6414
f 6415 6395 6396
f 6399 6415 6396
f 6415 6399 6416
f 6401 6402 6403
f 6400 6403 6416
f 6400 6401 6403
f 6399 6397 6398
f 6397 6399 6396
f 6400 6416 6399
f 6411 6412 6413
g object_75
v 204.32064819335938 8 -353.80926513671875
v 204.32064819335938 8 -350.79733276367188
v 206.10397338867188 8 -353.80926513671875
v 206.10397338867188 8 -350.79733276367188
f 6423 6421 6420 6422
g object_76
v 206.08924865722656 8 -350.70950317382812
v 206.09619140625 8 -347.69757080078125
v 204.32064819335938 8 -347.69757080078125
v 204.32064819335938 8 -350.70950317382812
f 6426 6427 6424 6425
g object_77
v 141.11958312988281 8 -348.965576171875
v 141.11958312988281 8 -347.5272216796875
v 142.64599609375 8 -348.965576171875
v 142.64599609375 8 -347.5272216796875
f 6431 6429 6428 6430
